"baseMean","log2FoldChange","lfcSE","stat","pvalue","padj","gene","symbol"
154.206084546975,-3.49014312405526,0.25212629474238,-13.8428366927038,1.40548683765273e-43,2.47653087134764e-42,"ENSG00000000005","TNMD"
3438.09179764379,-1.42807288836666,0.10118297622508,-14.1137663828937,3.12435478478937e-45,5.8678101818604e-44,"ENSG00000000971","CFH"
734.321836799937,-2.58818817289696,0.153394991138045,-16.8727032981655,7.14502912137659e-64,2.38051700420829e-62,"ENSG00000003096","KLHL13"
457.168147547843,-2.11674359443142,0.138502993581116,-15.2830169204373,9.92380880070482e-53,2.39280160866516e-51,"ENSG00000003137","CYP26B1"
1484.5712979516,-1.75298838713463,0.124659131331891,-14.0622541518238,6.47891556391654e-45,1.19847430373452e-43,"ENSG00000003436","TFPI"
400.234241892895,-4.50366727688305,0.168262615053357,-26.7657035726855,8.10675037875526e-158,2.47384974933863e-155,"ENSG00000004776","HSPB6"
5883.19950991833,-3.59725780899844,0.153873904315666,-23.37795888781,7.16285708045143e-121,1.06575305193922e-118,"ENSG00000004799","PDK4"
57.0888049066522,-3.54504556962045,0.198472160012348,-17.8616767681669,2.34487967968646e-71,9.91555034896544e-70,"ENSG00000004846","ABCB5"
5.31214432108346,-2.12033758508022,0.216020631052685,-9.81544019544637,9.66153833680998e-23,7.31254821037229e-22,"ENSG00000004939","SLC4A1"
35.9287917600815,-1.41946029406367,0.174791988012201,-8.12085445223379,4.62912918350063e-16,2.51310571310499e-15,"ENSG00000004948","CALCR"
1986.85001830789,-1.17607193263175,0.0810238044963028,-14.515140827353,9.71579498826245e-48,1.97573742736695e-46,"ENSG00000005020","SKAP2"
466.714634866098,-2.66671398606864,0.165498201178465,-16.1132505796421,2.05909143668424e-58,5.84079755663363e-57,"ENSG00000005102","MEOX1"
361.952993227414,-1.24415652898266,0.108516075909855,-11.4651817120276,1.97344929568673e-30,2.10950369826754e-29,"ENSG00000005108","THSD7A"
254.808751041587,-1.72424503459842,0.126312073391902,-13.6506747795097,2.00017821626966e-42,3.38258165695304e-41,"ENSG00000005187","ACSM3"
4586.57983557994,-2.48801524199353,0.116703575079106,-21.3191004672056,7.54955816489541e-101,7.0921437584341e-99,"ENSG00000005249","PRKAR2B"
16.942957163484,-1.03654961615798,0.147006445701241,-7.05104875649157,1.77574255010569e-12,7.8570212020284e-12,"ENSG00000005381","MPO"
4477.60596852478,-1.14646760972241,0.0764424798491786,-14.997781495111,7.59145911429309e-51,1.72536435562515e-49,"ENSG00000005810","MYCBP2"
16.6607286647618,-1.30255932867015,0.198473148707154,-6.56289950129258,5.2771416241335e-11,2.11536023437279e-10,"ENSG00000005981","ASB4"
42.262489646646,-1.45923391039193,0.243999797475811,-5.98047180976284,2.22492230251801e-09,7.94840261827143e-09,"ENSG00000006128","TAC1"
5630.51422659183,-2.3801039058568,0.141774074204008,-16.7880052768457,2.98717177724879e-63,9.72912303521343e-62,"ENSG00000006210","CX3CL1"
96.4775206390588,-1.11356835928352,0.165738507708307,-6.71882699247757,1.83193256571669e-11,7.56684966147829e-11,"ENSG00000006283","CACNA1G"
894.334024322401,-1.02725508015647,0.104890451664762,-9.79359954936281,1.19948025854635e-22,9.03712835146341e-22,"ENSG00000006468","ETV1"
61.7055213777853,-1.56887738726736,0.183302799202659,-8.55893851098699,1.13911448008963e-17,6.68647080875937e-17,"ENSG00000007174","DNAH9"
407.125031182665,-1.7856148474815,0.238227295420474,-7.49542509110834,6.60838376018924e-14,3.17624062952113e-13,"ENSG00000007216","SLC13A2"
2987.45772179599,-1.08447481305151,0.101653169282983,-10.6683817209136,1.43096821082799e-26,1.29086211600017e-25,"ENSG00000007237","GAS7"
249.138497038421,-3.59915162789578,0.152099156028161,-23.663192629612,8.63409325549786e-124,1.37886469290301e-121,"ENSG00000007314","SCN4A"
6.62175169795365,-1.23208332286196,0.205369920250071,-5.99933681311116,1.98125023611291e-09,7.10225954449455e-09,"ENSG00000007350","TKTL1"
678.014097384803,-1.5041305810611,0.166402466535151,-9.03911229430823,1.5794923464014e-19,1.01834851723982e-18,"ENSG00000007908","SELE"
783.718645485882,-1.67895050197156,0.0924762481881766,-18.1554781348301,1.16211756936242e-73,5.31777008100796e-72,"ENSG00000008311","AASS"
11016.0958104676,-1.17188299484795,0.121794658571806,-9.62179301284419,6.4693478719138e-22,4.69473578526795e-21,"ENSG00000008394","MGST1"
1869.03553437838,-1.00886483594981,0.0804643435164722,-12.5380360027828,4.62311436974131e-36,6.20777492865208e-35,"ENSG00000009413","REV3L"
92.6600308143361,-1.67759836153435,0.180531661875387,-9.29254372394979,1.50644220168147e-20,1.02533947837135e-19,"ENSG00000009694","TENM1"
76.0648982909405,-1.35017314009016,0.108026734810592,-12.4985092112381,7.60643192998982e-36,1.01369722883397e-34,"ENSG00000009724","MASP2"
333.790293745171,-3.53866401277152,0.164831309400267,-21.4683971488598,3.07440088490107e-102,2.99379159340671e-100,"ENSG00000009950","MLXIPL"
7.25414455664104,-2.76904128858177,0.244981713068261,-11.3030530071043,1.26733992778959e-29,1.31225969181758e-28,"ENSG00000010282","HHATL"
2243.00989595256,-2.85569681039953,0.117885320109523,-24.2243632010025,1.23212907074442e-129,2.24453626537511e-127,"ENSG00000010319","SEMA3G"
45921.7476413924,-1.98733748010669,0.119802433750603,-16.5884566606035,8.44630074084889e-62,2.62767706814331e-60,"ENSG00000011465","DCN"
2173.04393771544,-1.20951560541344,0.0471065989278336,-25.6761394994021,2.15955906731568e-145,5.12200370866802e-143,"ENSG00000011523","CEP68"
4784.38152824168,-1.05860448087856,0.0562148689213286,-18.8313964115091,4.1760248111244e-79,2.22550999667375e-77,"ENSG00000012822","CALCOCO1"
6.73020831186395,-2.56952148406484,0.218901382002729,-11.7382606749957,8.11379534251984e-32,9.17903033908207e-31,"ENSG00000013293","SLC7A14"
550.879244751855,-2.44463257299939,0.139785502883169,-17.4884556880165,1.75447469505246e-68,6.75698413504529e-67,"ENSG00000013297","CLDN11"
0.628724705473536,-1.42476509502648,0.445061958349612,-3.20127359415265,0.00136821551378123,0.00277853531982276,"ENSG00000016490","CLCA1"
40.4319003739999,-3.26453353691713,0.246355480388348,-13.2513128255601,4.43378658234591e-40,6.8767470106893e-39,"ENSG00000016602","CLCA4"
199.779609828482,-2.50241509635979,0.141696536917857,-17.6603828914355,8.46634066058554e-70,3.4345671553654e-68,"ENSG00000017427","IGF1"
2.38613438017064,-1.15294551853247,0.185432048465254,-6.21761733246725,5.0476069942971e-10,1.88989411610483e-09,"ENSG00000018607",NA
875.246462125163,-4.52600117958504,0.210453599689065,-21.5059337843211,1.37000543138228e-102,1.34226912510276e-100,"ENSG00000018625","ATP1A2"
4406.71492831661,-1.33157680332242,0.0717019138231783,-18.5710078339914,5.51578709155837e-77,2.77877349691442e-75,"ENSG00000019144","PHLDB1"
462.903006215613,-1.58049358709986,0.230861866988418,-6.8460573749893,7.59130429343804e-12,3.22000344133348e-11,"ENSG00000019169","MARCO"
662.047965580457,-1.04180487774963,0.0656675916631527,-15.8648254239878,1.11025773205808e-56,3.01373642735993e-55,"ENSG00000019485","PRDM11"
422.699792348656,-1.0019260067615,0.115117921801607,-8.70347545439715,3.21872034269099e-18,1.9458535219978e-17,"ENSG00000019991","HGF"
2101.79287826689,-1.4361910327135,0.0934494660484604,-15.3686381896365,2.65695262632731e-53,6.51123275331669e-52,"ENSG00000020181","ADGRA2"
1137.29266685516,-1.66876454652533,0.0931817277129866,-17.9087100817166,1.00845618892656e-71,4.31770652470702e-70,"ENSG00000020577","SAMD4A"
356.868511084068,-1.12331896713897,0.148809956589288,-7.54868150549428,4.39686634086847e-14,2.1360156802982e-13,"ENSG00000021826","CPS1"
9076.08245348114,-5.03083219277581,0.139508660517064,-36.0610744460589,9.24824232407946e-285,6.32976128209496e-281,"ENSG00000022267","FHL1"
7234.60236044877,-1.95776847827943,0.0871077497081482,-22.4752503059586,7.24938204025167e-112,8.72658023991099e-110,"ENSG00000024422","EHD2"
1085.60890384288,-1.22461793778192,0.1145407851137,-10.6915448201816,1.11498155325354e-26,1.01114454318336e-25,"ENSG00000025039","RRAGD"
35152.2245170694,-1.41743661211345,0.0902210785259397,-15.7107034771915,1.27753630571423e-55,3.35931747567337e-54,"ENSG00000026025","VIM"
2388.13702407314,-1.1422129395648,0.0762227970526671,-14.9851879454853,9.17656134941459e-51,2.07773655127813e-49,"ENSG00000031081","ARHGAP31"
72.7884065966876,-2.32816642605523,0.188178151003514,-12.3721399835189,3.69834822252531e-35,4.80965969981509e-34,"ENSG00000034239","CLXN"
165.698739670865,-6.85379166940673,0.291132133582189,-23.5418591038898,1.52112259401765e-122,2.35087043481889e-120,"ENSG00000034971","MYOC"
137.364104566699,-2.5347272961621,0.143542561574938,-17.6583674441313,8.77409235424325e-70,3.55640240856002e-68,"ENSG00000036448","MYOM2"
2.50507096642718,-3.33757073028122,0.274094389792882,-12.1767203363894,4.13580727707007e-34,5.15201577338604e-33,"ENSG00000036473","OTC"
71.3534769277623,-1.16905046322804,0.103419261673222,-11.30399158062,1.25386300525897e-29,1.29858574539466e-28,"ENSG00000036530","CYP46A1"
921.807470365508,-1.16539592001174,0.0789849521367342,-14.7546575453293,2.8714521540962e-49,6.2052897024244e-48,"ENSG00000037280","FLT4"
338.178130901145,-1.31858345889853,0.131965501920602,-9.99187999672725,1.65414302216824e-23,1.30024597525973e-22,"ENSG00000038295","TLL1"
209.287314870101,-3.20620218781155,0.22862831016344,-14.023644690019,1.11726189472136e-44,2.05088189180461e-43,"ENSG00000039537","C6"
98.1067542965865,-1.64946972076894,0.172785450631227,-9.54634614629318,1.3435127350204e-21,9.60568499251263e-21,"ENSG00000041515","MYO16"
1520.552632472,-1.79892229890004,0.0843283162730663,-21.332363533441,5.68610353540641e-101,5.36262244845121e-99,"ENSG00000042286","AIFM2"
0.837112457233769,-2.29989031231861,0.293470487291568,-7.83687086747373,4.61912645876886e-15,2.37857210489699e-14,"ENSG00000042304",NA
7154.08771462573,-1.68857911835244,0.0719170243247101,-23.4795465219528,6.60021415256762e-122,1.01027559121251e-119,"ENSG00000042445","RETSAT"
2.40719114338227,-1.11304390001593,0.21101237223847,-5.27478028045698,1.32915236204069e-07,4.12086259401861e-07,"ENSG00000042813","ZPBP"
107.97055954469,-1.36945446225004,0.230494155067318,-5.94138476895469,2.82624370750987e-09,1.00196341591533e-08,"ENSG00000043591","ADRB1"
1174.58644199823,-1.66116238207195,0.127920878320564,-12.9858581638969,1.47179171717572e-38,2.17232104651536e-37,"ENSG00000046653","GPM6B"
755.489508679773,-2.27674597539812,0.116074570434495,-19.6145113169553,1.16248764481387e-85,7.51616505573986e-84,"ENSG00000046889","PREX2"
278.079153574342,-1.29638654796565,0.105537334130181,-12.2836772280655,1.10843192591355e-34,1.41236631836485e-33,"ENSG00000047648","ARHGAP6"
559.252594347668,-1.46168884943526,0.194255364666056,-7.52457391304505,5.28925255420758e-14,2.55593850092527e-13,"ENSG00000048540","LMO3"
2326.09537335657,-1.91901951350557,0.102510651017857,-18.7201963352206,3.38899729351806e-78,1.76102885393113e-76,"ENSG00000048740","CELF2"
3879.23289205635,-1.21404426554295,0.100626843791626,-12.0648151109354,1.62025842791185e-33,1.97372441599941e-32,"ENSG00000050165","DKK3"
293.043980911601,-1.19176616756547,0.151637637100083,-7.85930320701905,3.86276172666504e-15,1.99724707883145e-14,"ENSG00000050555","LAMC3"
2623.61001370797,-1.40568184075508,0.157205266080301,-8.94169690242469,3.83239513760391e-19,2.4213378747541e-18,"ENSG00000050628","PTGER3"
235.911126687564,-2.32244935074357,0.196572708055062,-11.8147090393292,3.27681368930363e-32,3.77566483536645e-31,"ENSG00000052850","ALX4"
3117.20938016957,-1.63679210153576,0.0736802736139858,-22.2147940181518,2.47112248494137e-109,2.84594899647935e-107,"ENSG00000053254","FOXN3"
26.863333686179,-1.1407034123783,0.125499928105027,-9.08927542511158,9.9701258766002e-20,6.48741994768322e-19,"ENSG00000053328","METTL24"
204.073828211377,-3.51145641767648,0.166112435314028,-21.1390339984976,3.48130392681893e-99,3.16488180519724e-97,"ENSG00000053438","NNAT"
291.283013263585,-1.06792893598839,0.0758643822570966,-14.076815815481,5.27327985651106e-45,9.8075635840623e-44,"ENSG00000053702","NRIP2"
3853.74471986176,-1.78202787701626,0.149088246485315,-11.9528394694198,6.27442130232424e-33,7.42240801467541e-32,"ENSG00000053747","LAMA3"
72.146658535317,-1.54322794807203,0.152268802340922,-10.1348925344327,3.86798648973609e-24,3.13297096742614e-23,"ENSG00000054803","CBLN4"
54.1242819067516,-1.98602716347897,0.154250442366227,-12.8753417689635,6.19641833558664e-38,8.94996691160555e-37,"ENSG00000055813","CCDC85A"
2243.65760792188,-4.12431015233602,0.128676189736139,-32.0518517123738,2.06871878183939e-225,4.50510531081478e-222,"ENSG00000056998","GYG2"
798.043584662503,-1.02565796296387,0.098287838206601,-10.4352479582259,1.7116628800705e-25,1.47518921720053e-24,"ENSG00000057704","TMCC3"
5032.56215639521,-1.27819689004842,0.162296446828845,-7.87569238281837,3.38861025743494e-15,1.75739681136294e-14,"ENSG00000058085","LAMC2"
10336.7644942867,-1.07315283349429,0.076462521069469,-14.0350176594267,9.51727218950796e-45,1.75037432091872e-43,"ENSG00000058668","ATP2B4"
0.796273782635943,-1.82501818646219,0.24710625841986,-7.38556035825404,1.51812647717744e-13,7.14965492200638e-13,"ENSG00000061492","WNT8A"
2999.66284436778,-3.29755947143158,0.151891519934248,-21.7099642748921,1.65186015644546e-104,1.70194881925381e-102,"ENSG00000062282","DGAT2"
5334.0498967711,-1.16543954867046,0.106997528334921,-10.8922100052857,1.25555876103421e-27,1.18834097671175e-26,"ENSG00000064042","LIMCH1"
2052.2483642782,-1.61539662547434,0.161964883128376,-9.97374612491739,1.98593904907104e-23,1.55594995651666e-22,"ENSG00000064205","CCN5"
67.319848450554,-1.27240229693594,0.143386567627176,-8.87392953183977,7.06092482217373e-19,4.40079235371853e-18,"ENSG00000064218","DMRT3"
1055.69967953947,-1.97008848479992,0.161880362833481,-12.1700276075268,4.48930649285366e-34,5.58221318641627e-33,"ENSG00000064300","NGFR"
249.63534202355,-1.03600942889873,0.137454215082049,-7.53712374902666,4.80450362979259e-14,2.32626345531443e-13,"ENSG00000064692","SNCAIP"
2134.49949582923,-1.11078882954299,0.0999643897396186,-11.1118452524575,1.09865419139927e-28,1.08798103162337e-27,"ENSG00000064989","CALCRL"
36.1679847110141,-3.37258759355785,0.214498044269725,-15.7231624420636,1.0495172836944e-55,2.76732928243252e-54,"ENSG00000065325","GLP2R"
8546.22202999841,-2.23627283885028,0.111893230448843,-19.985774205283,7.32422846217086e-89,5.17557205933047e-87,"ENSG00000065534","MYLK"
3615.43909686277,-2.80960561878887,0.206968964626131,-13.5750092960273,5.63365554638782e-42,9.36206858229068e-41,"ENSG00000065618","COL17A1"
1506.16644747982,-1.59342900796165,0.143401626525901,-11.1116522633991,1.10103154854455e-28,1.08988474154482e-27,"ENSG00000065833","ME1"
1714.92609124425,-1.18928130013825,0.0827554773169425,-14.3710282231043,7.86547505906089e-47,1.54694133858624e-45,"ENSG00000066056","TIE1"
288.602443828492,-1.08496576682986,0.155272594379459,-6.98749042717992,2.79846661593216e-12,1.2219698830597e-11,"ENSG00000066382","MPPED2"
367.831883771938,-1.27258211164824,0.113677557435541,-11.1946644558213,4.33038580366691e-29,4.36960370374225e-28,"ENSG00000066735","KIF26A"
3.03704608786612,-2.81125021468549,0.21317727892427,-13.1873820177815,1.03725186508216e-39,1.59023157939476e-38,"ENSG00000066813","ACSM2B"
12597.7189689081,-1.33118765708872,0.0749066130402562,-17.771296859642,1.17932567297288e-70,4.90464348890022e-69,"ENSG00000067082","KLF6"
1567.06018625007,-1.79515561039882,0.0759587719767056,-23.6332890024781,1.75340886597822e-123,2.78164962811312e-121,"ENSG00000067113","PLPP1"
2498.80707791062,-1.20524343617322,0.0914334738986787,-13.1816432733246,1.11925996523788e-39,1.71157819771934e-38,"ENSG00000068366","ACSL4"
1.84798425955786,-2.03884008041638,0.19950702178662,-10.2193900854126,1.62359193051215e-24,1.33837387114311e-23,"ENSG00000068781","STON1-GTF2A1L"
108.939779265095,-3.37521240509732,0.113015940319656,-29.8649234395681,5.61958673527346e-196,5.07989434881041e-193,"ENSG00000068976","PYGM"
2628.39340052712,-1.93767342012168,0.0830938209494177,-23.3191036106188,2.83777327077572e-120,4.13245341650045e-118,"ENSG00000069122","ADGRF5"
926.610571135314,-2.33870287327215,0.109283111931995,-21.4004051671542,1.3245208937794e-101,1.2640995223301e-99,"ENSG00000069431","ABCC9"
4335.28521275559,-2.46798382482661,0.144455834449261,-17.0846946697295,1.92950515248752e-65,6.74763444202024e-64,"ENSG00000069702","TGFBR3"
133.894655603358,-1.63544338160312,0.128638390444886,-12.7134938174138,4.9760513112266e-37,6.96879913244274e-36,"ENSG00000070182","SPTB"
63.1583498499829,-1.19975023090173,0.158667795024084,-7.56139726224609,3.98762314398735e-14,1.94192950628617e-13,"ENSG00000070601","FRMPD1"
1178.21437715932,-1.43091263884167,0.0832501340422757,-17.1881121310271,3.25975087757893e-66,1.17336336998352e-64,"ENSG00000070778","PTPN21"
955.476519351637,-1.35991041079001,0.0873734782636349,-15.5643387194304,1.27177712363736e-54,3.24445378026975e-53,"ENSG00000071205","ARHGAP10"
19713.1409495659,-1.12787910604128,0.124076304259053,-9.0902055213253,9.88520200121249e-20,6.4339088150807e-19,"ENSG00000071967","CYBRD1"
1384.08068171046,-1.9982674394756,0.0931228313384863,-21.458405105964,3.81155335968146e-102,3.68168390045037e-100,"ENSG00000072163","LIMS2"
61.2078570121349,-4.01100464110653,0.210271860316123,-19.0753276975644,4.048767125666e-81,2.29829896908363e-79,"ENSG00000072657","TRHDE"
1196.60976353409,-1.07671891129272,0.0870237245724289,-12.3727054499556,3.67239845500834e-35,4.7785065176385e-34,"ENSG00000072952","IRAG1"
1287.2136573534,-2.54190889258561,0.180707707591936,-14.0664110372403,6.10920517869439e-45,1.1305215145278e-43,"ENSG00000073282","TP63"
411.803613534311,-1.00195646161488,0.145622448111651,-6.88050829118506,5.96393744437026e-12,2.54663318145971e-11,"ENSG00000073464","CLCN4"
3673.20847672235,-1.94098911168793,0.0818304463452692,-23.7196446845502,2.26124385280896e-124,3.66000651986747e-122,"ENSG00000073712","FERMT2"
20.8323825428971,-1.93638582564032,0.198924288283058,-9.7342855533305,2.15325441919995e-22,1.5966943077522e-21,"ENSG00000073734","ABCB11"
131.398105394404,-1.18232993424076,0.15921808340365,-7.42585207010261,1.12056180810371e-13,5.31282693975744e-13,"ENSG00000073737","DHRS9"
563.347258657142,-1.52083911975587,0.216699909640073,-7.01818068259421,2.24775758689272e-12,9.87529261696746e-12,"ENSG00000073756","PTGS2"
6528.10217068921,-2.23154679888239,0.109715155826323,-20.3394579543312,5.75631038918606e-92,4.41962869785103e-90,"ENSG00000074416","MGLL"
567.688607955522,-1.00719246940921,0.0730850460833193,-13.7811019269384,3.31178203719549e-43,5.76553333582979e-42,"ENSG00000074660","SCARF1"
97.8724398588658,-1.76025085983511,0.191163620706946,-9.20808495531466,3.3199488855631e-20,2.21901159468929e-19,"ENSG00000075035","WSCD2"
237.484620876315,-1.60673759123075,0.127327275009102,-12.6189584369562,1.66002294072876e-36,2.27819246892909e-35,"ENSG00000075213","SEMA3A"
1118.26990786077,-1.03555200761531,0.103868962958049,-9.96979249743307,2.06660138966167e-23,1.61703205256722e-22,"ENSG00000075651","PLD1"
2552.6347890785,-1.14850419814936,0.052804707031759,-21.7500344705749,6.90278885135409e-105,7.17380941146148e-103,"ENSG00000076067","RBMS2"
3695.63346309768,-3.66303854612417,0.120245718560959,-30.462943628776,8.07291524820274e-204,8.79030385321348e-201,"ENSG00000076555","ACACB"
8643.15155798968,-2.18162929214395,0.0856770537089819,-25.4634023662189,5.01617806256228e-143,1.13898147382635e-140,"ENSG00000076706","MCAM"
1.74961393712912,-1.98846544456957,0.268322363412347,-7.41073319152968,1.25603053565445e-13,5.94335041611897e-13,"ENSG00000077009","NMRK2"
307.159163245992,-1.24828943608191,0.155447037456892,-8.03031988582014,9.72188447872132e-16,5.19954772689818e-15,"ENSG00000077063","CTTNBP2"
3749.56927886629,-2.10091351018692,0.0748115250115912,-28.0827520874813,1.59126252054186e-173,7.3305180153039e-171,"ENSG00000077157","PPP1R12B"
244.324240322862,-2.52356587860935,0.151157047525141,-16.6949931870667,1.42535459410337e-62,4.53745771451776e-61,"ENSG00000077264","PAK3"
1099.14190905313,-1.2869693554896,0.0949765293893945,-13.5503935947497,7.88064438275811e-42,1.30238589988941e-40,"ENSG00000077420","APBB1IP"
110.198523513876,-2.89251522086323,0.100306568537897,-28.8367478124865,7.42920576640112e-183,4.44916560335347e-180,"ENSG00000077616","NAALAD2"
1939.19761965753,-1.06723175728847,0.0588750578156077,-18.1270608791751,1.94901865126739e-73,8.84256473316485e-72,"ENSG00000077684","JADE1"
15019.7679776477,-1.03041911792903,0.108553364956494,-9.49228168414677,2.26031623864676e-21,1.59745907941535e-20,"ENSG00000077942","FBLN1"
181.667422492484,-1.39784259221587,0.172921915352097,-8.08366359677216,6.28495484853527e-16,3.3867077583323e-15,"ENSG00000078399","HOXA9"
843.723976103072,-1.32585403877388,0.135638391308802,-9.77491716010823,1.44275307732134e-22,1.0803735532114e-21,"ENSG00000078401","EDN1"
206.566638893018,-2.62778906241247,0.145443059325908,-18.0674765409337,5.74834746796702e-73,2.56189141572372e-71,"ENSG00000078549","ADCYAP1R1"
1718.51691720114,-2.21656134870764,0.127535250287782,-17.3799897965934,1.16974302320374e-67,4.38173481170375e-66,"ENSG00000078596","ITM2A"
225.323236096785,-1.70246718044853,0.216659814694381,-7.85778933139964,3.90972139484256e-15,2.02065536167106e-14,"ENSG00000078725","BRINP1"
466.921089378442,-1.69619380725898,0.113438078616224,-14.9525964116284,1.49793109779249e-50,3.35668282952471e-49,"ENSG00000079102","RUNX1T1"
1203.53722223975,-1.38836278282819,0.107694762468475,-12.891646269563,5.01614532897417e-38,7.27151354647965e-37,"ENSG00000079215","SLC1A3"
15043.0194133589,-3.11047776780425,0.0872483519225526,-35.6508484030199,2.28601557027396e-278,1.36903757464782e-274,"ENSG00000079308","TNS1"
1010.54558343764,-1.67252420887685,0.101149112605569,-16.5352336347118,2.04583406729921e-61,6.30733012640315e-60,"ENSG00000079337","RAPGEF3"
3249.97564798867,-4.53067712458483,0.155501838413068,-29.1358428351808,1.26266353662907e-186,8.52031127322521e-184,"ENSG00000079435","LIPE"
4135.93137285358,-1.25515461358098,0.081370378572151,-15.4252030727378,1.10806073088894e-53,2.74210690169882e-52,"ENSG00000079739","PGM1"
4610.14180729871,-1.66397191895116,0.0874185441445308,-19.0345416437053,8.82613166542768e-81,4.93995289825514e-79,"ENSG00000079819","EPB41L2"
42.0450693050529,-2.51893015921831,0.233674194501146,-10.7796676676078,4.29434433238396e-27,3.967258715089e-26,"ENSG00000080166","DCT"
1086.14082877303,-1.82779798421145,0.130895785886129,-13.9637649282423,2.59362651250133e-44,4.70327956903629e-43,"ENSG00000080200","CRYBG3"
11.9413079182275,-3.07294775503727,0.15156636821339,-20.2746017553898,2.15529340551138e-91,1.62103778741052e-89,"ENSG00000080293","SCTR"
287.958715539478,-3.4217895380105,0.180711078905762,-18.935139775215,5.85600471975508e-80,3.19545770072285e-78,"ENSG00000081041","CXCL2"
155.118104252203,-1.29300942477992,0.290640885132765,-4.44882152140872,8.63427250765058e-06,2.25986340257601e-05,"ENSG00000081051","AFP"
1787.0566083839,-1.3493027598299,0.0815990078302057,-16.535774094675,2.02756656066739e-61,6.25503631175625e-60,"ENSG00000081189","MEF2C"
877.324672915064,-1.80654646046264,0.0819295986128698,-22.0499854881366,9.55543826670523e-108,1.06218340454257e-105,"ENSG00000081377","CDC14B"
350.917863310852,-1.10041154311957,0.116708912959238,-9.42868470982935,4.15263381369027e-21,2.90060775643535e-20,"ENSG00000081818","PCDHB4"
197.700819533846,-1.113478842645,0.145824157160315,-7.6357639524765,2.2448528430342e-14,1.11026013946288e-13,"ENSG00000081853","PCDHGA2"
2772.68687095296,-1.32794101425331,0.0916254156732723,-14.4931513215571,1.33857929463087e-47,2.70710569885035e-46,"ENSG00000082438","COBLL1"
21.1985025390387,-2.68622320880521,0.151818938230569,-17.6935976506805,4.69779974187628e-70,1.92368876609652e-68,"ENSG00000083067","TRPM3"
63.2648933046796,-2.40363901684823,0.30587232907227,-7.85830815143893,3.89356489377932e-15,2.01273946979896e-14,"ENSG00000084453","SLCO1A2"
110.554248510088,-5.49067167947203,0.220512066347918,-24.8996427742371,7.5067402535938e-137,1.55020657564517e-134,"ENSG00000084674","APOB"
838.027937059843,-1.21110867733121,0.0956295053039026,-12.6645920992941,9.29019998046495e-37,1.28863196602222e-35,"ENSG00000085276","MECOM"
362.461524749112,-2.03103025710437,0.12006517580005,-16.9160644922283,3.42570503676944e-64,1.15014385642343e-62,"ENSG00000085563","ABCB1"
394.828405394906,-1.25467560466918,0.192390363051871,-6.521509626399,6.96032535623683e-11,2.76187831553177e-10,"ENSG00000085741","WNT11"
821.864184674998,-1.83487641003612,0.10690171524872,-17.1641437723151,4.92695186150771e-66,1.76288471758652e-64,"ENSG00000086289","EPDR1"
949.040975431493,-2.16455003686958,0.192088874296809,-11.2684820752554,1.87779192756864e-29,1.92356235300008e-28,"ENSG00000086570","FAT2"
3620.46387138125,-1.25872645477073,0.0801172611617669,-15.7110519820342,1.27053254439897e-55,3.3427355410299e-54,"ENSG00000087074","PPP1R15A"
129.80105106509,-2.1727699555472,0.112351927775483,-19.3389646138437,2.52493939121772e-83,1.52739704839951e-81,"ENSG00000087237","CETP"
1481.89591823234,-1.22438652342674,0.0853180873076747,-14.3508435557323,1.05249209139475e-46,2.06236793859805e-45,"ENSG00000087253","LPCAT2"
571.4005773653,-1.02320013777141,0.0775286032223411,-13.1977114928411,9.04410857885647e-40,1.39012910495032e-38,"ENSG00000087903","RFX2"
1510.04194158414,-1.19420361080039,0.059679886221382,-20.0101522709091,4.49274176608817e-89,3.18884826686347e-87,"ENSG00000088854","DNAAF9"
197.692698402487,-1.76403809243293,0.154367377079867,-11.4275316832017,3.04645752712418e-30,3.2334023067018e-29,"ENSG00000088992","TESC"
15.8184534216828,-1.85828665516389,0.193115598356978,-9.62266471985765,6.41474221359985e-22,4.65581426228706e-21,"ENSG00000089250","NOS1"
3604.83235980929,-1.95198700657208,0.0894636591155008,-21.8187700555819,1.53944162389249e-105,1.62098127913602e-103,"ENSG00000090006","LTBP4"
839.923049408405,-1.17339767618963,0.137191589839606,-8.55298548228415,1.1994498872715e-17,7.036322284704e-17,"ENSG00000090376","IRAK3"
606.467418281869,-1.42416847383006,0.12269933879345,-11.6069775748954,3.7980437716104e-31,4.17157902562711e-30,"ENSG00000090530","P3H2"
229.464490691592,-2.59750790157868,0.146908029105134,-17.6811840537306,5.85535025419043e-70,2.38952155603291e-68,"ENSG00000090659","CD209"
284.155007744738,-1.70439320055764,0.270909591250392,-6.29137267784045,3.14670854994676e-10,1.19498102907379e-09,"ENSG00000091138","SLC26A3"
341.276382705675,-1.48679329959277,0.148960559200102,-9.98112055685508,1.84372690446674e-23,1.44618461023251e-22,"ENSG00000091262","ABCC6"
4790.07317168215,-1.5156918975932,0.0786322104827214,-19.2757126918906,8.59088751214222e-83,5.09392847409324e-81,"ENSG00000091436","MAP3K20"
1695.31460230756,-2.11079353743599,0.233532879618111,-9.03852828298828,1.58795240028641e-19,1.0235275056871e-18,"ENSG00000091513","TF"
920.599520635847,-1.12343662433677,0.0958934932483648,-11.7154625019975,1.06210041310838e-31,1.19645499158294e-30,"ENSG00000091592","NLRP1"
19.3412082450753,-4.17118411229022,0.216776292480364,-19.2418832546832,1.65099556370336e-82,9.65802166752481e-81,"ENSG00000091704","CPA1"
841.476104648427,-1.26494852390865,0.0807528667925447,-15.6644410799473,2.64746785172413e-55,6.91227164992387e-54,"ENSG00000091972","CD200"
15947.7401127528,-1.85843551665958,0.122262333701495,-15.2003929615557,3.51506120771976e-52,8.32871327704519e-51,"ENSG00000091986","CCDC80"
51.4292464502516,-2.87952361543892,0.189340141146764,-15.2082046522132,3.11982287567622e-52,7.40320524881862e-51,"ENSG00000092009","CMA1"
53.4191684584474,-1.09402760688379,0.127063927783004,-8.6100565752393,7.30245281766173e-18,4.32888535627534e-17,"ENSG00000092051","JPH4"
1359.26899428671,-1.24915121268196,0.125784135837416,-9.93091222804573,3.05448197491655e-23,2.3725718453024e-22,"ENSG00000092421","SEMA6A"
906.386312455836,-2.16579445006191,0.0941940712916859,-22.9928956288045,5.49023951137357e-117,7.43043432174881e-115,"ENSG00000092445","TYRO3"
117.453505859589,-1.47206970042963,0.117438791441704,-12.5347824373717,4.81681508254713e-36,6.46243658932604e-35,"ENSG00000092529","CAPN3"
539.253344814704,-2.27631129543169,0.104635442846645,-21.7546868776376,6.23707728564217e-105,6.51020419945788e-103,"ENSG00000092607","TBX15"
5934.61437599013,-1.35630314460458,0.0777766752126997,-17.4384304921164,4.21490788946579e-68,1.60012866073143e-66,"ENSG00000092964","DPYSL2"
7.99644739539827,-1.36213381936689,0.151325874010643,-9.00132795050693,2.23003726181322e-19,1.42625931402312e-18,"ENSG00000093100",NA
2422.20921067412,-1.15316826824329,0.0838523687491795,-13.7523636534665,4.92923894077797e-43,8.53178604236533e-42,"ENSG00000093144","ECHDC1"
1912.59392733801,-3.2009612075201,0.166894244918436,-19.1795781159767,5.48233784877302e-82,3.17220780597482e-80,"ENSG00000094963","FMO2"
2042.25616191942,-1.15908657637687,0.0921532630711868,-12.5778137175837,2.79662810471621e-36,3.79028154163943e-35,"ENSG00000095203","EPB41L4B"
6572.98003456095,-3.6695570101894,0.111751944103421,-32.8366279408383,1.76783112193844e-236,5.29354931575441e-233,"ENSG00000095637","SORBS1"
216.139557835479,-1.3784422232255,0.203603673256187,-6.77022276258767,1.28584258039017e-11,5.36719968866466e-11,"ENSG00000095713","CRTAC1"
725.385385005582,-1.67185146687888,0.102691784755404,-16.280284453727,1.36234215253427e-59,3.99692667041745e-58,"ENSG00000099139","PCSK5"
52043.4992365224,-1.54025666210468,0.147443728339395,-10.4464033801371,1.52187609080057e-25,1.31469678164904e-24,"ENSG00000099194","SCD"
8307.7351575113,-1.43701720766175,0.0793343841238566,-18.1134223644856,2.49729294383532e-73,1.12660362466243e-71,"ENSG00000099204","ABLIM1"
6269.89904350109,-1.1920801153484,0.0793688635704114,-15.0194933091219,5.47244235740237e-51,1.25028475604744e-49,"ENSG00000099250","NRP1"
2410.10228448289,-2.89055675786975,0.104006658300931,-27.7920356743534,5.4141234573206e-170,2.23612633482957e-167,"ENSG00000099260","PALMD"
2228.58415662276,-1.37879199477628,0.1125380811261,-12.251781627868,1.64345286564131e-34,2.08411399663512e-33,"ENSG00000099864","PALM"
11.4173342872741,-1.33560538445112,0.218404578534252,-6.11528106880628,9.63869264152641e-10,3.53374475402151e-09,"ENSG00000099937","SERPIND1"
28.2839924365005,-2.43867934033904,0.165993715430165,-14.6913955990401,7.31906980899541e-49,1.55364038346907e-47,"ENSG00000099957","P2RX6"
7.29323102016771,-1.43350951698595,0.209134220562194,-6.85449522862588,7.15647598310607e-12,3.04040759378037e-11,"ENSG00000099984","GSTT2"
666.882241315694,-1.00764192196112,0.0922931845508947,-10.9178367488821,9.4725061919447e-28,9.00630624441497e-27,"ENSG00000100060","MFNG"
2243.22045466427,-1.73741923580959,0.076785375109735,-22.6269551112646,2.35299667021966e-113,2.93573100182875e-111,"ENSG00000100077","GRK3"
7781.26717028516,-1.08834748968635,0.067002957732023,-16.2432753198624,2.49253114690419e-59,7.27709733383178e-58,"ENSG00000100129","EIF3L"
2358.81165828608,-1.53608669275433,0.273739559897978,-5.61148959736338,2.00592348925647e-08,6.65216268915883e-08,"ENSG00000100146","SOX10"
1515.03225265948,-1.40567295693953,0.0748767217906083,-18.7731637192995,1.25202459708398e-78,6.59895472456476e-77,"ENSG00000100154","TTC28"
807.928668783983,-1.10913008856989,0.169050430931924,-6.56094209553676,5.34688825418744e-11,2.1417056789409e-10,"ENSG00000100181",NA
21.8113824050907,-1.25416422470543,0.117497527691014,-10.6739626726745,1.34754147352725e-26,1.21743752586631e-25,"ENSG00000100191","SLC5A4"
72.4704572263887,-1.84278255797495,0.120929262016349,-15.2385165281651,1.96276323290184e-52,4.6830670561916e-51,"ENSG00000100276","RASL10A"
1750.43465745853,-1.52080934143499,0.0831783165396845,-18.283723507549,1.11544375688972e-74,5.25476011726512e-73,"ENSG00000100307","CBX7"
145.154732030054,-1.79581863194311,0.185052263770387,-9.70438618449629,2.88809391491083e-22,2.13137060171562e-21,"ENSG00000100448","CTSG"
3972.22820286877,-1.24489285474962,0.117444866483937,-10.5998064625488,2.98597511755723e-26,2.65956623688728e-25,"ENSG00000100504","PYGL"
3.59741117284332,-1.21020944543966,0.172682102222069,-7.00830850369965,2.41216476677867e-12,1.05762619178518e-11,"ENSG00000100565","LRRC74A"
15.7939966870045,-1.01596948363122,0.147985630689747,-6.86532522715807,6.63399394895805e-12,2.82469472177906e-11,"ENSG00000100678","SLC8A3"
3683.52510985556,-1.05932576540625,0.0605825216913158,-17.4856664237881,1.84246436593165e-68,7.09015805395865e-67,"ENSG00000100731","PCNX1"
4388.26631456559,-1.27699675190049,0.110320300855111,-11.5753559589874,5.49427403022471e-31,5.99477724409169e-30,"ENSG00000100979","PLTP"
127.751826832357,-3.15809454456071,0.144171555924647,-21.9051152240552,2.32192951653281e-106,2.51114318593876e-104,"ENSG00000101049","SGK2"
0.354595646857899,-1.99368204504102,0.340587925764489,-5.85364862998584,4.80904083470438e-09,1.67394032541911e-08,"ENSG00000101200","AVP"
843.360832689769,-2.18386014012699,0.122901486421616,-17.7691922507367,1.22441101271827e-70,5.08773040930897e-69,"ENSG00000101230","ISM1"
8.42343035090318,-3.68013632006333,0.212117467283579,-17.3495203728007,1.98897889550223e-67,7.40995170167276e-66,"ENSG00000101251","SEL1L2"
45.4014242030847,-3.5012746537378,0.137091637417944,-25.5396661655128,7.15225771602632e-144,1.64742628449433e-141,"ENSG00000101280","ANGPT4"
138.762367137004,-1.73369722348151,0.0859168516693072,-20.1787797131405,1.50413671125983e-90,1.10357105415709e-88,"ENSG00000101331","CCM2L"
15993.4378632649,-1.38137884219599,0.099237296437262,-13.9199564255491,4.79196154268379e-44,8.58895912869361e-43,"ENSG00000101335","MYL9"
46.5059041472082,-3.14535469747604,0.223773163534462,-14.0559960264925,7.07790278418854e-45,1.30776059541255e-43,"ENSG00000101349","PAK5"
844.404259398125,-1.80677991231854,0.126938233110075,-14.2335360123674,5.6738723101985e-46,1.08821145869339e-44,"ENSG00000101445","PPP1R16B"
25.7702364866561,-3.27440742951169,0.160940580839866,-20.3454430972241,5.09495800667707e-92,3.91812902247028e-90,"ENSG00000101542","CDH20"
558.63396393891,-4.76431641892624,0.121731993119145,-39.1377508644189,0,0,"ENSG00000101605","MYOM1"
423.897480934021,-1.09288173772414,0.143056986239338,-7.63948526006077,2.18091871363577e-14,1.07997742191514e-13,"ENSG00000101680","LAMA1"
738.461506964151,-1.37744057899442,0.0830284265207723,-16.5899877513613,8.23371510672558e-62,2.56320526811711e-60,"ENSG00000101695","RNF125"
1851.70060311736,-1.15989143670044,0.0990060207519132,-11.715362640489,1.06335264786666e-31,1.19758404699792e-30,"ENSG00000101846","STS"
978.014609798565,-1.34201445403445,0.140040683693402,-9.58303272049568,9.42363607543673e-22,6.792333449288e-21,"ENSG00000101871","MID1"
11.0664172749088,-2.59193196836769,0.147671822619966,-17.5519738456675,5.74483185753352e-69,2.25602372372484e-67,"ENSG00000101883","RHOXF1"
2796.24199546651,-4.4368795324607,0.185636509190811,-23.900899407132,2.99748947631964e-126,5.09254329115156e-124,"ENSG00000101938","CHRDL1"
1371.07736203875,-2.50429719254828,0.114395867040075,-21.8915006052708,3.13038123115354e-106,3.36270324629072e-104,"ENSG00000101955","SRPX"
110.21315617134,-2.70483362598286,0.133190351939364,-20.3080297228606,1.09197712203148e-91,8.31742828561656e-90,"ENSG00000102010","BMX"
101.278380787111,-1.32476147324404,0.0944829409734057,-14.0211710134735,1.15689826585643e-44,2.12201362623206e-43,"ENSG00000102053","ZC3H12B"
3186.69040826218,-1.01908261636972,0.0698431168322561,-14.5910243212266,3.20351295794231e-48,6.67305677456592e-47,"ENSG00000102181","CD99L2"
1.21398125350212,-2.47916986910745,0.420042817677619,-5.90218369359241,3.58721425277141e-09,1.26138300807544e-08,"ENSG00000102195","GPR50"
61.7867325557202,-2.01784839594549,0.118989060927652,-16.958268098043,1.67200434221254e-64,5.70147530501089e-63,"ENSG00000102271","KLHL4"
832.823303638547,-2.32707420353052,0.194431117169818,-11.9686305227472,5.18778205501243e-33,6.17047264785614e-32,"ENSG00000102287","GABRE"
990.012401671207,-1.1343582916025,0.0961446435434609,-11.798455429186,3.97541313925876e-32,4.56415153371405e-31,"ENSG00000102349","KLF8"
189.151209248047,-1.13946535715257,0.115874573075229,-9.83360997078107,8.06739407136877e-23,6.13214104330125e-22,"ENSG00000102383","ZDHHC15"
47.0865492354164,-2.45909068038322,0.180567155975538,-13.6187041718504,3.10019750133404e-42,5.20611504693003e-41,"ENSG00000102468","HTR2A"
2286.66874840138,-1.17499130325803,0.0868728949203672,-13.5254074856731,1.10728389039312e-41,1.81305438102305e-40,"ENSG00000102547","CAB39L"
138.785680340016,-2.69591520472228,0.246833175099635,-10.9220132327596,9.04679294031926e-28,8.61008839433245e-27,"ENSG00000102683","SGCG"
1367.83719024898,-1.53637912726287,0.0863023663831601,-17.8022827374367,6.78461384973423e-71,2.83639484765067e-69,"ENSG00000102760","RGCC"
689.421769684375,-2.38393158245856,0.131677264476862,-18.1043522731857,2.94454539163263e-73,1.32587565519849e-71,"ENSG00000102802","MEDAG"
2719.25442527807,-1.06543530807887,0.0991832408038328,-10.7420900894549,6.45658698158985e-27,5.91349803647428e-26,"ENSG00000102908","NFAT5"
65.996502260513,-1.10833769063243,0.202978731170899,-5.46036367573535,4.75160229690363e-08,1.52620854146321e-07,"ENSG00000102924","CBLN1"
678.024755725241,-1.20601257039893,0.111294935440984,-10.8361855426785,2.31941374319331e-27,2.17037328977327e-26,"ENSG00000102935","ZNF423"
609.673994824854,-2.89257892447936,0.156416462785606,-18.492803589633,2.35961556615865e-76,1.17149411165452e-74,"ENSG00000103044","HAS3"
49.266451846994,-1.12566793332475,0.288029136136357,-3.90817383416323,9.29963865955825e-05,0.000217381776043831,"ENSG00000103546","SLC6A2"
286.298054153281,-2.36061774928904,0.103256258581869,-22.8617401183229,1.11688629553188e-115,1.45803875800906e-113,"ENSG00000103647","CORO2B"
591.436423197656,-1.08825815906776,0.103064591936877,-10.55899158592,4.61593822858953e-26,4.07649033238201e-25,"ENSG00000103710","RASL12"
5754.54904137234,-1.66050197848441,0.0742808797932445,-22.3543660644071,1.0949568304801e-110,1.3017216314715e-108,"ENSG00000103994","ZNF106"
306.299395775707,-1.33790940641376,0.103156088242338,-12.9697570856961,1.81604953781504e-38,2.6697432757508e-37,"ENSG00000104043","ATP8B4"
1639.66292556075,-1.18888763533221,0.108588049058627,-10.9486048017156,6.74789530878646e-28,6.46195611121246e-27,"ENSG00000104213","PDGFRL"
1119.99707395593,-1.06572660963258,0.108299515228601,-9.840548292234,7.52993380490538e-23,5.72815383602757e-22,"ENSG00000104219","ZDHHC2"
14913.4022616761,-2.54107254914021,0.219682061309097,-11.5670461848265,6.05308662406597e-31,6.59248420456923e-30,"ENSG00000104332","SFRP1"
9.4850673037968,-1.42476369481685,0.242254362970673,-5.88127155831381,4.07126565560395e-09,1.42458616389122e-08,"ENSG00000104371","DKK4"
2139.21451834834,-1.444345013235,0.141805076271501,-10.1854253120646,2.30350391196059e-24,1.88651063969285e-23,"ENSG00000104490","NCALD"
8.37437509183742,-1.18672349518229,0.12936670564331,-9.17333010283434,4.58627405533314e-20,3.04375107343137e-19,"ENSG00000104804","TULP2"
77.7155993797713,-2.99547295200852,0.124607776248429,-24.0392136204765,1.08243191800698e-127,1.9065923967542e-125,"ENSG00000104888","SLC17A7"
65.4801668184932,-1.09893602486722,0.262276064868291,-4.18999738088596,2.78957674406427e-05,6.91279096811942e-05,"ENSG00000104921","FCER2"
3.17542580809755,-2.22128490496114,0.233278996452299,-9.52200986262107,1.69861518286298e-21,1.20958164998462e-20,"ENSG00000104938","CLEC4M"
304.610562222821,-1.47767720914041,0.0822607794315473,-17.9633261361212,3.77494109950667e-72,1.64715326117818e-70,"ENSG00000104967","NOVA2"
1.57855030505823,-1.15338946655606,0.356855712684336,-3.23208912050208,0.00122888723057115,0.0025115599017432,"ENSG00000105205","CLC"
495.798375949618,-1.17175864285778,0.0947208258914954,-12.3706548357174,3.76737387700769e-35,4.89544026166092e-34,"ENSG00000105227","PRX"
82.3098202676011,-2.29372622197189,0.205597041312284,-11.1564164899042,6.66232198551458e-29,6.66510432921286e-28,"ENSG00000105509","HAS1"
820.552682511702,-1.4011625432459,0.0979419318116976,-14.306053774187,2.00576404615126e-46,3.89210836172972e-45,"ENSG00000105538","RASIP1"
303.595112373425,-2.79923698094884,0.137932438945913,-20.2942614684461,1.4450966613778e-91,1.09721998489081e-89,"ENSG00000105609","LILRB5"
129.351543098627,-1.65086498751198,0.105098687514388,-15.7077602637615,1.33823950962288e-55,3.51507976458508e-54,"ENSG00000105784","RUNDC3B"
49.129531762542,-1.31723054393187,0.0962396940710088,-13.6869776722272,1.21457006664925e-42,2.07082035206994e-41,"ENSG00000105808","RASA4"
2586.21750299725,-2.34508655948012,0.191437902390803,-12.2498550715043,1.68296405426203e-34,2.13252599417334e-33,"ENSG00000105894","PTN"
2740.1380903262,-2.87643643149483,0.102396220782038,-28.0912362734329,1.25348936037652e-173,5.83055099569313e-171,"ENSG00000105971","CAV2"
8542.12504304422,-3.38836440470352,0.102769374993215,-32.9705654522781,2.14649148794402e-238,7.34560051338558e-235,"ENSG00000105974","CAV1"
1935.09645519115,-1.62620250906077,0.137818519623057,-11.799593505347,3.92201429238369e-32,4.50500371009596e-31,"ENSG00000105976","MET"
44.4421544357908,-2.11927221607037,0.151222060626306,-14.01430589752,1.27438128916802e-44,2.33392995275381e-43,"ENSG00000105996","HOXA2"
143.192497234345,-1.77286034559384,0.13480093410054,-13.1516918441497,1.66408847019804e-39,2.53663629039733e-38,"ENSG00000105997","HOXA3"
262.899062228195,-2.36115024466028,0.138531752845337,-17.0441086333209,3.86593026243771e-65,1.34117826845323e-63,"ENSG00000106004","HOXA5"
27.1008673328015,-2.35516128238313,0.166572486201307,-14.1389573758109,2.18497609901378e-45,4.12998533644876e-44,"ENSG00000106006","HOXA6"
1101.0630834223,-2.90738364490308,0.126871320466147,-22.9160036659259,3.21792470008305e-116,4.24712871572945e-114,"ENSG00000106034","CPED1"
17.0797087553577,-1.62247161653193,0.128237951238799,-12.6520394380805,1.09007901078457e-36,1.50636531314361e-35,"ENSG00000106113","CRHR2"
29.4385165879777,-2.20030106472514,0.24076837704186,-9.13866302443281,6.32291601661208e-20,4.16056731707025e-19,"ENSG00000106178","CCL24"
425.418074406187,-1.35857689211177,0.263273966811335,-5.16031610936047,2.46533215209955e-07,7.45716670289094e-07,"ENSG00000106278","PTPRZ1"
4.46624347170972,-1.04113810011801,0.121180330272326,-8.59164270123941,8.57346419818947e-18,5.05855504600071e-17,"ENSG00000106328","FSCN3"
1.1246904288408,-1.64344215916924,0.32570259387396,-5.04583687720097,4.51540533268382e-07,1.33530689148128e-06,"ENSG00000106341","PPP1R17"
2881.9172566574,-1.6092444145888,0.120099884726661,-13.3992169788617,6.11044164514534e-41,9.77466641799376e-40,"ENSG00000106484","MEST"
419.558532796354,-2.67164722078474,0.15104918468717,-17.6872667424048,5.25640000734278e-70,2.14875532723373e-68,"ENSG00000106511","MEOX2"
3082.1321187421,-1.4404225701026,0.12397187068319,-11.6189467995009,3.30181413012084e-31,3.63404353260027e-30,"ENSG00000106538","RARRES2"
49.8064415708549,-1.2345459153741,0.281725411029941,-4.38208932187128,1.17546595824607e-05,3.03380779289818e-05,"ENSG00000106631","MYL7"
97.5018514397067,-2.28665796518668,0.174468977068246,-13.1063871847671,3.02676978137645e-39,4.58320291484658e-38,"ENSG00000106714","CNTNAP3"
598.003307209307,-1.38500867911396,0.13851680843771,-9.9988491991338,1.54178279729558e-23,1.21311896565004e-22,"ENSG00000106772","PRUNE2"
2034.57016351135,-2.38230993508619,0.189139339132722,-12.5955284924333,2.23458204612046e-36,3.04144391561452e-35,"ENSG00000106809","OGN"
1957.30631574421,-2.61302741183695,0.112310988714443,-23.2659995406212,9.79841385240202e-120,1.40131942587636e-117,"ENSG00000106823","ECM2"
917.240758641234,-1.27055047047229,0.0934175759660205,-13.6007647097848,3.96268333595783e-42,6.61967080285006e-41,"ENSG00000106829","TLE4"
418.033892993923,-1.73623413854998,0.109958256380631,-15.7899387976819,3.64933826804122e-56,9.71332202343638e-55,"ENSG00000106852","LHX6"
3050.00317002331,-1.84951080288338,0.0887415481207218,-20.8415431334075,1.81880581472267e-96,1.52607682282598e-94,"ENSG00000107104","KANK1"
2587.23036240454,-1.17603771673944,0.0775162288157904,-15.1715032413945,5.46115866110607e-52,1.2857204494034e-50,"ENSG00000107186","MPDZ"
303.442747094074,-1.08884714077058,0.158899970574313,-6.85240618255088,7.26180114802785e-12,3.08433415781928e-11,"ENSG00000107242","PIP5K1B"
439.666598988687,-1.2844224789475,0.116532939110498,-11.0219693140118,2.99435342821144e-28,2.91170027898539e-27,"ENSG00000107282","APBA1"
8736.16458235148,-1.91896770581651,0.102060992308324,-18.8021658658712,7.24947714560745e-79,3.83358112633612e-77,"ENSG00000107562","CXCL12"
160.008396160799,-1.54180143071606,0.100378525029306,-15.3598733420911,3.04168285317451e-53,7.45025692717745e-52,"ENSG00000107611","CUBN"
473.757378937767,-1.96290290197536,0.113962381999502,-17.2241301694092,1.75039350632114e-66,6.34352139847549e-65,"ENSG00000107736","CDH23"
2086.4556473783,-1.59208780315474,0.0912317077829397,-17.4510358497582,3.38046313437322e-68,1.2884485979938e-66,"ENSG00000107738","VSIR"
9325.70861920059,-1.66316451344854,0.102674139161794,-16.198475361237,5.16928576998168e-59,1.49193060987845e-57,"ENSG00000107796","ACTA2"
1.75391052893081,-1.09677490656957,0.227335837014824,-4.82446991627657,1.40376102407377e-06,3.97342494761754e-06,"ENSG00000107831","FGF8"
863.145603095287,-1.01748374776278,0.102202845913383,-9.95553243815834,2.38542531356981e-23,1.86163425269799e-22,"ENSG00000107968","MAP3K8"
326.012954286875,-2.71246907382398,0.114951940288131,-23.596548844892,4.18174210836698e-123,6.56876276760203e-121,"ENSG00000108001","EBF3"
27.0853050402156,-3.70363675817219,0.300530110090999,-12.3236795043623,6.75407915701117e-35,8.69159098609737e-34,"ENSG00000108342","CSF3"
151.267294865565,-3.59442466480343,0.132409182390484,-27.1463398527998,2.79691036223078e-162,9.43661798975187e-160,"ENSG00000108381","ASPA"
1621.59442425881,-1.5855543811964,0.154925597340942,-10.2342957420206,1.39204271717105e-24,1.15206022766739e-23,"ENSG00000108551","RASD1"
103.539570110952,-1.50738304227854,0.25315823505665,-5.9543117052512,2.6116862173918e-09,9.28302445843467e-09,"ENSG00000108602","ALDH3A1"
283.563512698927,-1.49362569939896,0.0884169903519252,-16.8929715143425,5.06847329308184e-64,1.69456074997593e-62,"ENSG00000108622","ICAM2"
1679.65599626686,-1.13554866736335,0.126351047329702,-8.98725171941183,2.53489576938053e-19,1.61648950234289e-18,"ENSG00000108691","CCL2"
2469.00531682489,-1.30655589542964,0.0559198169276378,-23.3648099585228,9.74523241917326e-121,1.44549252384703e-118,"ENSG00000108799","EZH1"
44.7654940565608,-1.4407336738599,0.154784520279651,-9.30799585938506,1.30267075093199e-20,8.88918326123795e-20,"ENSG00000108823","SGCA"
765.84946774535,-2.84972409667137,0.150741199219573,-18.9047460908175,1.04240114796706e-79,5.63037643732826e-78,"ENSG00000108924","HLF"
418.884374797913,-1.17731891567983,0.134112006903811,-8.77862424744889,1.65486401167991e-18,1.01451739986672e-17,"ENSG00000108947","EFNB3"
1756.98933039528,-2.83350964099429,0.0967867986323131,-29.2757863782499,2.10949366021291e-188,1.50844539195225e-185,"ENSG00000108960","MMD"
1130.93945793673,-1.60465588880865,0.100277502606238,-16.0021524978507,1.23432669357448e-57,3.44418123990409e-56,"ENSG00000108984","MAP2K6"
8.00561349586252,-1.21965215853273,0.139627971014378,-8.73501311859024,2.43627854697262e-18,1.48143298877343e-17,"ENSG00000109047","RCVRN"
43.5298623263972,-2.65997362117075,0.185503049504957,-14.339244709288,1.24401944312298e-46,2.42971755075507e-45,"ENSG00000109061","MYH1"
138.647075002367,-1.32351872559494,0.0923992985131156,-14.3239044764725,1.55155478784222e-46,3.02174755632198e-45,"ENSG00000109063","MYH3"
882.612849079632,-1.95283543617077,0.141264362943247,-13.8239779338779,1.8268880969033e-43,3.20726305322965e-42,"ENSG00000109107","ALDOC"
4.06793116826165,-3.15682819670381,0.330818436751418,-9.54247963838816,1.39457239441607e-21,9.96331097770266e-21,"ENSG00000109158","GABRA4"
1.97752645708765,-1.10778499855953,0.280937585936361,-3.94317120248364,8.04112091928216e-05,0.000189395852339024,"ENSG00000109272","PF4V1"
635.112336911315,-1.91451099539868,0.140085236739986,-13.6667577537255,1.60383608473598e-42,2.7219194764329e-41,"ENSG00000109339","MAPK10"
1504.30890662639,-2.31072258937211,0.151835538183959,-15.218588592695,2.66212438951671e-52,6.33593539501966e-51,"ENSG00000109610","SOD3"
2240.95690201744,-1.10782997624834,0.13190619764015,-8.39861959534747,4.51757708693853e-17,2.57540597614499e-16,"ENSG00000109654","TRIM2"
4407.49842674964,-2.01694366101584,0.0715615911059786,-28.1847235345684,9.00017967092568e-175,4.22743733366715e-172,"ENSG00000109686","SH3D19"
302.457903550664,-1.18729579826744,0.0806439066204538,-14.722696952857,4.60905893585477e-49,9.8845126954701e-48,"ENSG00000109743","BST1"
236.778951582823,-2.13225784417085,0.105404358487758,-20.2293138041202,5.40498672522786e-91,4.0023634313086e-89,"ENSG00000109794","FAM149A"
227.940708988318,-1.21609071021748,0.193051777659894,-6.29929817253433,2.98996338025878e-10,1.13725901514924e-09,"ENSG00000109819","PPARGC1A"
7323.36437309321,-2.82595149948853,0.189166247165326,-14.9389837872014,1.83756097857048e-50,4.11390404127625e-49,"ENSG00000109846","CRYAB"
1471.16286990315,-3.22977032686438,0.192402983895632,-16.7864877221257,3.06452438089885e-63,9.96074376450907e-62,"ENSG00000109906","ZBTB16"
176.506745044096,-1.16780215779224,0.21978347540005,-5.31342110987461,1.07586023917305e-07,3.35575937882687e-07,"ENSG00000109956","B3GAT1"
732.477143429142,-1.1678436091063,0.107413359708901,-10.8724241776931,1.55999876619846e-27,1.46980414726781e-26,"ENSG00000110079","MS4A4A"
13454.0820319518,-2.08835231686761,0.0933646979833348,-22.3676867378757,8.12416334527757e-111,9.6823051212002e-109,"ENSG00000110799","VWF"
332.355391653564,-1.01092323006978,0.12356127499871,-8.18155388960121,2.8020673513837e-16,1.53723859847467e-15,"ENSG00000110900","TSPAN11"
1557.04252418933,-1.24005987878706,0.129500567367673,-9.5757100064769,1.01159826373769e-21,7.27276002636148e-21,"ENSG00000111058","ACSS3"
5240.85844144487,-1.65514794836925,0.0772912571507028,-21.4144265391108,9.80431316300368e-102,9.3757413900101e-100,"ENSG00000111077","TNS2"
3.89861737156575,-1.28660380694301,0.228280496963363,-5.63606538472489,1.7397934506373e-08,5.80213728386699e-08,"ENSG00000111245","MYL2"
45.988123460376,-2.0807239191268,0.19649264822692,-10.5893219817765,3.34002263885638e-26,2.9666385729998e-25,"ENSG00000111262","KCNA1"
6212.64716036205,-2.27788091848198,0.108020553890766,-21.0874767480404,1.03644265009307e-98,9.33382845224795e-97,"ENSG00000111275","ALDH2"
56.999362223446,-1.46463469516115,0.21907501585773,-6.68553960581385,2.30075284322778e-11,9.43580454708467e-11,"ENSG00000111339","ART4"
143.593060172999,-2.83261805837579,0.214561896912352,-13.2018690137368,8.5584894062049e-40,1.31675410228413e-38,"ENSG00000111404","RERGL"
25.4536344985525,-1.03710548436442,0.146613723999628,-7.07372717964007,1.50826677982343e-12,6.70263068558951e-12,"ENSG00000111405","ENDOU"
272.270146245889,-2.52734548499361,0.138386228497473,-18.2629840587047,1.63127163955386e-74,7.65467426552646e-73,"ENSG00000111452","ADGRD1"
1.16451155170078,-4.95760559495427,0.339108174084817,-14.6195402347166,2.10819154658065e-48,4.40678259147814e-47,"ENSG00000111713","GYS2"
3868.0056395928,-1.30284073640275,0.0999224485181239,-13.0385189286714,7.38782384560115e-39,1.09888432301382e-37,"ENSG00000111859","NEDD9"
292.311440314674,-1.16466648701396,0.114281323912469,-10.1912232650193,2.17016102882897e-24,1.77852232109469e-23,"ENSG00000111879","FAM184A"
3335.34167054743,-1.03517766470082,0.111984377994318,-9.24394708656007,2.37568093731158e-20,1.59925352966977e-19,"ENSG00000111912","NCOA7"
4386.78697997559,-1.27580659242592,0.0961636999730351,-13.2670289598223,3.59555687202506e-40,5.59477524321925e-39,"ENSG00000111961","SASH1"
612.702770768547,-1.17522973979094,0.114673219228864,-10.2485109225496,1.20180684387478e-24,9.97204120021486e-24,"ENSG00000111962","UST"
146.469314135655,-1.34305432319776,0.258352000092587,-5.19854432215135,2.00855236008955e-07,6.12633442721194e-07,"ENSG00000112175","BMP5"
364.687777611192,-1.34707184602442,0.113465259704418,-11.8721082517556,1.65250022401721e-32,1.92163314885108e-31,"ENSG00000112182","BACH2"
147.231195723345,-2.62939872997799,0.13088345100474,-20.0896195034066,9.09564111864529e-90,6.5628338252153e-88,"ENSG00000112214","FHL5"
177.6045874936,-1.5115449226138,0.222139849297747,-6.80447442182149,1.01418804829524e-11,4.25777684838984e-11,"ENSG00000112246","SIM1"
247.91386419081,-1.06147680074701,0.113969942080609,-9.31365570052013,1.23506572340908e-20,8.44228831624037e-20,"ENSG00000112276","POPDC1"
182.59882808879,-2.69287879130401,0.122240215932742,-22.02940145971,1.50549413712232e-107,1.66577884779516e-105,"ENSG00000112293","GPLD1"
323.84607813521,-1.60801358911304,0.109239424885577,-14.7200847203045,4.79059797013125e-49,1.02646488707061e-47,"ENSG00000112320","SOBP"
491.714079259007,-1.13165057676194,0.0632430655868964,-17.8936704958908,1.32112296287153e-71,5.63122786042484e-70,"ENSG00000112425","EPM2A"
42.2379648081272,-1.66685834954456,0.12945956367088,-12.8755134211803,6.18265731966772e-38,8.93278384153439e-37,"ENSG00000112530","PACRG"
5692.0627560877,-1.23412535711239,0.0737985789372073,-16.7228878236593,8.92858740374164e-63,2.86324379192277e-61,"ENSG00000112531","QKI"
6937.33091194152,-1.50605968282608,0.0861740512715048,-17.4769511309269,2.1467478498468e-68,8.24124114472436e-67,"ENSG00000112769","LAMA4"
552.12292257049,-2.48227415715055,0.120935268739752,-20.5256430404293,1.27071092630557e-93,1.00461650955941e-91,"ENSG00000112782","CLIC5"
434.350247340962,-1.16013218101812,0.118827975680339,-9.76312332492318,1.62084977248148e-22,1.20976651502707e-21,"ENSG00000112837","TBX18"
2659.37122780998,-1.42753424885721,0.112799412063475,-12.65551143169,1.04294171672296e-36,1.44247510531747e-35,"ENSG00000112902","SEMA5A"
1594.38426514017,-1.94169164747283,0.209101202469089,-9.28589422033509,1.60354937855072e-20,1.08942216004488e-19,"ENSG00000112936","C7"
1874.65819770709,-3.12852867692463,0.130374070392661,-23.9965559677788,3.02081555955701e-127,5.30136532814565e-125,"ENSG00000112964","GHR"
705.321128374207,-1.11114393492017,0.100684433868063,-11.0359058717678,2.56454027954479e-28,2.50340515063143e-27,"ENSG00000113070","HBEGF"
247.515995663737,-1.09595039147431,0.127168759389192,-8.61807881698543,6.808681064987e-18,4.04318182726236e-17,"ENSG00000113231","PDE8B"
119.355376239129,-1.19572994819405,0.0944241296925972,-12.6633939024571,9.4331256997574e-37,1.30807829891571e-35,"ENSG00000113248","PCDHB15"
858.181912479527,-1.4000589271144,0.0992714571800522,-14.1033381284518,3.62222060011172e-45,6.77628227065023e-44,"ENSG00000113319","RASGRF2"
6055.19967787114,-1.37923043281654,0.0790198864334227,-17.454219375253,3.19718458757096e-68,1.21956300629399e-66,"ENSG00000113369","ARRDC3"
1272.28157591313,-2.00458738078525,0.174983738088599,-11.4558495702627,2.19797485098274e-30,2.3442781636372e-29,"ENSG00000113389","NPR3"
246.306909093864,-2.03354822499404,0.203217470275112,-10.0067588787571,1.42339484674952e-23,1.1223641722806e-22,"ENSG00000113396","SLC27A6"
1053.45574354649,-2.07023863807746,0.10494264536948,-19.7273342099257,1.25622431599202e-86,8.26726744219473e-85,"ENSG00000113578","FGF1"
4048.16119054507,-1.69511789706069,0.0793997730964413,-21.3491529125877,3.97070567187953e-101,3.75219938342699e-99,"ENSG00000113580","NR3C1"
3044.32120137523,-2.52754025460333,0.112232827700663,-22.5205076481236,2.61357304033785e-112,3.18616499650347e-110,"ENSG00000113594","LIFR"
671.794617742665,-1.0456865303304,0.0830754725501493,-12.5871872675676,2.48366652412083e-36,3.36993665167456e-35,"ENSG00000113790","EHHADH"
3783.29106117391,-1.1279980982957,0.0767683041366528,-14.6935393582198,7.09110757904558e-49,1.50658520670543e-47,"ENSG00000113916","BCL6"
4022.58911749476,-1.48849790783897,0.0743248139620386,-20.0269308255413,3.20831841521329e-89,2.28057173995354e-87,"ENSG00000114019","AMOTL2"
1144.37300953743,-1.42782290932553,0.0774679616792388,-18.4311408016326,7.39080058726791e-76,3.62058544106345e-74,"ENSG00000114166","KAT2B"
198.516184448188,-1.5553338836838,0.128691423376415,-12.0857617615631,1.25600639143681e-33,1.53743654097439e-32,"ENSG00000114378","HYAL1"
2171.62151042948,-1.53789010273367,0.0740556210751851,-20.7666896908788,8.6626566645587e-96,7.1310632439692e-94,"ENSG00000114480","GBE1"
1529.71483781381,-2.11027881104435,0.0899610443139138,-23.4576957964233,1.10323978834306e-121,1.67266513479482e-119,"ENSG00000114698","PLSCR4"
47.6431030506679,-4.01336123535694,0.295545646866757,-13.5794970350767,5.29890565412051e-42,8.82414215811309e-41,"ENSG00000114771","AADAC"
452.970149873247,-1.46826119189202,0.107488309900303,-13.6597290742951,1.76639707990257e-42,2.99356505476237e-41,"ENSG00000115226","FNDC4"
282.812491105676,-1.18641510377125,0.0979148687612024,-12.1168022669234,8.60515267953022e-34,1.05982741613443e-32,"ENSG00000115252","PDE1A"
1223.16108780121,-1.71471037160773,0.11867422057008,-14.4488867369064,2.5477045477611e-47,5.1199884598672e-46,"ENSG00000115295","CLIP4"
21387.2368092249,-2.04241134073946,0.0677323063459691,-30.1541679432418,9.458228907929e-200,9.44049472872664e-197,"ENSG00000115306","SPTBN1"
281.687568432393,-2.55939916128348,0.172137686475977,-14.8683255461358,5.29204321403752e-50,1.16893402666915e-48,"ENSG00000115353","TACR1"
136.560369291133,-3.33046597202914,0.229708449820461,-14.4986654806657,1.23528192255539e-47,2.50242523930778e-46,"ENSG00000115361","ACADL"
7605.16125364014,-1.92114345874001,0.132393923710128,-14.5108129202839,1.03486819986957e-47,2.10354414322235e-46,"ENSG00000115380","EFEMP1"
135.041418388893,-1.01024963096749,0.134173670864548,-7.52941783926712,5.09670435740724e-14,2.46400712172938e-13,"ENSG00000115423","DNAH6"
678.292378181186,-1.36514272217696,0.0816866658531765,-16.7119407790577,1.07286174704834e-62,3.43129548071334e-61,"ENSG00000115425","PECR"
1517.89781692634,-1.43447755182719,0.0568285859084626,-25.242182765867,1.38008684022137e-140,3.00545275068209e-138,"ENSG00000115459","ELMOD3"
2091.55461925668,-1.29099409049665,0.0636563473271404,-20.2806812628129,1.90474934176502e-91,1.43485127301827e-89,"ENSG00000115504","EHBP1"
244.841104585522,-4.95810960598907,0.27919047551683,-17.7588780448572,1.47146549295234e-70,6.10371530453216e-69,"ENSG00000115593","SMYD1"
170.699858252704,-1.55138160073561,0.127581696510924,-12.1599072842143,5.08163306760268e-34,6.30891526998819e-33,"ENSG00000115705","TPO"
3168.52938508632,-1.34638533120828,0.107085296045888,-12.5730177804366,2.97160450200096e-36,4.01720010414408e-35,"ENSG00000115963","RND3"
9120.54298097037,-1.07443139492249,0.0645819181275344,-16.6367216408892,3.77740637955392e-62,1.18750354097394e-60,"ENSG00000116005","PCYOX1"
11310.8843050303,-1.9643804051795,0.0828366645541731,-23.713900309142,2.59190839796931e-124,4.18108859753232e-122,"ENSG00000116016","EPAS1"
1237.9542165302,-1.14902531823182,0.0699860887618051,-16.4179101670116,1.42386948687936e-60,4.27964787430301e-59,"ENSG00000116117","PARD3B"
566.913629745542,-1.10551981956064,0.12702870747853,-8.70291323516372,3.23471223709442e-18,1.95502792076692e-17,"ENSG00000116141","MARK1"
75.0961380388642,-2.53040849265696,0.171085847863089,-14.7902852530614,1.69235057290266e-49,3.68380354147053e-48,"ENSG00000116183","PAPPA2"
339.448710072418,-3.05187707846172,0.148683753607877,-20.5259620127053,1.26239902559258e-93,9.99694831671742e-92,"ENSG00000116194","ANGPTL1"
932.633048568535,-1.33194810443517,0.100333366108114,-13.2752259402912,3.22297509661021e-40,5.02645627860011e-39,"ENSG00000116396","KCNC4"
1782.6452447623,-1.45000294792098,0.114707913904115,-12.6408274596733,1.25723835829224e-36,1.73435904825169e-35,"ENSG00000116574","RHOU"
1105.72344435577,-2.96901272244298,0.115194798253728,-25.773843675679,1.74239988642894e-146,4.21607972519244e-144,"ENSG00000116678","LEPR"
662.75431092167,-3.57482416123933,0.204898718636156,-17.4467863197682,3.6415315920014e-68,1.38574883695621e-66,"ENSG00000116690","PRG4"
473.896462690701,-1.42061157929549,0.158407338565829,-8.96809195935787,3.01695116284692e-19,1.91700437946944e-18,"ENSG00000116711","PLA2G4A"
3268.54743271912,-1.30452292752768,0.117649364507566,-11.0882275734162,1.43094857560557e-28,1.41063263903833e-27,"ENSG00000116729","WLS"
2569.92658137287,-1.9696844601351,0.142421590913341,-13.8299568731373,1.68121277978757e-43,2.95476538076385e-42,"ENSG00000116741","RGS2"
6.92772427379444,-2.6422003106552,0.241867078064362,-10.924183364683,8.83313758967004e-28,8.41510483040548e-27,"ENSG00000116745","RPE65"
40.6010044916789,-2.01611931111459,0.194781507832528,-10.3506710341725,4.15562852791023e-25,3.51760004897843e-24,"ENSG00000116748","AMPD1"
277.804986334884,-1.45782053847019,0.100935868062335,-14.4430376084931,2.77344483619029e-47,5.5643108082863e-46,"ENSG00000116833","NR5A2"
475.506970372964,-1.42272626486704,0.117248536808973,-12.1342773529448,6.9521023485904e-34,8.59548963925074e-33,"ENSG00000117016","RIMS3"
2571.63194529438,-1.05685170481024,0.117097012753212,-9.02543694293566,1.78979672390574e-19,1.15114996700663e-18,"ENSG00000117114","ADGRL2"
96.6764495104312,-1.04937917086461,0.0866577459621553,-12.1094676443914,9.41029186412214e-34,1.15720503904028e-32,"ENSG00000117245","KIF17"
51.9552640150751,-1.26917275908811,0.0786932102610071,-16.128110098426,1.61899320341352e-58,4.59786392267587e-57,"ENSG00000117400","MPL"
204.07435276848,-1.32552986838662,0.107729388154379,-12.3042550514359,8.59255388783033e-35,1.10071993787687e-33,"ENSG00000117425","PTCH2"
1802.76220330837,-1.69491849861388,0.133126871690328,-12.7316031473834,3.9465173324852e-37,5.54154881006349e-36,"ENSG00000117525","F3"
242.140486088866,-2.75620566428748,0.14472120867913,-19.0449325944922,7.23791424161936e-81,4.07005248023455e-79,"ENSG00000117594","HSD11B1"
201.264229735734,-1.07856681386628,0.110695625374995,-9.74353602694328,1.96591944162773e-22,1.46026667361837e-21,"ENSG00000117600","PLPPR4"
224.607577319201,-2.20274674229098,0.160793492779387,-13.6992281479525,1.02609238536947e-42,1.75634462961955e-41,"ENSG00000117707","PROX1"
3.84379164727682,-1.32316839109957,0.162726432422268,-8.13124439222024,4.24905705246969e-16,2.31069606565066e-15,"ENSG00000118017","A4GNT"
13.495939215852,-1.64224236379345,0.145867869187605,-11.2584243050901,2.104885785734e-29,2.15250966903982e-28,"ENSG00000118094","TREH"
240.878580378632,-1.18006024986107,0.0924616697872306,-12.7626967215342,2.64869994187385e-37,3.74717584472921e-36,"ENSG00000118276","B4GALT6"
185.499065203182,-1.67830969203355,0.10038805282307,-16.7182213902635,9.655818367466e-63,3.09438299655716e-61,"ENSG00000118407","FILIP1"
196.159926667317,-1.15309264108377,0.199591228251066,-5.7772711315414,7.59218900148426e-09,2.60410778251082e-08,"ENSG00000118432","CNR1"
964.205335033536,-1.67780630302755,0.116114233713485,-14.4496178407169,2.52080614319176e-47,5.06805800756682e-46,"ENSG00000118495","PLAGL1"
3928.66890319461,-1.41391615897285,0.093837216410591,-15.0677547039137,2.63931228616535e-51,6.07930055914335e-50,"ENSG00000118515","SGK1"
2.06067288804306,-2.39803251700926,0.232845061590106,-10.2988334845198,7.13208915434836e-25,5.97166010808861e-24,"ENSG00000118526","TCF21"
759.06458298795,-3.35899862658807,0.121643902188097,-27.613374498576,7.68808114766299e-168,2.92330133162328e-165,"ENSG00000118596","SLC16A7"
198.174975929552,-3.43074204888214,0.157393799628035,-21.7971867823887,2.46722219942068e-105,2.58653425764212e-103,"ENSG00000118729","CASQ2"
1858.4238272313,-1.44779476626913,0.0739657565121597,-19.5738519355388,2.58393631076385e-85,1.65061851531595e-83,"ENSG00000118762","PKD2"
297.869743574787,-1.42898367004928,0.115955403200283,-12.3235625991579,6.76388008607251e-35,8.70186613651273e-34,"ENSG00000118777","ABCG2"
122.265665545006,-1.70165164133539,0.091437602333812,-18.6099766168754,2.66733886614115e-77,1.35949154337045e-75,"ENSG00000118804","STBD1"
4758.43863243208,-1.22738260319617,0.0930144097352306,-13.1956178262052,9.2989347992226e-40,1.42792296868832e-38,"ENSG00000118898","PPL"
70.6323909426225,-1.72856812791883,0.176513925768821,-9.79281447846057,1.20883281831502e-22,9.10616042853346e-22,"ENSG00000119121","TRPM6"
12.4036096032275,-1.56538894804484,0.270101611820376,-5.79555574472418,6.80953040147801e-09,2.34286966990888e-08,"ENSG00000119125","GDA"
3504.61077613365,-1.721456053568,0.0803601511796709,-21.421762257753,8.37594803398934e-102,8.02583340616859e-100,"ENSG00000119138","KLF9"
392.469533015208,-2.92347598783448,0.219682109064743,-13.3077563770698,2.08653825067634e-40,3.27435465410755e-39,"ENSG00000119147","ECRG4"
2777.31996570588,-1.33362529537642,0.0591776215768787,-22.5359732250118,1.84341939371964e-112,2.25877808575723e-110,"ENSG00000119185","ITGB1BP1"
1421.66505286825,-1.05345458079994,0.0757903934285669,-13.8995792625464,6.37147903276365e-44,1.13394338952343e-42,"ENSG00000119326","CTNNAL1"
3772.92712358667,-1.01049493992694,0.0743444364557171,-13.5920720917541,4.46264871586251e-42,7.44189000964054e-41,"ENSG00000119471","HSDL2"
532.480155147754,-2.09793790528208,0.157448387306531,-13.324607137434,1.6650697541006e-40,2.62499150769857e-39,"ENSG00000119508","NR4A3"
3365.15844037037,-1.52245705912263,0.0644281148337074,-23.6303213752595,1.88102593262402e-123,2.97425585584214e-121,"ENSG00000119729","RHOQ"
86.1746990878352,-1.18260824725924,0.102950810307726,-11.4871193701571,1.53133430991107e-30,1.64350866460214e-29,"ENSG00000119737","GPR75"
399.271376581355,-2.47811865626899,0.118860947637556,-20.8488886006996,1.56004007611219e-96,1.31125473765851e-94,"ENSG00000119771","KLHL29"
604.228940594626,-1.7805093126124,0.0847124020149948,-21.0182838670687,4.46279710113448e-98,3.93761711077998e-96,"ENSG00000119865","CNRIP1"
0.712545090584717,-1.96491751101957,0.354391668859227,-5.5444799742177,2.9482907313265e-08,9.64906133874257e-08,"ENSG00000119913","TECTB"
61.0940845555084,-1.81383765028992,0.167142127927348,-10.8520674756417,1.94964657420095e-27,1.83116187747437e-26,"ENSG00000119915","ELOVL3"
4815.76790132458,-4.43016806054451,0.106123358291882,-41.7454567199029,0,0,"ENSG00000119927","GPAM"
627.142516513978,-1.19193152036942,0.0928873771700517,-12.8320074985787,1.08515483678231e-37,1.55657988713295e-36,"ENSG00000119943","PYROXD2"
649.37246006815,-1.19198048148965,0.0883757145466451,-13.4876474561404,1.84906997051205e-41,3.00607201517585e-40,"ENSG00000119986","AVPI1"
762.676157532943,-5.04356967734756,0.158234917192178,-31.873936339993,6.13496858049148e-223,1.22469310288061e-219,"ENSG00000120049","KCNIP2"
11588.4293931647,-2.01139734060707,0.122524604861663,-16.4162728202881,1.46280764687492e-60,4.39392566531521e-59,"ENSG00000120129","DUSP1"
931.821832377135,-1.86864642239016,0.0970714797621084,-19.2502105352636,1.40590451104212e-82,8.27480161228844e-81,"ENSG00000120156","TEK"
1.59113529167236,-1.70713976760708,0.207285298370796,-8.23570113763355,1.78509057625918e-16,9.89285014558442e-16,"ENSG00000120160","EQTN"
849.25151737041,-1.41080889522058,0.114953951412869,-12.2728177490264,1.26763732616152e-34,1.61265279597447e-33,"ENSG00000120162","MOB3B"
0.229940673531778,-1.83024902949229,0.583532183120887,-3.13650057774642,0.00170977099968634,0.0034271244496265,"ENSG00000120242","IFNA8"
681.947173661887,-1.96521125718307,0.0874943934507127,-22.4609964099026,9.99221650827415e-112,1.1998172754672e-109,"ENSG00000120279","MYCT1"
973.785052685321,-1.21379264149,0.0734932208251125,-16.5157089029802,2.8281815727538e-61,8.67465935663473e-60,"ENSG00000120318","ARAP3"
62.1170562892417,-2.24955833036279,0.16581830924088,-13.5664049444317,6.33540028132858e-42,1.05063699369489e-40,"ENSG00000120471","TP53AIP1"
110.59724752059,-2.11704849282793,0.138512092273154,-15.2842142377937,9.74310424624659e-53,2.35041351680601e-51,"ENSG00000120645","IQSEC3"
17.5538478174049,-1.17640507335495,0.120712508185749,-9.74551097509077,1.92806421814223e-22,1.43281459114618e-21,"ENSG00000120664","SPART-AS1"
327.397464379623,-1.38416752312564,0.0959974128670469,-14.4188002758227,3.94134068285914e-47,7.8646244113195e-46,"ENSG00000120693","SMAD9"
21546.7766777926,-2.68701733338492,0.14203780092109,-18.9176213371376,8.16575116782681e-80,4.43561381463245e-78,"ENSG00000120738","EGR1"
1232.84321185836,-1.24786346854737,0.137900914535645,-9.04898617060893,1.44301851971142e-19,9.31613223007329e-19,"ENSG00000120833","SOCS2"
19.6575376727661,-1.62843957398531,0.326182293822354,-4.99242173725161,5.96268779639972e-07,1.74488377916877e-06,"ENSG00000120903","CHRNA2"
53.9604919173784,-4.57194906739659,0.186590470203266,-24.5025861310926,1.38630225884082e-132,2.69990817971803e-130,"ENSG00000120907","ADRA1A"
98.974279865947,-1.28324684295984,0.124093367991787,-10.3409784400789,4.59818512515411e-25,3.87782167481312e-24,"ENSG00000120949","TNFRSF8"
609.353544002348,-1.05800136728096,0.112082381904488,-9.4394975312226,3.74571274672261e-21,2.61904695994572e-20,"ENSG00000121361","KCNJ8"
2003.47633834975,-1.0891772948993,0.103760895153915,-10.496992082457,8.91765196612382e-26,7.78081780544514e-25,"ENSG00000121440","PDZRN3"
3214.51070109417,-1.19771193640859,0.0618947394437241,-19.3507872748631,2.00752218844768e-83,1.2190163250764e-81,"ENSG00000121671","CRY2"
6313.28474025513,-2.03014399924896,0.068518786257226,-29.6290128611971,6.32202836897596e-193,5.22221343375239e-190,"ENSG00000121691","CAT"
6.06318939304598,-1.57997450834509,0.137326849860628,-11.5052119082946,1.24183957811704e-30,1.33760193767058e-29,"ENSG00000121764","HCRTR1"
9.21313389139379,-1.2370224630839,0.258252244942299,-4.78997757932474,1.66799949671957e-06,4.68730458606574e-06,"ENSG00000121871","SLITRK3"
2095.24030868735,-1.34052146434064,0.116913818606624,-11.4658941117221,1.95727589054569e-30,2.09268216728507e-29,"ENSG00000121898","CPXM2"
30.0838253401402,-1.06303038794288,0.16016877810661,-6.6369388623001,3.20264403493266e-11,1.29988712058306e-10,"ENSG00000122012","SV2C"
407.624091340309,-1.06551811253727,0.113907176935008,-9.35426670389014,8.41816140391895e-21,5.80725864451774e-20,"ENSG00000122035","RASL11A"
107.17950192496,-2.81633603725479,0.165265288370236,-17.0413041058295,4.05585909258385e-65,1.40605071726261e-63,"ENSG00000122121","XPNPEP2"
9422.53279648461,-1.15701889276342,0.135666555176462,-8.52840179555293,1.48383385700775e-17,8.66217620193023e-17,"ENSG00000122176","FMOD"
116.535599151332,-1.62385368109132,0.103750832022969,-15.6514762284684,3.2460151851859e-55,8.43365442094665e-54,"ENSG00000122367","LDB3"
5.48294859180818,-1.54709156675739,0.174302120864906,-8.87591934670993,6.93580924266357e-19,4.32562640999755e-18,"ENSG00000122375","OPN4"
7682.53952162132,-1.20663657422056,0.0828590012099709,-14.5625285919493,4.86253921302881e-48,1.00458927855201e-46,"ENSG00000122378","PRXL2A"
257.206120387603,-2.06276401074445,0.180286682063504,-11.4415773097309,2.59131048502244e-30,2.75704386714246e-29,"ENSG00000122420","PTGFR"
771.809648365214,-1.70606478437523,0.0764328339243079,-22.3210981037908,2.30557277052851e-110,2.71400470358774e-108,"ENSG00000122547","EEPD1"
1313.76578150952,-1.86714235193586,0.0992803892522589,-18.806758978268,6.6479959265198e-79,3.53110293613707e-77,"ENSG00000122591","HYCC1"
61.0534727043981,-2.00897302822805,0.167674576578783,-11.981381251821,4.44849474523356e-33,5.31092407785049e-32,"ENSG00000122592","HOXA7"
1311.50336184067,-1.53543369749406,0.0939296575843886,-16.3466336083956,4.59684006493408e-60,1.36283791776604e-58,"ENSG00000122644","ARL4A"
608.85486482044,-1.13591097357451,0.134279451573588,-8.45930602384092,2.68973346813736e-17,1.54830145931108e-16,"ENSG00000122691","TWIST1"
1123.77888135435,-1.74601783010062,0.0925252694576778,-18.8707132693007,1.98599781808509e-79,1.06311905546879e-77,"ENSG00000122707","RECK"
3647.21326425249,-2.03539020929287,0.0707114070257008,-28.7844676680395,3.35639293981178e-182,1.96103397251686e-179,"ENSG00000122729","ACO1"
522.235862556129,-2.65379037474659,0.207421251435088,-12.7942067477936,1.76646968419121e-37,2.51505386536703e-36,"ENSG00000122756","CNTFR"
18.1643171180594,-1.27661248636667,0.242271614118582,-5.26934404185636,1.36912139444601e-07,4.23984267390009e-07,"ENSG00000122787","AKR1D1"
1831.60666471815,-1.23216959004204,0.114811199568662,-10.7321375847584,7.19131123330681e-27,6.57134696142913e-26,"ENSG00000122863","CHST3"
1663.78630222369,-2.18698959433183,0.12893531673294,-16.961912761743,1.57144543981467e-64,5.36238967389748e-63,"ENSG00000122877","EGR2"
1245.10087374948,-1.36467089990178,0.105133683471904,-12.9803394576817,1.58177967587773e-38,2.33106934085826e-37,"ENSG00000122971","ACADS"
1263.51779939551,-1.33590772015086,0.094082311032259,-14.1993506057988,9.24652807889873e-46,1.76564830713447e-44,"ENSG00000123080","CDKN2C"
2912.2848206248,-1.12697136486611,0.110717402085721,-10.1788096869684,2.46558779766061e-24,2.01580736153446e-23,"ENSG00000123095","BHLHE41"
1773.17864385839,-1.60693455150813,0.0907827059550825,-17.7008884522918,4.12744176141526e-70,1.69302855127915e-68,"ENSG00000123096","SSPN"
159.490458100234,-1.56713115449722,0.169359459113094,-9.2532838892142,2.17699265088492e-20,1.46901011132248e-19,"ENSG00000123119","NECAB1"
2983.33539816644,-4.01078349735272,0.136021109661042,-29.4864782925783,4.2916947598626e-191,3.31637251524221e-188,"ENSG00000123243","ITIH5"
876.738887256892,-1.22839197130001,0.101501750605652,-12.1021752232873,1.02849241999059e-33,1.26281578272038e-32,"ENSG00000123342","MMP19"
4559.73275345189,-1.92552737900436,0.148443517836141,-12.9714480434899,1.77642328805314e-38,2.61469860923582e-37,"ENSG00000123358","NR4A1"
384.861982234133,-1.77897005944905,0.0967403808570486,-18.3891157310803,1.60577635414136e-75,7.76314279787209e-74,"ENSG00000123360","PDE1B"
28033.8065936785,-1.66524373624162,0.0960286322356102,-17.3411168885117,2.30219683983298e-67,8.54362901598746e-66,"ENSG00000123384","LRP1"
180.959499335197,-1.58341557527289,0.219017254291705,-7.22963850676332,4.84281371488462e-13,2.2173089170501e-12,"ENSG00000123560","PLP1"
563.911675156113,-5.20868302080367,0.165532989478362,-31.4661327462133,2.52565280459812e-217,4.03346752894319e-214,"ENSG00000123612","ACVR1C"
1913.75256224544,-4.07649729462599,0.174768598174434,-23.3251129619824,2.46603651763862e-120,3.60206736463616e-118,"ENSG00000123689","G0S2"
441.726027310304,-1.35011804072637,0.113514390665977,-11.8938051184997,1.27464232480098e-32,1.48765198005396e-31,"ENSG00000123700","KCNJ2"
89.1444067589724,-2.23757370058291,0.259089995800905,-8.63627981337553,5.80731690138405e-18,3.46141518717728e-17,"ENSG00000123838","C4BPA"
1.86636897096985,-1.22737733919413,0.347047136600718,-3.536630070532,0.00040526688536309,0.00088123889065246,"ENSG00000123977","DAW1"
5.12283184996812,-2.25119628957087,0.237805242050511,-9.46655452234608,2.89226509195506e-21,2.0347785690979e-20,"ENSG00000124003","MOGAT1"
138.317781177219,-1.27168800689256,0.0976550620967661,-13.0222435948323,9.14440079058119e-39,1.35721264521916e-37,"ENSG00000124019","FAM124B"
85.9549673555133,-1.0163597425535,0.211475038748615,-4.80605062690953,1.53940932677203e-06,4.3414822725246e-06,"ENSG00000124134","KCNS1"
198.102310095451,-2.3777853104244,0.30186016508921,-7.87710862651152,3.35043621494941e-15,1.73835173335744e-14,"ENSG00000124205","EDN3"
1909.37687182749,-2.02033558670227,0.126488594751444,-15.9724723851374,1.98749111764936e-57,5.52004054762787e-56,"ENSG00000124212","PTGIS"
289.153773078414,-1.2463545594555,0.0938308261665619,-13.2829967546386,2.90529993481811e-40,4.54136769582824e-39,"ENSG00000124224",NA
607.14963355099,-5.24452273434759,0.250878802583949,-20.9046068473349,4.86187428321467e-97,4.13000703739034e-95,"ENSG00000124253","PCK1"
356.835739908778,-1.84332971901502,0.124807816866471,-14.7693451042987,2.3094608187111e-49,5.00435404000221e-48,"ENSG00000124343","XG"
143.274213491125,-3.7490718386873,0.194541003068165,-19.2713709683797,9.34280484095686e-83,5.52609604852152e-81,"ENSG00000124440","HIF3A"
1.60020075138068,-1.12452876574889,0.248467780335123,-4.5258534697423,6.01522492775685e-06,1.60229860051613e-05,"ENSG00000124469","CEACAM8"
3685.39057784121,-1.34856783770377,0.138020184575462,-9.77080158131833,1.50258484367581e-22,1.12394753880575e-21,"ENSG00000124491","F13A1"
11.5931642561447,-1.76172982665498,0.185433430956303,-9.50060524453182,2.08673878982157e-21,1.47761831836169e-20,"ENSG00000124557","BTN1A1"
1140.35171302258,-2.15595076832321,0.0811169012857863,-26.5783176397171,1.20913760966347e-155,3.5108959320592e-153,"ENSG00000124615","MOCS1"
281.720179221507,-3.86204601680348,0.127157502630739,-30.3721442848618,1.28173700463853e-202,1.33495695417895e-199,"ENSG00000124743","KLHL31"
1043.04142941477,-2.227878414093,0.116762535094645,-19.0804217490407,3.67283256107837e-81,2.08737138791536e-79,"ENSG00000124785","NRN1"
99738.8788304826,-1.50777361350635,0.0823729905737697,-18.304223301885,7.65761621949847e-75,3.62884661796411e-73,"ENSG00000124942","AHNAK"
38.2753597927259,-1.85272385238383,0.158624150022692,-11.6799607885608,1.61369952817755e-31,1.80257273012326e-30,"ENSG00000125337","KIF25"
209.494341002954,-2.2470336719235,0.113478147906176,-19.801465862673,2.89156041327578e-87,1.95670422881416e-85,"ENSG00000125355","TMEM255A"
13.4575859686317,-1.05166033574711,0.200280687963257,-5.25093231125733,1.51331287329676e-07,4.66346045922994e-07,"ENSG00000125414","MYH2"
33980.7227797981,-1.10865670037081,0.120304338511017,-9.21543407405286,3.10021373975777e-20,2.0759083196617e-19,"ENSG00000125730","C3"
6838.67973873816,-3.43552868777483,0.191748075143768,-17.9168874847842,8.70651715323795e-72,3.74106938844511e-70,"ENSG00000125740","FOSB"
6150.76071370619,-1.01582093839558,0.0825040851160682,-12.3123714052038,7.77059227774543e-35,9.9702484206423e-34,"ENSG00000125810","CD93"
193.942967092239,-2.15477995583817,0.151837681835729,-14.1913386044012,1.03660931083105e-45,1.97628141989318e-44,"ENSG00000125845","BMP2"
44.0526521185689,-1.61956695261374,0.159960088470333,-10.1248190601877,4.28771029806133e-24,3.46415177706776e-23,"ENSG00000125878","TCF15"
2.57175942103506,-1.37532251744753,0.198206288107118,-6.93884402246738,3.95321305564223e-12,1.71014390515412e-11,"ENSG00000125899",NA
6.36448378588194,-1.70899104124572,0.243088330482143,-7.03032941917076,2.0604648767675e-12,9.07407594870219e-12,"ENSG00000125931","CITED1"
888.689928304888,-1.14913421123602,0.116693381083877,-9.84746693053692,7.02932092635908e-23,5.3541298184716e-22,"ENSG00000125968","ID1"
150.99507960781,-2.71529604404797,0.116323077467416,-23.3427115510125,1.63430366320218e-120,2.40921503089282e-118,"ENSG00000126218","F10"
0.783293934969045,-1.73292503629798,0.244746431806894,-7.080491525471,1.43644049396052e-12,6.39173995222888e-12,"ENSG00000126251","GPR42"
13.5565003947623,-1.46247762810886,0.157098277558299,-9.30931675916139,1.2865728522792e-20,8.78308711209697e-20,"ENSG00000126467","TSKS"
52.3815710935884,-3.49348370251213,0.425735955279424,-8.20575208457376,2.29151838064587e-16,1.26293161873627e-15,"ENSG00000126545","CSN1S1"
3658.38925863801,-1.43495346363072,0.0813384816456865,-17.6417537504749,1.17749143106615e-69,4.74862074599153e-68,"ENSG00000126561","STAT5A"
928.382903706215,-1.56894781798957,0.0836048210810279,-18.7662361775643,1.42640431613686e-78,7.50978360287002e-77,"ENSG00000126785","RHOJ"
91.2381216614793,-2.75467014797011,0.144833210687997,-19.0196028582442,1.17369153571511e-80,6.53855366001289e-79,"ENSG00000126895","AVPR2"
62.2600611355082,-1.57773067104643,0.15694197459968,-10.0529554000504,8.91528088135765e-24,7.08931297968208e-23,"ENSG00000126950","TMEM35A"
79.5215954865196,-3.74342232895467,0.184190416692206,-20.3236541628013,7.94375410715661e-92,6.07963672961459e-90,"ENSG00000127241","MASP1"
651.561678493155,-1.06270094054981,0.212146044952839,-5.00928942977019,5.46313628338062e-07,1.60349726972227e-06,"ENSG00000127249","ATP13A4"
1710.15380477862,-1.86125700374201,0.0960261060892077,-19.3828228545778,1.07769979228729e-83,6.58579043985765e-82,"ENSG00000127329","PTPRB"
73.7707715518419,-1.38644451519261,0.130270285314094,-10.6428301116387,1.88320784756587e-26,1.68864847420701e-25,"ENSG00000127472","PLA2G5"
2159.57422431313,-1.57102600942698,0.108496543456315,-14.4799636871338,1.62182832441645e-47,3.27027756829934e-46,"ENSG00000127528","KLF2"
33.9909466794354,-1.42835259676022,0.156880507424955,-9.10471683324634,8.64917641159748e-20,5.64476286445491e-19,"ENSG00000127530","OR7C1"
70.5163060982108,-2.05400645356612,0.198287644005457,-10.3587213609215,3.8203475932729e-25,3.24009299333873e-24,"ENSG00000127743","IL17B"
1896.69564654327,-2.16445864607741,0.0888125126940603,-24.3711002022147,3.46432798651251e-131,6.40833798586155e-129,"ENSG00000127920","GNG11"
2314.02089118665,-1.20005263813391,0.111509094840592,-10.7619260998347,5.20703009927478e-27,4.78459555152004e-26,"ENSG00000127951","FGL2"
1140.35095662436,-2.46477719799246,0.105387804670201,-23.3876889807667,5.7029139956588e-121,8.53833154787541e-119,"ENSG00000127955","GNAI1"
11897.1887375708,-2.21932450813707,0.122630507471056,-18.0976541148285,3.325319112689e-73,1.49452193892054e-71,"ENSG00000128016","ZFP36"
2783.77625181736,-1.11305212775327,0.0791235761182888,-14.067262658721,6.03609400534626e-45,1.11785567760394e-43,"ENSG00000128052","KDR"
22.5150170910795,-1.06393565677942,0.169803288971148,-6.26569522431455,3.71165662468029e-10,1.4022984692724e-09,"ENSG00000128242","GAL3ST1"
430.848076793307,-1.38128647678324,0.145925344269616,-9.46570647954842,2.91583240589311e-21,2.05075646750351e-20,"ENSG00000128268","MGAT3"
3.24881994014424,-1.22182499447499,0.156433996566722,-7.81048251205332,5.69694637315554e-15,2.91883970418011e-14,"ENSG00000128313","APOL5"
106.921463170136,-1.09394136274338,0.101660668280231,-10.7607138655424,5.27598650351339e-27,4.84702806104174e-26,"ENSG00000128346","C22orf23"
12908.3483005546,-1.53022625759426,0.230287239489307,-6.64485909418054,3.03507285969387e-11,1.23480248563123e-10,"ENSG00000128422","KRT17"
31.4750337684234,-1.00714123459145,0.132322567245439,-7.6112582725466,2.71440190261684e-14,1.33491064621611e-13,"ENSG00000128482","RNF112"
191.935656076079,-1.93399762289531,0.138460869361652,-13.9678281077654,2.44984198728023e-44,4.44759111824917e-43,"ENSG00000128573","FOXP2"
941.099718132656,-1.58933318630389,0.128608226395929,-12.357943428992,4.41302701981646e-35,5.71272965467189e-34,"ENSG00000128591","FLNC"
153.58479185373,-1.29332432952347,0.105927913891219,-12.2094760673907,2.76665015504571e-34,3.47262795201048e-33,"ENSG00000128596","CCDC136"
125.518263003919,-2.43916313455263,0.142524969062328,-17.1139355482754,1.1683190617312e-65,4.10970383608969e-64,"ENSG00000128655","PDE11A"
1084.07728531388,-1.09689202999801,0.0924149884223982,-11.8692005347064,1.71094786362165e-32,1.98767003264096e-31,"ENSG00000128872","TMOD2"
254.30903838865,-2.73480603326444,0.151572111068387,-18.0429368832274,8.96503437707479e-73,3.97698886116346e-71,"ENSG00000128918","ALDH1A2"
116.834128479022,-1.64085350574273,0.126525561781962,-12.9685534103406,1.84479092146452e-38,2.71033220016452e-37,"ENSG00000129048","ACKR4"
506.509585991336,-2.00067582909475,0.22346395321222,-8.9530136755199,3.45906994559411e-19,2.1895103856971e-18,"ENSG00000129151","BBOX1"
82.6562888812517,-1.49777901423674,0.11158447071007,-13.4228267133015,4.44432041276016e-41,7.15241487992406e-40,"ENSG00000129204","USP6"
166.765276954784,-1.45158056740546,0.114538707873769,-12.6732752128235,8.31679687342857e-37,1.15561989038852e-35,"ENSG00000129244","ATP1B2"
709.485000456319,-1.78253276698954,0.0968966675749873,-18.3962236431925,1.40844980133423e-75,6.83676088975917e-74,"ENSG00000129467","ADCY4"
7252.40074492434,-1.48037243236217,0.111117185273631,-13.3226235772323,1.70991293442579e-40,2.69214356517711e-39,"ENSG00000129538","RNASE1"
516.176345271203,-3.64127344567988,0.153681482285637,-23.6936382414122,4.19349117822573e-124,6.74195175667097e-122,"ENSG00000129596","CDO1"
3919.02558172781,-1.41761304631794,0.0996691486616242,-14.2231880712729,6.57862887583592e-46,1.25972066123621e-44,"ENSG00000129675","ARHGEF6"
665.123705736829,-1.89281899154094,0.0997131455743043,-18.9826424654354,2.37352795833691e-80,1.30858140948126e-78,"ENSG00000129680","MAP7D3"
1036.00443883103,-2.09686086562401,0.105338636704554,-19.9059047204602,3.61702219912966e-88,2.51147150087394e-86,"ENSG00000129757","CDKN1C"
5.61346014768421,-1.31968652471964,0.537916178981336,-2.45333116252194,0.0141539966600565,0.0248004235081485,"ENSG00000129824","RPS4Y1"
103.534252521606,-2.95214598840295,0.159789264632515,-18.4752461011216,3.26733986526276e-76,1.61379642211071e-74,"ENSG00000130032","PRRG3"
35.2387526261977,-1.6406263971808,0.160340156175088,-10.2321616513163,1.42306874434455e-24,1.17712747827257e-23,"ENSG00000130035","GALNT8"
30.8104149939743,-1.22394951229538,0.141423421224239,-8.65450362959829,4.95061428902886e-18,2.96294729028573e-17,"ENSG00000130037","KCNA5"
624.736498490649,-1.14240214416273,0.0731434952643542,-15.6186430527263,5.43500228199072e-55,1.39995139424825e-53,"ENSG00000130052","STARD8"
28.577757318039,-4.17186459917811,0.180005285981182,-23.176344941416,7.88819258959872e-119,1.09861426444092e-116,"ENSG00000130173","ANGPTL8"
2192.62288147669,-3.155407622515,0.141261808800344,-22.3373015630487,1.6044741588167e-110,1.89335854553961e-108,"ENSG00000130176","CNN1"
145.640491771056,-1.29656808881496,0.102216627243098,-12.6845125278042,7.20607819233351e-37,1.00332230803458e-35,"ENSG00000130224","LRCH2"
50.7193908818265,-2.63028190477095,0.227325784050169,-11.5705392406806,5.81162547099878e-31,6.33382566686878e-30,"ENSG00000130226","DPP6"
23.2964112186125,-1.08328372169421,0.223373665752961,-4.84964831482088,1.23680562395659e-06,3.51851775095067e-06,"ENSG00000130234","ACE2"
158.188285586785,-1.93402894520681,0.0924618766421519,-20.9170418711263,3.74643769417158e-97,3.19949785967487e-95,"ENSG00000130307","USHBP1"
2.19299589775394,-1.92671083082873,0.224253489353387,-8.59166488951504,8.57180838606488e-18,5.05820100722218e-17,"ENSG00000130368","MAS1"
426.032704014352,-1.52058628820222,0.125233344312325,-12.1420241274558,6.32419503671101e-34,7.83532930459852e-33,"ENSG00000130518","IQCN"
87.614903038014,-1.21288887638119,0.127646408621457,-9.50194282377404,2.06010289957289e-21,1.45983626561954e-20,"ENSG00000130528","HRC"
122.949891239264,-2.98525345000027,0.191305941082582,-15.6046039820144,6.772868230235e-55,1.73988266439978e-53,"ENSG00000130595","TNNT3"
169.274798005538,-4.71834470180895,0.213333379121914,-22.1172360426192,2.15748343446556e-108,2.44940832571671e-106,"ENSG00000130876","SLC7A10"
539.020447795525,-1.18165315095283,0.0689723961968157,-17.1322618338637,8.52740610800551e-66,3.01734140793607e-64,"ENSG00000130956","HABP4"
593.189799816054,-1.00447161212106,0.0997596167904729,-10.0689201145467,7.58058113883224e-24,6.05410305653364e-23,"ENSG00000130962","PRRG1"
151.126240895152,-1.97443636845241,0.165516044310379,-11.9289726665404,8.35988066524913e-33,9.83117041414055e-32,"ENSG00000130988","RGN"
3039.35264259357,-2.70556659141436,0.116640840582949,-23.1957055341203,5.03110633938315e-119,7.02741413177395e-117,"ENSG00000131016","AKAP12"
3472.62626756223,-1.41052299696721,0.0884242409841463,-15.9517682172709,2.76943301283399e-57,7.64306080903667e-56,"ENSG00000131018","SYNE1"
3123.80794266458,-1.69535798421685,0.0669879352667794,-25.3084078120199,2.58121936524792e-141,5.72528795319573e-139,"ENSG00000131069","ACSS2"
274.401225682232,-1.03090051118993,0.106889159222427,-9.64457498486556,5.18254296971658e-22,3.77578518368493e-21,"ENSG00000131080","EDA2R"
95.4493896658658,-2.3891225862427,0.188447743595433,-12.6779049759904,7.8399414821525e-37,1.08999302498528e-35,"ENSG00000131095","GFAP"
1166.62462715721,-3.20743775510198,0.135991880986136,-23.5855091630725,5.42833078324639e-123,8.49906300082793e-121,"ENSG00000131386","GALNT15"
1248.66324563895,-1.12567807202199,0.116955568285154,-9.62483521329593,6.28075136549317e-22,4.56063652501937e-21,"ENSG00000131435","PDLIM4"
4772.50481940732,-3.99393549944185,0.125448268800112,-31.8373106113227,1.97250196995887e-222,3.78010277522918e-219,"ENSG00000131471","AOC3"
80.320958860053,-2.32721112288431,0.119431259471128,-19.4857789592924,1.44956592437215e-84,9.09014442888349e-83,"ENSG00000131480","AOC2"
1.57591283144152,-1.22042570721658,0.287927424900172,-4.23865738958254,2.24860513897595e-05,5.63003251676707e-05,"ENSG00000131482","G6PC1"
4371.69175980217,-1.11410796346169,0.111504813184521,-9.99156836053376,1.65935245681715e-23,1.3039130097771e-22,"ENSG00000131711","MAP1B"
134.270832357578,-2.24171167706625,0.12409016237559,-18.0651844928783,5.99213284937148e-73,2.66805840904635e-71,"ENSG00000131730","CKMT2"
2329.81235527764,-1.55162366139006,0.173035038596284,-8.96710674310434,3.04405066749156e-19,1.93268576039651e-18,"ENSG00000131746","TNS4"
3.62367839850855,-1.06222041171323,0.244014839467514,-4.35309759861814,1.34227356939363e-05,3.44170868127637e-05,"ENSG00000131885",NA
1747.41197140024,-1.26386706221085,0.0719200521228528,-17.5732222781475,3.95081077113137e-69,1.56174376274673e-67,"ENSG00000131943","C19orf12"
1032.50768493606,-3.37406310433858,0.12077515383578,-27.9367319947805,9.55560383038833e-172,4.12440522084599e-169,"ENSG00000132170","PPARG"
1102.97261587016,-1.40088500372193,0.0981020769899952,-14.2798709946253,2.92141736433273e-46,5.64603089653816e-45,"ENSG00000132205","EMILIN2"
2335.25864663288,-1.21588021938619,0.0676884128593483,-17.9629004141772,3.80400944052765e-72,1.65681902086981e-70,"ENSG00000132326","PER2"
593.34549267116,-1.25022217883057,0.0876726830905058,-14.2601108436473,3.87837995535766e-46,7.46837554908302e-45,"ENSG00000132357","CARD6"
11772.4359829339,-1.2993981081294,0.102422943525124,-12.6865921189881,7.01732536658925e-37,9.77894294104976e-36,"ENSG00000132386","SERPINF1"
2.21497163215166,-1.0245450297815,0.215359935979629,-4.75736132220254,1.96139911669723e-06,5.47454888907452e-06,"ENSG00000132464","ENAM"
10768.7276624668,-1.88457428010413,0.192790046991489,-9.7752674970162,1.43777020663728e-22,1.07714731196234e-21,"ENSG00000132465","JCHAIN"
295.835106766892,-1.25199745313115,0.169349235751155,-7.39299145684285,1.4356170404893e-13,6.7683932700101e-13,"ENSG00000132514","CLEC10A"
2882.669151804,-2.52773704157004,0.138796597214394,-18.2118084470438,4.15976766715926e-74,1.92927849887319e-72,"ENSG00000132561","MATN2"
679.928472749834,-1.36481009610437,0.0965581099108088,-14.1345982990456,2.32456640311018e-45,4.38982957717811e-44,"ENSG00000132622","HSPA12B"
121.990990039754,-2.80462408270316,0.105845271504956,-26.4973960841683,1.03857298646638e-154,2.94426223559787e-152,"ENSG00000132837","DMGDH"
446.34179139752,-3.15723977901638,0.131979317893908,-23.9222313722998,1.79823457427822e-126,3.09904382926869e-124,"ENSG00000132840","BHMT2"
75.0104927503818,-2.23631448891948,0.198249237584761,-11.2803182305473,1.64151091393662e-29,1.68729431209404e-28,"ENSG00000132874","SLC14A2"
394.387861829161,-2.10453562012228,0.113091970904669,-18.6090630774868,2.71320511641338e-77,1.38139911931312e-75,"ENSG00000132970","WASF3"
619.948504042257,-1.19036360325692,0.0875485061013348,-13.5966181065284,4.19381784192944e-42,6.99846091281224e-41,"ENSG00000133027","PEMT"
757.372715358978,-1.31115397743812,0.209970237441412,-6.24447537620168,4.25224908641533e-10,1.60048121400077e-09,"ENSG00000133067","LGR6"
163.719962072852,-2.48320866137495,0.124169734544716,-19.9985018126998,5.67517983489834e-89,4.02215777943756e-87,"ENSG00000133116","KL"
478.331871961123,-4.56239864374966,0.210686559999004,-21.6549107060803,5.46369872947215e-104,5.56948523678746e-102,"ENSG00000133317","LGALS12"
6272.55316339348,-3.23656779234396,0.155596223117769,-20.8010691229584,4.23268655589525e-96,3.52674805031202e-94,"ENSG00000133392","MYH11"
2114.74147885896,-2.62837761810924,0.11596159820428,-22.665931298041,9.71711108643577e-114,1.22190759094787e-111,"ENSG00000133401","PDZD2"
7.30276666317681,-1.72375190758312,0.207490397089517,-8.30762257801957,9.76385014143015e-17,5.47374280687946e-16,"ENSG00000133475",NA
1448.90079224543,-1.56312983990173,0.0901367012498593,-17.3417688713583,2.27622903275899e-67,8.46036718072019e-66,"ENSG00000133561","GIMAP6"
2180.56268178443,-2.20742194412597,0.144681483525596,-15.2571143890396,1.47634156110938e-52,3.54011632596349e-51,"ENSG00000133687","TMTC1"
750.883659098458,-4.98260474588487,0.145417936062982,-34.2640315272172,2.69582201334053e-257,1.17415302417404e-253,"ENSG00000133800","LYVE1"
932.745434405377,-1.02914987699196,0.0937389575612732,-10.9788918478131,4.8280988928885e-28,4.65608329223607e-27,"ENSG00000133818","RRAS2"
2790.87138033285,-1.17032289587368,0.0692754173087134,-16.8937689780827,5.00041503433281e-64,1.67414314671478e-62,"ENSG00000134030","CTIF"
64.793977427208,-1.26026091803098,0.072860392421728,-17.2969273996821,4.96154565333083e-67,1.81872725517276e-65,"ENSG00000134072","CAMK1"
22.1236041778626,-1.56189211369103,0.191667098962775,-8.14898395261034,3.66994642815945e-16,2.00030868456336e-15,"ENSG00000134115","CNTN6"
788.203351289375,-2.98597042111908,0.162463873903939,-18.3792885726991,1.92476376727848e-75,9.28654905239798e-74,"ENSG00000134121","CHL1"
565.313525168298,-1.50306595058951,0.108139780543811,-13.8992879681365,6.39746106417514e-44,1.13814466982782e-42,"ENSG00000134138","MEIS2"
3.88580751714529,-2.25511798748671,0.201914678261874,-11.168667909135,5.80448263709297e-29,5.8263725778991e-28,"ENSG00000134160","TRPM1"
1.14571940592033,-1.89431497358103,0.180027310736875,-10.5223755541721,6.81337128099381e-26,5.97089112991428e-25,"ENSG00000134200","TSHB"
519.454250958764,-3.79584678185142,0.17939630263475,-21.1590023099849,2.27995734934541e-99,2.08858043225886e-97,"ENSG00000134201","GSTM5"
3686.69618239811,-1.00003156340718,0.300024666686711,-3.33316448427696,0.000858641637693016,0.00179209413469276,"ENSG00000134240","HMGCS2"
2489.25172217956,-1.02979329210303,0.103748037495577,-9.92590623361851,3.21171812549748e-23,2.49228078057312e-22,"ENSG00000134324","LPIN1"
431.632322091326,-3.16438247371409,0.215289626316554,-14.6982580064554,6.61393369672664e-49,1.4077013034659e-47,"ENSG00000134339","SAA2"
124.853959960168,-1.58680920595294,0.243769855648713,-6.50945623169925,7.5423326744453e-11,2.98713034994357e-10,"ENSG00000134343","ANO3"
1297.53701621933,-1.4267373805906,0.0950868043308329,-15.0045780866354,6.85252907883922e-51,1.56186806930156e-49,"ENSG00000134463","ECHDC3"
13053.129419663,-1.8764862086531,0.0934141865829212,-20.0878076156816,9.43365436550752e-90,6.7964869270897e-88,"ENSG00000134531","EMP1"
279.987708320016,-1.71009866627053,0.148955754688571,-11.480581397113,1.65166117258402e-30,1.77027039772932e-29,"ENSG00000134532","SOX5"
285.228463182776,-5.17780768145264,0.227543364810489,-22.755256721131,1.27294974146145e-114,1.62632058969114e-112,"ENSG00000134548","SPX"
419.993782384283,-1.3087353618162,0.119314616603872,-10.9687764925,5.39981168170657e-28,5.19383613070792e-27,"ENSG00000134569","LRP4"
147.649769362077,-1.07378790408993,0.10784198713815,-9.95704857250416,2.34933665051292e-23,1.83406744217165e-22,"ENSG00000134627","PIWIL4"
35.0914599252532,-2.63873748780663,0.178098792954449,-14.8161447027972,1.15209745009996e-49,2.52271429772802e-48,"ENSG00000134765","DSC1"
639.947905075432,-1.43693554501352,0.115128671441748,-12.4811267863936,9.46378065507266e-36,1.25702725584844e-34,"ENSG00000134775","FHOD3"
3119.02496100257,-1.37293427559072,0.112879315823071,-12.1628507896228,4.90177176952378e-34,6.09192958438092e-33,"ENSG00000134853","PDGFRA"
53.574929201284,-1.07170266720883,0.246065807959875,-4.35534979887815,1.32854589903153e-05,3.40815131840868e-05,"ENSG00000134873","CLDN10"
139.610564225289,-1.1647777176366,0.178391932052684,-6.52931836229346,6.60696813390578e-11,2.62514383227256e-10,"ENSG00000134917","ADAMTS8"
365.035525525167,-4.7105025586586,0.143376323596833,-32.8541173360275,9.9478986416851e-237,3.17735882615422e-233,"ENSG00000134962","KLB"
11985.4341888599,-2.33236568580791,0.106637679261585,-21.8718721371135,4.81411438162084e-106,5.14830848266639e-104,"ENSG00000135046","ANXA1"
1061.93402816985,-2.18053157033469,0.147935234636851,-14.7397716013188,3.57993419962382e-49,7.71198954604214e-48,"ENSG00000135063","ENTREP1"
470.910578456716,-2.46057046083816,0.111829602028194,-22.0028544876501,2.70413905024371e-107,2.9714518783756e-105,"ENSG00000135144","DTX1"
13111.3977214895,-4.17462409338845,0.179506646834817,-23.2560975707488,1.23415899146266e-119,1.75977849050523e-117,"ENSG00000135218","CD36"
141.213835033341,-2.08571782998297,0.371266835758175,-5.61784040237169,1.93358974575226e-08,6.42206479854356e-08,"ENSG00000135226","UGT2B28"
2508.97380473401,-1.24804439563788,0.0766376809190447,-16.2849968927978,1.26135578923255e-59,3.70745741485468e-58,"ENSG00000135272","MDFIC"
32.7284651666033,-1.48719793378106,0.184042946827608,-8.0807113742539,6.43900442887452e-16,3.46621013693683e-15,"ENSG00000135298","ADGRB3"
1307.89616091079,-1.24523228596926,0.104409461880345,-11.9264314128572,8.61897035404087e-33,1.01284000407677e-31,"ENSG00000135318","NT5E"
123.207198397413,-1.00211561509299,0.178499294410882,-5.61411527367865,1.97570478525902e-08,6.55512577990025e-08,"ENSG00000135324","MRAP2"
531.174950919605,-1.23189057985691,0.0802157057895702,-15.3572242210089,3.16853279635122e-53,7.75303402825265e-52,"ENSG00000135338","LCA5"
887.833304428257,-1.19377892072121,0.0747450014910293,-15.9713545642846,2.02343443855483e-57,5.61661320690393e-56,"ENSG00000135363","LMO2"
2538.86581705332,-1.10873176652719,0.25410950223412,-4.36320466877181,1.28170929185177e-05,3.2936436479628e-05,"ENSG00000135374","ELF5"
1731.82040924344,-3.66712201662772,0.128354682256658,-28.5702239462908,1.57539446418741e-179,8.57694872491125e-177,"ENSG00000135424","ITGA7"
83.207425185541,-4.2133895161261,0.136278837931101,-30.9174159399295,6.96857600102958e-210,8.7859072686665e-207,"ENSG00000135437","RDH5"
1541.9281785438,-3.89038034191631,0.19632385321966,-19.8161368479433,2.16072703857101e-87,1.47046068775479e-85,"ENSG00000135447","PPP1R1A"
2.39227835991187,-1.48636765037921,0.177210888372941,-8.38756390211841,4.96319408620819e-17,2.82172337332662e-16,"ENSG00000135502",NA
426.746428640083,-2.14979200855189,0.100963325679954,-21.2928010648794,1.32374747176494e-100,1.23386656366261e-98,"ENSG00000135604","STX11"
2371.5776640467,-2.06457139709728,0.111302233035074,-18.549236082682,8.27192330446518e-77,4.14547955561639e-75,"ENSG00000135678","CPM"
190.453049157319,-1.09375833498263,0.086109622870486,-12.7019292214031,5.76898021436579e-37,8.0533753516977e-36,"ENSG00000135835","KIAA1614"
15205.6950860642,-1.13103972849456,0.0787001932593786,-14.371498742918,7.81221505503157e-47,1.53836096706355e-45,"ENSG00000135862","LAMC1"
27.3000083177335,-1.30587870801724,0.212858323063813,-6.13496662578586,8.51770738116356e-10,3.13476233393414e-09,"ENSG00000135903","PAX3"
1101.7736935671,-4.99914876668174,0.204189562804474,-24.4828809955815,2.2480753735156e-132,4.30821164580529e-130,"ENSG00000135917","SLC19A3"
8637.91312350109,-1.12559737696752,0.0623396126593973,-18.0558930180945,7.09058475488001e-73,3.1512979184258e-71,"ENSG00000135926","TMBIM1"
34.2078984851839,-1.57478388588065,0.242411253095041,-6.49633160909092,8.23021402618735e-11,3.25150122861908e-10,"ENSG00000135960","EDAR"
387.167688760712,-1.16361146736008,0.142696302809067,-8.1544612190621,3.50739937075699e-16,1.91432563058746e-15,"ENSG00000136002","ARHGEF4"
61.1302794172882,-2.93776499058162,0.148359549935574,-19.8016574723863,2.88058239010435e-87,1.95203256449646e-85,"ENSG00000136011","STAB2"
38.6774155954527,-2.27563866519892,0.130406706617491,-17.4503192682706,3.4231403216874e-68,1.30367768531036e-66,"ENSG00000136014","USP44"
3186.6831252485,-1.16784762528025,0.079838208366021,-14.6276782656021,1.87062331106067e-48,3.91702634759251e-47,"ENSG00000136111","TBC1D4"
369.239651479897,-1.45641154687855,0.0755829381161412,-19.2690517619283,9.77099029874132e-83,5.77223360311586e-81,"ENSG00000136114","THSD1"
1016.85603874275,-2.41949410162488,0.105446314528933,-22.945269471329,1.64276637465083e-116,2.17416953064976e-114,"ENSG00000136158","SPRY2"
835.042106717635,-2.17976695130522,0.108397375179623,-20.1090381357774,6.15049406904357e-90,4.46469955830118e-88,"ENSG00000136160","EDNRB"
857.708308208585,-1.16107487207518,0.0614551753568086,-18.8930365153786,1.30140052341633e-79,7.00562910976139e-78,"ENSG00000136161","RCBTB2"
203.971261732324,-2.80549483731227,0.193647225020728,-14.487658354061,1.45002340105563e-47,2.93001354468896e-46,"ENSG00000136244","IL6"
204.11556413931,-1.25346724032971,0.124595320633574,-10.0603075136029,8.27394962859642e-24,6.59575585201422e-23,"ENSG00000136274","NACAD"
0.560105860672163,-1.36086917885513,0.258269669004529,-5.26917924238043,1.37035103188452e-07,4.24255366317205e-07,"ENSG00000136275","PKD1L1-AS1"
737.527629891254,-2.5544225111457,0.101013451652904,-25.2879440247528,4.33518721050358e-141,9.57137415922704e-139,"ENSG00000136383","ALPK3"
190.311930392674,-2.21826767400648,0.185119175888567,-11.9829167527289,4.36684489229821e-33,5.21734510698272e-32,"ENSG00000136531","SCN2A"
200.669181912043,-1.7265130256718,0.188398596953908,-9.16415012418693,4.99389162467905e-20,3.30420311750274e-19,"ENSG00000136546","SCN7A"
1453.48895162132,-1.62633144959523,0.11185748349037,-14.5393173424578,6.82700674554966e-48,1.39778586828754e-46,"ENSG00000136717","BIN1"
1466.7553256068,-1.93513816538525,0.0959015798939004,-20.1783762845843,1.51646145435983e-90,1.11091235899663e-88,"ENSG00000136732","GYPC"
2486.08920861291,-2.57767921349067,0.112626667654859,-22.8869349254823,6.26963423200195e-116,8.22953907000585e-114,"ENSG00000136826","KLF4"
201.394628780784,-2.82139102431327,0.155637912939524,-18.1279160779391,1.9189467932602e-73,8.72265093596736e-72,"ENSG00000136842","TMOD1"
4186.09898721795,-1.10330897319093,0.0651919491582353,-16.9240065289803,2.99355484794342e-64,1.00787921830618e-62,"ENSG00000136848","DAB2IP"
1757.86682891318,-1.1860703750381,0.086545786698226,-13.7045420729003,9.53670742253953e-43,1.63296516302312e-41,"ENSG00000136854","STXBP1"
5162.44648371392,-1.84911435572536,0.100841659844373,-18.3368099908218,4.20774764912563e-75,2.00990219211973e-73,"ENSG00000136859","ANGPTL2"
1464.42438684121,-1.46583010767774,0.0896590055055451,-16.3489445305869,4.42579682279098e-60,1.3129407169035e-58,"ENSG00000136869","TLR4"
2843.7239925095,-2.71214247050499,0.126376619748573,-21.4607929528485,3.62075939573513e-102,3.51867307605821e-100,"ENSG00000136960","ENPP2"
559.498460222452,-1.52183244704466,0.129081105126046,-11.7897382855423,4.40909018228556e-32,5.04874547402728e-31,"ENSG00000136999","CCN3"
1082.73564256004,-2.71041542550377,0.16424166858005,-16.5026052702499,3.51398907682741e-61,1.07437917467008e-59,"ENSG00000137033","IL33"
494.406625765426,-1.47149158057258,0.0824177316547333,-17.8540655151369,2.68741146024409e-71,1.13539579418249e-69,"ENSG00000137070","IL11RA"
986.140824714712,-2.40197634394806,0.208664056438536,-11.5112127356518,1.15837848516222e-30,1.24910900797033e-29,"ENSG00000137077","CCL21"
115.865204550402,-2.3468607034366,0.134580999903785,-17.4382766149339,4.22627026414134e-68,1.60317187929542e-66,"ENSG00000137225","CAPN11"
142.446663763209,-1.23731453466584,0.345450398381975,-3.58174296646115,0.000341309509930147,0.000748895746313411,"ENSG00000137440","FGFBP1"
135.487518956532,-2.70724768360029,0.242563511456538,-11.1609848791514,6.32865483268313e-29,6.34189192708322e-28,"ENSG00000137441","FGFBP2"
15.3844993066351,-2.26353566650857,0.121717680460062,-18.5966053407605,3.4230970111449e-77,1.7372942563978e-75,"ENSG00000137463","MGARP"
64.8035034277865,-1.2583382419303,0.182418666976453,-6.89807826571129,5.27107060721578e-12,2.25943448860793e-11,"ENSG00000137561","TTPA"
5.3971678914095,-1.59662337136076,0.200841470395312,-7.94966979786673,1.87009300188125e-15,9.84140550528678e-15,"ENSG00000137634","NXPE4"
264.108832190692,-1.31636368835546,0.0915314507575359,-14.3815451133017,6.75690184060158e-47,1.33549161379217e-45,"ENSG00000137672","TRPC6"
18.6965931108166,-2.5511670235538,0.18733234449037,-13.6184011922455,3.11308431891029e-42,5.22592395651689e-41,"ENSG00000137675","MMP27"
5940.71872853987,-1.09028657697817,0.068886192665537,-15.8273600962653,2.01499577223292e-56,5.40831638362348e-55,"ENSG00000137693","YAP1"
4211.18452911978,-1.64735397911215,0.199694143378708,-8.24938554150809,1.59211014174319e-16,8.84280047425413e-16,"ENSG00000137699","TRIM29"
2426.29758926774,-1.45140216590765,0.0710216666787286,-20.4360476708209,7.99582415170287e-93,6.24926484678768e-91,"ENSG00000137713","PPP2R1B"
334.443716513725,-1.008762216935,0.104969598133137,-9.61004171565512,7.2519599733893e-22,5.24756686792149e-21,"ENSG00000137726","FXYD6"
255.461606659736,-3.0937929971268,0.111427072027988,-27.7651825612873,1.14262954714662e-169,4.67892150459784e-167,"ENSG00000137727","ARHGAP20"
7.95348973987025,-1.96804163322871,0.145661636074313,-13.5110498980299,1.34588258808933e-41,2.19697563186917e-40,"ENSG00000137731","FXYD2"
13.3174001543216,-1.94443210335672,0.200755387480905,-9.68557869233605,3.47236433654535e-22,2.55037521637111e-21,"ENSG00000137766","UNC13C"
750.335580190646,-1.50802100789556,0.156692412760188,-9.62408441692411,6.32678391169023e-22,4.59266995771332e-21,"ENSG00000137872","SEMA6D"
187.841941145148,-1.39309646934904,0.136605504210387,-10.1979526915952,2.02495944656367e-24,1.66236818171462e-23,"ENSG00000137878","GCOM1"
154.760486837657,-2.64917237434982,0.124998209512284,-21.193682571025,1.09212483357491e-99,1.00622501493411e-97,"ENSG00000137960","GIPC2"
10.572802251479,-4.40763727847797,0.291942276424201,-15.097632766532,1.67852060313816e-51,3.89056226881225e-50,"ENSG00000138039","LHCGR"
645.164546174766,-1.52907111781473,0.175353505232656,-8.71993471579588,2.78362241351242e-18,1.68857115512003e-17,"ENSG00000138131","LOXL4"
172.291936319926,-1.13698912900852,0.132051033516674,-8.61022514348555,7.2917226089264e-18,4.32305940098582e-17,"ENSG00000138135","CH25H"
1776.51699011275,-4.92415246664637,0.20750298435828,-23.7305139580268,1.74644823062307e-124,2.84599777990311e-122,"ENSG00000138207","RBP4"
954.050426333962,-2.29585322745907,0.15965877589552,-14.379749654109,6.9344935025525e-47,1.36889816113428e-45,"ENSG00000138356","AOX1"
21.4273764172569,-1.24529927283004,0.162690879917668,-7.65438894583541,1.94233581219927e-14,9.64624326344633e-14,"ENSG00000138379","MSTN"
480.188405275142,-1.31775128840749,0.0871854214730207,-15.1143535942562,1.30242862896935e-51,3.03498811351759e-50,"ENSG00000138639","ARHGAP24"
1426.29807544834,-2.42053747037888,0.0853567011491413,-28.3579079063698,6.68692475161158e-177,3.33719338385116e-174,"ENSG00000138640","FAM13A"
333.041290712205,-1.76231530540912,0.12503744323936,-14.0943005531192,4.11706746030983e-45,7.69000787615765e-44,"ENSG00000138678","GPAT3"
800.403236602882,-2.70255709482827,0.159491337319859,-16.9448519289064,2.10062335112811e-64,7.12753999663935e-63,"ENSG00000138685","FGF2"
644.568770228729,-3.37060890765495,0.171118939912409,-19.6974625332548,2.2670075738817e-86,1.48175078942254e-84,"ENSG00000138722","MMRN1"
250.410387832181,-1.36797822569195,0.089522534266204,-15.2808255139888,1.02632329869434e-52,2.47091202213296e-51,"ENSG00000138738","PRDM5"
68.3763759587927,-1.08814991839833,0.188041911438069,-5.7867414241676,7.17649177094721e-09,2.46540743400316e-08,"ENSG00000138769","CDKL2"
1839.82404457554,-1.24228353704901,0.143745302259035,-8.64225485999087,5.51143165459073e-18,3.29037620649772e-17,"ENSG00000138772","ANXA3"
5077.03398322452,-1.3135397240342,0.0612595115735264,-21.4422167316439,5.39802918354199e-102,5.19316422055215e-100,"ENSG00000138796","HADH"
736.920620602266,-1.359391062687,0.173179466271837,-7.849608801503,4.17336986179468e-15,2.15343188022168e-14,"ENSG00000138798","EGF"
2907.39589679466,-1.51111186823935,0.0671927444654727,-22.4892118972137,5.29313096659789e-112,6.40388648004305e-110,"ENSG00000139112","GABARAPL1"
505.014156972795,-1.01656478464885,0.10176626529622,-9.9892118639693,1.69927405000209e-23,1.33506427903576e-22,"ENSG00000139117","CPNE8"
1094.21530624038,-1.18315591160051,0.0796754701542132,-14.8496884839273,6.98926777908047e-50,1.53603586832911e-48,"ENSG00000139132","FGD4"
382.737055852424,-2.58659368521504,0.203139242228105,-12.7331068918262,3.87122348776302e-37,5.4390122374993e-36,"ENSG00000139144","PIK3C2G"
8.01778661880394,-2.9726869367596,0.246427500705623,-12.0631298383808,1.65376512025704e-33,2.01402864543759e-32,"ENSG00000139151","PLCZ1"
27.0521290054682,-2.0260020079247,0.116193396457982,-17.43646428872,4.36241295460223e-68,1.6535063659414e-66,"ENSG00000139155","SLCO1C1"
1374.35152228675,-1.4020461272401,0.104451575876166,-13.42292938598,4.43816605296123e-41,7.14491047034182e-40,"ENSG00000139263","LRIG3"
118.968184459421,-1.88092222166282,0.284636511844725,-6.60815511500122,3.89138845986088e-11,1.57303764016145e-10,"ENSG00000139304","PTPRQ"
3813.20468954178,-1.42729259068406,0.100228024180992,-14.2404542277183,5.1391925820598e-46,9.86848563553045e-45,"ENSG00000139318","DUSP6"
1521.88963761022,-1.09483040645715,0.0732155729414943,-14.9535182539924,1.47733444992529e-50,3.31207737463363e-49,"ENSG00000139567","ACVRL1"
867.672884431383,-1.32475345301706,0.0755046869667333,-17.5453141551429,6.45946343494251e-69,2.53044066368026e-67,"ENSG00000139597","N4BP2L1"
9907.48501282182,-1.04043569709233,0.0517896519429467,-20.089644515057,9.09106067276283e-90,6.5628338252153e-88,"ENSG00000139641","ESYT1"
1913.73040236707,-1.05118397857886,0.068865217002702,-15.2643674750581,1.32102554349174e-52,3.17403880585202e-51,"ENSG00000139679","LPAR6"
4676.81312129865,-1.08429424698804,0.0819361274531103,-13.233408518221,5.62761834497586e-40,8.70581836964137e-39,"ENSG00000139793","MBNL2"
45.5436743341117,-2.33921353758669,0.172315320440254,-13.5751918727259,5.6196350548334e-42,9.34200955853811e-41,"ENSG00000139874","SSTR1"
590.418645995721,-1.67087787326084,0.104650839476159,-15.966215671318,2.1971860974863e-57,6.08832769985938e-56,"ENSG00000139946","PELI2"
47.0381554785184,-2.05729965708621,0.107121171491887,-19.2053506177538,3.33862201593203e-82,1.93648160754605e-80,"ENSG00000140009","ESR2"
5.68623196441525,-1.50658726572309,0.357742467471579,-4.21137383093267,2.53822305022214e-05,6.31753682456972e-05,"ENSG00000140015","KCNH5"
2.19861882536391,-1.99268048065552,0.271662420278826,-7.33513482877131,2.21498384468309e-13,1.03390370224831e-12,"ENSG00000140067","FAM181A"
33.8429707814203,-1.13231584521839,0.114507009596875,-9.8886159825913,4.66431585199611e-23,3.59041408208763e-22,"ENSG00000140090","SLC24A4"
3761.30816093503,-1.82140055907531,0.11047275095192,-16.4873287157303,4.5251810722171e-61,1.38178091249153e-59,"ENSG00000140092","FBLN5"
697.340862522198,-1.69998890303473,0.127376139978366,-13.3462114908135,1.24627833115283e-40,1.97255351323199e-39,"ENSG00000140285","FGF7"
1661.92668316363,-1.00888464343746,0.0866603012229707,-11.6418317176359,2.52533048017987e-31,2.7980708442511e-30,"ENSG00000140450","ARRDC4"
64.6630345827201,-1.5372372255591,0.133657542978949,-11.5013129173055,1.2992392937958e-30,1.39848471277818e-29,"ENSG00000140459","CYP11A1"
38.2959926030447,-3.99364190998251,0.284334118688286,-14.0455951202983,8.1976831688318e-45,1.51058077161051e-43,"ENSG00000140465","CYP1A1"
1.44876885426984,-2.46864763258615,0.234200659717417,-10.5407373128871,5.60576626105072e-26,4.92974048397467e-25,"ENSG00000140505","CYP1A2"
629.329510562683,-1.26605102809191,0.19204852317418,-6.59234972061541,4.32919318002821e-11,1.74398087324604e-10,"ENSG00000140538","NTRK3"
128.709175284388,-1.65475032905279,0.185616722791642,-8.91487741064296,4.88356234871392e-19,3.0692833809115e-18,"ENSG00000140557","ST8SIA2"
179.480816263944,-1.63466770260038,0.18697979632814,-8.74248306341944,2.28042074673693e-18,1.38895191935121e-17,"ENSG00000140873","ADAMTS18"
58.8833748554232,-1.60867033059676,0.087674039791967,-18.3483085120044,3.40550075649306e-75,1.63320862105688e-73,"ENSG00000140876","NUDT7"
612.461859805344,-1.64276249839708,0.101147190328479,-16.2413062890047,2.57384429876743e-59,7.50534877382518e-58,"ENSG00000140945","CDH13"
6.60069962819226,-1.48452195469607,0.161178638102989,-9.21041381270078,3.24870064724717e-20,2.17229934416765e-19,"ENSG00000140955","ADAD2"
60.2027607673944,-2.43287638177749,0.157808559348699,-15.4166313400132,1.2653473257415e-53,3.12327616570198e-52,"ENSG00000141052","MYOCD"
8.51178009267303,-1.60197623618474,0.236316875636683,-6.77893287082741,1.21066759738801e-11,5.06488688358887e-11,"ENSG00000141255","SPATA22"
1759.75965394617,-1.0122591279674,0.0923764310618539,-10.9579804754484,6.08419175616559e-28,5.84155565206199e-27,"ENSG00000141295","SCRN2"
1038.17513992686,-3.89545873638565,0.168901124799926,-23.0635452605781,1.07570911772903e-117,1.46829697522501e-115,"ENSG00000141338","ABCA8"
3.59450211010087,-1.0566998181135,0.158697767804113,-6.65856762029459,2.76509068117433e-11,1.12793098795285e-10,"ENSG00000141371","CHCT1"
317.653343774156,-2.12842463502534,0.106796159657458,-19.9297862568479,2.24518810529449e-88,1.56803151785218e-86,"ENSG00000141404","GNAL"
64.3666438089315,-1.41184881745348,0.176571742052393,-7.99589334648207,1.28637701168457e-15,6.83793660599219e-15,"ENSG00000141431","ASXL3"
270.813550079252,-1.86884129365749,0.135078622520728,-13.8352113664078,1.56276425681447e-43,2.74759763464152e-42,"ENSG00000141576","RNF157"
3610.31002000877,-1.81525660280339,0.268355580387987,-6.76437061669782,1.33889947191813e-11,5.58136898108392e-11,"ENSG00000141750","STAC2"
76.1490857503183,-1.33826039636736,0.363324954886123,-3.68337043291402,0.000230170300463043,0.000515133325322763,"ENSG00000142515","KLK3"
92.7741876570396,-1.61850251987617,0.131223963632646,-12.3338944737798,5.94999556067924e-35,7.67126715048822e-34,"ENSG00000142611","PRDM16"
1091.09733676919,-1.09587305093927,0.093016360811599,-11.7815085580366,4.86151153165498e-32,5.55352926756295e-31,"ENSG00000142627","EPHA2"
98.4394396027655,-1.26051016118097,0.117640556562165,-10.7149285758001,8.66240953322679e-27,7.88404332706868e-26,"ENSG00000142661","MYOM3"
13474.820757276,-1.6061864236469,0.118624331254892,-13.5401094080407,9.06537995350316e-42,1.49354316909332e-40,"ENSG00000142871","CCN1"
2376.77497188667,-1.60216406929014,0.121875058259865,-13.145955310019,1.79523791076245e-39,2.73307430265742e-38,"ENSG00000142910","TINAGL1"
56.9706825632163,-1.29340653894001,0.103791750128927,-12.4615543849427,1.20989160249433e-35,1.60215330778064e-34,"ENSG00000143028","SYPL2"
9.13968878243049,-2.4797387251186,0.267474507933495,-9.27093480525316,1.84521540285828e-20,1.24953031732777e-19,"ENSG00000143125","PROK1"
36.6683254412565,-3.02942777503104,0.172521664114736,-17.5596948393468,5.01440700161805e-69,1.97565986387764e-67,"ENSG00000143171","RXRG"
1251.61581247495,-3.43961805576582,0.149760893459303,-22.9673980724515,9.87508437541924e-117,1.32525291996172e-114,"ENSG00000143196","DPT"
1710.07471210872,-1.50052681411272,0.0822245096935685,-18.2491427398573,2.10181560634562e-74,9.82419372683111e-73,"ENSG00000143344","RGL1"
605.955207396272,-1.73738179826158,0.119801812550254,-14.5021328248501,1.17443179083355e-47,2.38217726921404e-46,"ENSG00000143382","ADAMTSL4"
592.321078780384,-1.92272977992705,0.191628963450101,-10.0336073697321,1.08479324491169e-23,8.5917509929996e-23,"ENSG00000143867","OSR1"
12.3053854822777,-1.15166661918538,0.172052411500723,-6.69369646807036,2.17602541478921e-11,8.93804677833941e-11,"ENSG00000143921","ABCG8"
65.9364276445731,-2.69283282153618,0.105579745032831,-25.505202922197,1.72594555400365e-143,3.95646179389067e-141,"ENSG00000144031","ANKRD53"
129.856413706032,-1.946834280792,0.146120392486027,-13.3234947406685,1.6900721508781e-40,2.66265559844031e-39,"ENSG00000144229","THSD7B"
32.1440629014618,-2.33125903768596,0.164674556056429,-14.1567652800419,1.69624113245917e-45,3.21594430772137e-44,"ENSG00000144230","GPR17"
4.70921394982922,-2.41663441616981,0.242030019979912,-9.98485401261539,1.77562264192246e-23,1.39344931653571e-22,"ENSG00000144339","TMEFF2"
616.279939287522,-1.3334796693398,0.116153776845053,-11.4802953942568,1.65713389133679e-30,1.77573886678474e-29,"ENSG00000144366","GULP1"
2165.6234823191,-1.7882066216655,0.113073773853681,-15.8145126028912,2.47114638382344e-56,6.60673120809046e-55,"ENSG00000144476","ACKR3"
79.9806036474695,-1.05637996430174,0.112105183227999,-9.4231143813688,4.37902673322917e-21,3.05651472594711e-20,"ENSG00000144596","GRIP2"
1115.2110989959,-2.13724353558778,0.101003427636766,-21.1601089744583,2.22707293481392e-99,2.04404337752749e-97,"ENSG00000144642","RBMS3"
2888.77217538048,-1.89569890355985,0.0857799274382399,-22.0995629184312,3.191410884557e-108,3.60614376130013e-106,"ENSG00000144655","CSRNP1"
1257.34734072208,-1.1997893805181,0.099922983670546,-12.0071412646554,3.25917674065731e-33,3.91052235524397e-32,"ENSG00000144668","ITGA9"
2278.58801807195,-1.39092808827802,0.114593244603765,-12.1379588568899,6.64633502254433e-34,8.23018637710258e-33,"ENSG00000144730","IL17RD"
2286.7668717005,-1.28261502420273,0.105051863776799,-12.2093504873732,2.77092352821057e-34,3.47617036492716e-33,"ENSG00000144824","PHLDB2"
1680.81685880542,-1.58518945507454,0.12682271841557,-12.4992546672925,7.53544529434106e-36,1.00451637187501e-34,"ENSG00000144857","BOC"
467.544006520854,-4.75797495147844,0.189260868110918,-25.1397713588103,1.82842955334341e-139,3.9107169598519e-137,"ENSG00000144908","ALDH1L1"
310.155268458661,-1.21619233302555,0.0863008316303487,-14.0924752409669,4.22489413491621e-45,7.87912331661486e-44,"ENSG00000144935","TRPC1"
1316.33003174823,-1.39021592043842,0.104141937250483,-13.3492419782307,1.19660346273203e-40,1.89580925593557e-39,"ENSG00000145147","SLIT2"
49.1122485859277,-1.88990405482305,0.13396024215421,-14.1079474359823,3.39310846394396e-45,6.35511440608112e-44,"ENSG00000145283","SLC10A6"
106.252683525525,-1.86379430661225,0.0984652541505032,-18.9284466149192,6.64944042209328e-80,3.62428544507951e-78,"ENSG00000145335","SNCA"
1133.30962880433,-2.34857975873551,0.114520928283021,-20.5078651906432,1.83158687555817e-93,1.44090849274207e-91,"ENSG00000145362","ANK2"
2724.91573101035,-1.22862478179403,0.0802461270357428,-15.3107050418368,6.48570518530831e-53,1.57252092827997e-51,"ENSG00000145390","USP53"
728.941884440156,-1.16550100358501,0.340046888388854,-3.4274714557959,0.000609230348817186,0.00129575717001826,"ENSG00000145451","GLRA3"
9786.00875918388,-1.37635338243864,0.0933975145119697,-14.7365097415119,3.75706285843729e-49,8.08266194646299e-48,"ENSG00000145675","PIK3R1"
62.1325606063483,-3.89251418470486,0.126938150313239,-30.6646518410699,1.68561468860114e-206,1.9697024324605e-203,"ENSG00000145708","CRHBP"
25.9467487794332,-1.8094396852951,0.0911601659373048,-19.8490170206528,1.12377846795193e-87,7.68048878738614e-86,"ENSG00000145757","SPATA9"
48.4370111005327,-3.23522208451889,0.168071889026643,-19.2490374401994,1.43810047938515e-82,8.45391337022606e-81,"ENSG00000145777","TSLP"
1522.26793064223,-1.04629871697371,0.0994991482515245,-10.515655011727,7.31705826778223e-26,6.40058903796689e-25,"ENSG00000145819","ARHGAP26"
440.562548008989,-1.76318540544786,0.174628700909276,-10.0967675775352,5.70931022422773e-24,4.58332863342411e-23,"ENSG00000145934","TENM2"
604.221409039893,-2.41636893972541,0.135057450173703,-17.8914153689235,1.37569261233427e-71,5.85861627172753e-70,"ENSG00000145936","KCNMB1"
1040.40247477818,-1.09932955072174,0.0940565656031084,-11.687961852239,1.46868899295389e-31,1.64288792090639e-30,"ENSG00000145990","GFOD1"
42.5254008036377,-1.85675196438344,0.15483167694216,-11.9920677800129,3.9102049068094e-33,4.67876915797298e-32,"ENSG00000146005","PSD2"
61.9295164430972,-1.7113864508336,0.177941424975232,-9.61769554825028,6.73224770793172e-22,4.88108334877434e-21,"ENSG00000146006","LRRTM2"
411.717553982193,-1.21100378833034,0.0859285377818042,-14.0931501872569,4.18469946797542e-45,7.80720216163171e-44,"ENSG00000146021","KLHL3"
559.441497958386,-1.13129657102362,0.199185662190541,-5.67960845465585,1.35003425937929e-08,4.54055046450417e-08,"ENSG00000146038","DCDC2"
1049.76656958078,-1.778814522261,0.102628314538743,-17.3325902335607,2.67026518073335e-67,9.88658460656375e-66,"ENSG00000146122","DAAM2"
21.9067018860433,-1.26107037631351,0.185177120211605,-6.81007661676811,9.75467809221791e-12,4.10277084889966e-11,"ENSG00000146147","MLIP"
250.87166494891,-1.19202239375214,0.162480287360071,-7.33641239266468,2.19395308168757e-13,1.02468602206718e-12,"ENSG00000146233","CYP39A1"
273.175773517508,-2.45919886142321,0.137895442328054,-17.8337936330975,3.8629746562929e-71,1.62346592792099e-69,"ENSG00000146374","RSPO3"
167.08999683476,-1.08072126565805,0.172283278015711,-6.27293187188777,3.54311967158808e-10,1.34095002342827e-09,"ENSG00000146411","SLC2A12"
5.78054753032535,-1.93369043369554,0.13615257555674,-14.2023786607672,8.85547554473888e-46,1.69165005322344e-44,"ENSG00000146469","VIP"
172.71110993909,-2.84931135019303,0.161855435032388,-17.6040511066118,2.2931860422805e-69,9.14031142143583e-68,"ENSG00000146477","SLC22A3"
39.0427660266501,-1.33791412281324,0.144356952898094,-9.26809617377913,1.89497992757821e-20,1.28250442619398e-19,"ENSG00000146521",NA
534.118257162276,-2.03111075873642,0.117375835657345,-17.304334809303,4.36290932194855e-67,1.60666399396276e-65,"ENSG00000146592","CREB5"
4208.36503517816,-1.84759692639781,0.167278564771423,-11.0450309573283,2.31687788303369e-28,2.26533917094172e-27,"ENSG00000146648","EGFR"
20.6382971025458,-2.75758240968072,0.290404523019163,-9.49565929969606,2.18822228926282e-21,1.54764880245913e-20,"ENSG00000146678","IGFBP1"
7.06754935636158,-1.70051066257131,0.181939752709656,-9.34655916172989,9.0545426780515e-21,6.23818147405015e-20,"ENSG00000146755","TRIM50"
413.377010528785,-1.04550766550887,0.167471935501957,-6.24288279928936,4.29578789622505e-10,1.61648757546451e-09,"ENSG00000146938","NLGN4X"
377.310651309965,-2.18148212850823,0.103554533650742,-21.0660224289717,1.63067658846098e-98,1.4548550345096e-96,"ENSG00000146966","DENND2A"
2288.60599590485,-1.29790367489958,0.135294578446572,-9.59316840188188,8.54207373782185e-22,6.16713009010014e-21,"ENSG00000147027","TMEM47"
1505.87461433143,-2.04915095088788,0.0861425557044554,-23.7879052244313,4.45573064594901e-125,7.38664551029124e-123,"ENSG00000147113","DIPK2B"
189.518430638477,-1.15643471638799,0.0725941015872211,-15.9301470932669,3.91435234895713e-57,1.07594160090956e-55,"ENSG00000147119","CHST7"
1284.04098418469,-1.10218139630261,0.0782895542678004,-14.0782688905399,5.16597886720081e-45,9.61546416191107e-44,"ENSG00000147202","DIAPH2"
1587.65663264454,-2.31542429833247,0.103877215102834,-22.2900112988232,4.61875735488198e-110,5.39718694810721e-108,"ENSG00000147251","DOCK11"
282.151228320865,-1.87570642100517,0.385777526774314,-4.86214538386651,1.16120283532936e-06,3.31406611310118e-06,"ENSG00000147256","ARHGAP36"
2328.43434439324,-2.5203781011456,0.178618110173243,-14.1104286609071,3.27580699171144e-45,6.14261890304872e-44,"ENSG00000147257","GPC3"
6496.61362824202,-1.80360275263123,0.10510040000069,-17.1607601171773,5.22256243764278e-66,1.86447813999602e-64,"ENSG00000147526","TACC1"
112.365964093507,-1.69618536508193,0.117120344086313,-14.4824144627846,1.56501639646894e-47,3.16104281428444e-46,"ENSG00000147576","ADHFE1"
7.82140924174512,-1.98517399455887,0.383801860104511,-5.17239284358417,2.31115042709154e-07,7.01115791565603e-07,"ENSG00000147588","PMP2"
11.5935175515619,-1.42649971939478,0.17057915766281,-8.36268474378677,6.13068766480553e-17,3.47393549403706e-16,"ENSG00000147647","DPYS"
1043.65441012645,-1.85210731599942,0.114663350391506,-16.1525658344676,1.08934527786579e-58,3.12144331713815e-57,"ENSG00000147852","VLDLR"
8180.66368669775,-1.57297057787299,0.128505702423615,-12.240472976738,1.88928441174299e-34,2.391429753411e-33,"ENSG00000147862","NFIB"
0.997811122606367,-1.48936414899623,0.30347589093218,-4.90768523463721,9.21576017689447e-07,2.65165497612764e-06,"ENSG00000147869","CER1"
5920.9434115188,-2.5833674003716,0.181464345139337,-14.236225845843,5.45970758487041e-46,1.04755542807826e-44,"ENSG00000148053","NTRK2"
212.685458508481,-1.30259095434434,0.118548963320336,-10.9877886559375,4.37514207006926e-28,4.22777443680957e-27,"ENSG00000148082","SHC3"
40.5180419092692,-2.24605397096757,0.224265605018956,-10.0151513237071,1.307616469906e-23,1.03277126727986e-22,"ENSG00000148123","PLPPR1"
36567.2769785752,-2.56823380538969,0.0833817310789049,-30.8009173251554,2.54736162646484e-208,3.05110238809826e-205,"ENSG00000148180","GSN"
52.690910492562,-2.10254331120838,0.139128627265468,-15.1122263802443,1.34516871638545e-51,3.13305946533918e-50,"ENSG00000148204","CRB2"
1577.53337768032,-1.16284701608068,0.0818101072600898,-14.2139774048183,7.50395717280302e-46,1.43576113478032e-44,"ENSG00000148339","SLC25A25"
304.869793436057,-2.14925889855668,0.154284273371478,-13.9305118505617,4.13382317703106e-44,7.43715615514675e-43,"ENSG00000148357","HMCN2"
19.0766050862196,-1.23113873271773,0.134642009780562,-9.14379349152783,6.02991656751482e-20,3.9710419621943e-19,"ENSG00000148483","TMEM236"
2316.70161120565,-1.03004577857624,0.0945079677901066,-10.8990363739899,1.16484353416087e-27,1.10379061949461e-26,"ENSG00000148516","ZEB1"
157.478177405856,-2.24169714524414,0.111772542363939,-20.0558840108068,1.79328080971109e-89,1.2785131487092e-87,"ENSG00000148541","FAM13C"
4234.67156303222,-1.37117474142453,0.0951894331172728,-14.4046948964939,4.83448033412628e-47,9.60680019941891e-46,"ENSG00000148700","ADD3"
12439.7511997349,-1.0245251364668,0.052628138979148,-19.467249960572,2.08150431465362e-84,1.29850093378978e-82,"ENSG00000148730","EIF4EBP2"
1992.29393466955,-1.07380266576884,0.0801372810024098,-13.3995395443545,6.08394335387731e-41,9.73552859332872e-40,"ENSG00000148737","TCF7L2"
927.9625283116,-1.40475580487662,0.153569255689017,-9.14737652776872,5.83329071789906e-20,3.84631101423815e-19,"ENSG00000148926","ADM"
87.4672759037786,-1.23844230800469,0.123523206936038,-10.0259889515819,1.17180557363377e-23,9.27034429207298e-23,"ENSG00000148935","GAS2"
6.81994704017902,-2.1473479637657,0.238616548893715,-8.99915774375804,2.27455901474635e-19,1.4543456879287e-18,"ENSG00000148965","SAA4"
724.744356785506,-3.51661928574526,0.127265889791214,-27.6320645815973,4.58470355079618e-168,1.78579794405402e-165,"ENSG00000149090","PAMR1"
165.441292853922,-5.91934444808636,0.242438760276435,-24.4158336783152,1.161237656997e-131,2.18176063320495e-129,"ENSG00000149124","GLYAT"
18540.7638264177,-1.29053033586525,0.0914252636964137,-14.1156862303464,3.04041794151647e-45,5.71464980690678e-44,"ENSG00000149131","SERPING1"
855.609675921739,-1.25050508811299,0.0918760067481304,-13.6107905902042,3.45486152387213e-42,5.79154708218032e-41,"ENSG00000149231","CCDC82"
500.888141681401,-1.44720931253286,0.105980138283085,-13.6554767334535,1.87259806782988e-42,3.17130340861539e-41,"ENSG00000149289","ZC3H12C"
360.447260931539,-1.45749828047862,0.178764854457144,-8.15315899148416,3.54539007351049e-16,1.93439970871071e-15,"ENSG00000149294","NCAM1"
96.981819884678,-1.49281714423769,0.216526510540892,-6.89438508249441,5.40982970470271e-12,2.31746192017442e-11,"ENSG00000149295","DRD2"
428.267411921929,-2.70340913851729,0.14719119997992,-18.3666492214623,2.42955852582015e-75,1.16867619449843e-73,"ENSG00000149451","ADAM33"
19.1239991985662,-2.34404361249963,0.143312973198785,-16.3561159899201,3.9343413929494e-60,1.16787048411528e-58,"ENSG00000149488","TMC2"
527.565440301237,-1.30482276789569,0.140750556247756,-9.27046260193019,1.85340314727479e-20,1.25489746729699e-19,"ENSG00000149527","PLCH2"
354.55122138571,-1.40605708207864,0.0946704299980004,-14.8521252317998,6.73976634201777e-50,1.48256292674964e-48,"ENSG00000149557","FEZ1"
1971.66498779613,-1.17370951642241,0.077727068407955,-15.1003960455852,1.60963683090616e-51,3.73994668131493e-50,"ENSG00000149564","ESAM"
91.9322432008054,-2.84186237216816,0.179293741028467,-15.8503155540547,1.39876728771581e-56,3.77548961996982e-55,"ENSG00000149575","SCN2B"
15584.1818516409,-1.36669625771243,0.105624394548738,-12.9392103363187,2.70394450047975e-38,3.9507770972243e-37,"ENSG00000149591","TAGLN"
632.323159810863,-2.45701984765736,0.158125672831341,-15.5383993229111,1.90686937122197e-54,4.8337625172087e-53,"ENSG00000149596","JPH2"
26.4499965291155,-1.08031566189832,0.213359830316252,-5.06335077365324,4.11950863823224e-07,1.22215405819374e-06,"ENSG00000149654","CDH22"
113.498912294671,-1.98302706227276,0.158755319451234,-12.4910904978015,8.35011996712406e-36,1.1106447740836e-34,"ENSG00000149970","CNKSR2"
30.0709295677967,-1.10647963411313,0.148016799020387,-7.47536523851406,7.69897199149182e-14,3.6871026400677e-13,"ENSG00000150045","KLRF1"
182.085060316338,-1.65827926490798,0.087650411839598,-18.9192409950414,7.91866153387517e-80,4.30627779895527e-78,"ENSG00000150048","CLEC1A"
3.55243862691814,-1.45248309908875,0.238186845842902,-6.09808276333927,1.07348166900046e-09,3.9215026124142e-09,"ENSG00000150175",NA
5181.13130016162,-1.49107031357648,0.0795377597404306,-18.746697398098,2.05992824774209e-78,1.07506712798828e-76,"ENSG00000150347","ARID5B"
51.563060060865,-1.3626684426489,0.150708483447009,-9.04175008255615,1.54183260850657e-19,9.94737412786829e-19,"ENSG00000150394","CDH8"
247.269949182926,-1.92949993758905,0.180612273867189,-10.6831052855681,1.2211711154166e-26,1.105979359917e-25,"ENSG00000150471","ADGRL3"
237.559901192781,-1.16112326425768,0.115227747061396,-10.0767679128449,6.99905935870015e-24,5.59341007298289e-23,"ENSG00000150510","FAM124A"
1537.06646040124,-1.43509255563084,0.13379667223718,-10.7259211431422,7.69168332277739e-27,7.01787370013835e-26,"ENSG00000150594","ADRA2A"
181.226765041723,-1.02134714191305,0.117679995813383,-8.67902088926565,3.99190384375653e-18,2.39934905475317e-17,"ENSG00000150672","DLG2"
21.9684574412347,-1.73231731978011,0.180327755594401,-9.60649298866948,7.50620965902766e-22,5.42826422285306e-21,"ENSG00000150750","POU2AF2"
2244.15842045569,-1.42927272936343,0.077429232786212,-18.4590842235227,4.40751187492379e-76,2.16800712451333e-74,"ENSG00000150764","DIXDC1"
1629.81957553465,-1.81066179922459,0.0777508620598677,-23.2879964447261,5.86649339782501e-120,8.46577405692157e-118,"ENSG00000150907","FOXO1"
8188.40983565546,-1.66582942215357,0.0901989190042825,-18.468396745137,3.70938055201028e-76,1.83024121778386e-74,"ENSG00000150938","CRIM1"
45.7909163120864,-1.88293881453437,0.180805541911531,-10.4141653769424,2.13663427428912e-25,1.83451878281706e-24,"ENSG00000151079","KCNA6"
1838.06185705235,-1.45679743790403,0.0991349891649418,-14.6950884866714,6.9307892568937e-49,1.47317707762989e-47,"ENSG00000151090","THRB"
338.56145961383,-1.02972581322915,0.130665988011775,-7.88059562321876,3.25824162920755e-15,1.69179967980204e-14,"ENSG00000151136","ABTB3"
3.34193642503549,-2.31312843212377,0.147823441084788,-15.6479135862966,3.43290979194596e-55,8.90474868067845e-54,"ENSG00000151303","AGAP11"
306.877523726112,-2.17176382783378,0.124945335182581,-17.3817119675593,1.13513643487093e-67,4.25876167538498e-66,"ENSG00000151320","AKAP6"
202.879915755556,-1.08041735073082,0.133178086176525,-8.11257603821363,4.95577407319866e-16,2.68617644356769e-15,"ENSG00000151322","NPAS3"
83.872320229667,-1.53546628861305,0.181432773153459,-8.46300402030634,2.60576725662274e-17,1.5006888960788e-16,"ENSG00000151364","KCTD14"
1291.89777098867,-2.80097151710312,0.218697276714429,-12.8075281008669,1.48799536563008e-37,2.1248839930652e-36,"ENSG00000151365","THRSP"
1609.47127927252,-2.82891576330841,0.114325411586526,-24.7444179211844,3.5603559994897e-135,7.16708638384671e-133,"ENSG00000151468","CCDC3"
3640.75248636045,-1.07877122911105,0.0776006736462217,-13.9015704171477,6.19666744949447e-44,1.10447298179048e-42,"ENSG00000151491","EPS8"
584.179730415132,-2.14400449659133,0.116266817002096,-18.4403818034571,6.22997806615976e-76,3.05504860951601e-74,"ENSG00000151623","NR3C2"
1688.50084017583,-3.04681873416952,0.228664290633066,-13.3244186301861,1.66928063561134e-40,2.63076431750458e-39,"ENSG00000151632","AKR1C2"
110.848280096035,-2.28774802875082,0.214541933218056,-10.6634073555476,1.50963192376556e-26,1.35977562450851e-25,"ENSG00000151655","ITIH2"
687.153082249709,-1.1123650678022,0.0715082191401285,-15.5557652138196,1.45406918358879e-54,3.70358610237847e-53,"ENSG00000151689","INPP1"
1270.25011905381,-1.17227050678299,0.0808522371994745,-14.498924796488,1.23062446458127e-47,2.4940447588024e-46,"ENSG00000151702","FLI1"
10302.1159285781,-2.78992743710559,0.114867008585396,-24.2883267481583,2.60433862728679e-130,4.76236120737826e-128,"ENSG00000151726","ACSL1"
2431.13141319055,-1.00175445407665,0.0573408119377353,-17.4701825841676,2.417199372078e-68,9.26464175330054e-67,"ENSG00000151748","SAV1"
63.7735366179576,-1.71393382540476,0.252934132073985,-6.77620616621018,1.23372595019839e-11,5.15594995411765e-11,"ENSG00000151834","GABRA2"
1421.81779855984,-1.10191536264886,0.103048412795016,-10.6931813189669,1.09547639847934e-26,9.94020345665624e-26,"ENSG00000151835","SACS"
2403.90234052217,-2.40857292201333,0.178490341313427,-13.494135897157,1.69328788812154e-41,2.75468328420724e-40,"ENSG00000151882","CCL28"
16468.2119161853,-2.33288237747649,0.104410702803587,-22.343326065576,1.40205385292959e-110,1.65857778009522e-108,"ENSG00000151914","DST"
24.5424628030539,-1.15890152918368,0.146647914785579,-7.90261171376466,2.73119363265248e-15,1.42555275019479e-14,"ENSG00000151948","GLT1D1"
39.2089658333574,-1.47229369848231,0.126623796336756,-11.6273065654005,2.99395864701176e-31,3.30432063529909e-30,"ENSG00000151967","SCHIP1"
96.5839657341967,-1.95525508825565,0.187459359960927,-10.4302878696651,1.8034109950858e-25,1.55342360256312e-24,"ENSG00000152092","ASTN1"
4151.11164094698,-1.57198037462651,0.0945241659584025,-16.6304601441106,4.19361265207412e-62,1.31575626824408e-60,"ENSG00000152104","PTPN14"
951.55390183926,-1.11336644883836,0.0520375594684028,-21.3954393751767,1.47335115174514e-101,1.40334500358071e-99,"ENSG00000152133","GPATCH11"
147.491997872095,-2.1371131905458,0.132026584265846,-16.1869914489536,6.23011226390988e-59,1.79485675624728e-57,"ENSG00000152154","TMEM178A"
903.84231287897,-3.7760544994465,0.146127568955655,-25.8408083186027,3.08663984821847e-147,7.62272758392509e-145,"ENSG00000152270","PDE3B"
1086.86092858621,-1.89488066415007,0.0818545855669344,-23.1493526114134,1.47574393021334e-118,2.04343617620004e-116,"ENSG00000152465","NMT2"
4187.21054704697,-1.27772460857623,0.0512851081261167,-24.9141447734524,5.22796017053383e-137,1.08429251848604e-134,"ENSG00000152492","CCDC50"
6925.43632013001,-1.26587661262933,0.0933399906171569,-13.5619963561111,6.72797057934952e-42,1.11535318497106e-40,"ENSG00000152518","ZFP36L2"
635.186056767318,-1.67803357559789,0.125363077865999,-13.3853890967127,7.36108661881116e-41,1.17478234479428e-39,"ENSG00000152527","PLEKHH2"
144.683619057754,-3.36724938516921,0.226911430385173,-14.8394877219426,8.13749976605664e-50,1.7851081217572e-48,"ENSG00000152578","GRIA4"
544.618204956554,-2.76510238418895,0.178814893226529,-15.4634903966641,6.11910042361511e-54,1.52531790476275e-52,"ENSG00000152580","IGSF10"
18805.7476669102,-1.71447525721585,0.0984363414126092,-17.4170964972112,6.12052430211213e-68,2.30711502214156e-66,"ENSG00000152583","SPARCL1"
56.9681053022159,-2.17726526947531,0.193062292955001,-11.2775272485901,1.69441929274689e-29,1.74018495853169e-28,"ENSG00000152779","SLC16A12"
95.8091769872289,-1.28330500042195,0.10041236046516,-12.7803488980544,2.11120327017075e-37,2.99608260289931e-36,"ENSG00000152784","PRDM8"
57.3554694483376,-4.16204824470137,0.257387789843085,-16.1703406647174,8.16456373696498e-59,2.34792466169263e-57,"ENSG00000152785","BMP3"
7797.73748177809,-1.43464129610932,0.0850912283686543,-16.860037439979,8.85329500492113e-64,2.93334276407864e-62,"ENSG00000152818","UTRN"
137.012779264452,-1.59517048378822,0.189835559296924,-8.4029066508725,4.35560919467941e-17,2.48484444530948e-16,"ENSG00000152932","RAB3C"
249.279617691957,-1.21452725032036,0.178389268028203,-6.80829773979649,9.87603101052835e-12,4.15235318748937e-11,"ENSG00000153064","BANK1"
328.985208165628,-1.85788205797638,0.139297194158955,-13.3375411413981,1.40001543275231e-40,2.21441859964224e-39,"ENSG00000153162","BMP6"
1595.19823061402,-1.51479666131115,0.0852185991994947,-17.7754231534016,1.09567870424835e-70,4.56469275830769e-69,"ENSG00000153246","PLA2R1"
84.695670943659,-2.76617247156551,0.17333082753423,-15.9589180465848,2.46975750316766e-57,6.8278177713077e-56,"ENSG00000153253","SCN3A"
3.39636373000685,-2.60071503512629,0.430850996837248,-6.03622842750135,1.57757895433111e-09,5.69440275009445e-09,"ENSG00000153266","FEZF2"
247.255479011068,-1.91609182940243,0.137369018230983,-13.9485005722365,3.21289133235384e-44,5.80209663524585e-43,"ENSG00000153291","SLC25A27"
57.8814677748513,-4.21487005531764,0.176132847929694,-23.9300624776138,1.49049912280596e-126,2.57797158749579e-124,"ENSG00000153303","FRMD1"
0.34394196848634,-1.70796811508024,0.304723251403863,-5.60498126484151,2.08277492052014e-08,6.89795012042858e-08,"ENSG00000153684","GOLGA8F"
62.7555429624298,-2.83905249393728,0.325531713925362,-8.72127775110788,2.75079737371076e-18,1.66950471465015e-17,"ENSG00000153820","SPHKAP"
111.134790111256,-2.78363659240259,0.27693708900562,-10.0515124297638,9.04681416237415e-24,7.19032625280932e-23,"ENSG00000153822","KCNJ16"
459.99521338434,-2.47927549317392,0.121389589578297,-20.4241195788438,1.02082112980937e-92,7.96539744774706e-91,"ENSG00000153823","PID1"
229.417946309877,-2.39205095431365,0.108320182051738,-22.0831511635671,4.58945338652674e-108,5.17366380584696e-106,"ENSG00000153902","LGI4"
922.273913140533,-1.95481298505191,0.112566577158442,-17.3658383722589,1.49697263202022e-67,5.60312178125695e-66,"ENSG00000153956","CACNA2D1"
379.754710695429,-2.0707415236599,0.156072057841012,-13.2678555809735,3.5561201914585e-40,5.5352085241318e-39,"ENSG00000153993","SEMA3D"
1179.18195658619,-2.35231999184114,0.181342627393579,-12.9716880451707,1.77086914321878e-38,2.60732454368813e-37,"ENSG00000154027","AK5"
399.587711299006,-2.21286449102337,0.137182844980431,-16.1307668705882,1.55082765655648e-58,4.41212310128391e-57,"ENSG00000154065","ANKRD29"
236.013423308248,-2.33182112947671,0.209852516402919,-11.1117139286507,1.10027136398409e-28,1.0893573268956e-27,"ENSG00000154080","CHST9"
1220.53555768541,-1.90923110047488,0.0817230546877211,-23.3622092048615,1.0356888237995e-120,1.53147689963685e-118,"ENSG00000154133","ROBO4"
289.327415435365,-1.72459188137756,0.11127103255766,-15.4990193021161,3.52227418352271e-54,8.84305094665431e-53,"ENSG00000154134","ROBO3"
30.3353088849986,-2.28979476093277,0.301750832341703,-7.58836270032157,3.23973005572283e-14,1.58480158229202e-13,"ENSG00000154162","CDH12"
43.5216024514981,-1.70339996805181,0.21446341816568,-7.94261316275336,1.97965604106725e-15,1.04019873796372e-14,"ENSG00000154165","GPR15"
1987.43523362596,-2.14671036329476,0.14373665366222,-14.935023938567,1.9500405943279e-50,4.36164541896589e-49,"ENSG00000154175","ABI3BP"
430.299595191766,-2.74518090125456,0.143257553592008,-19.1625560567141,7.60454276644989e-82,4.379010143517e-80,"ENSG00000154188","ANGPT1"
667.777445194155,-1.0720317582704,0.123233774653409,-8.69917164580448,3.34315522816425e-18,2.01853266517138e-17,"ENSG00000154229","PRKCA"
388.133947761088,-1.75575264117861,0.0816067099935765,-21.5148073156829,1.1314850771086e-102,1.11542078280397e-100,"ENSG00000154240","CEP112"
525.296389369286,-3.58744137452127,0.143708491953134,-24.9633221096718,1.53056211311578e-137,3.23036259204304e-135,"ENSG00000154258","ABCA9"
562.964687746269,-2.66606099725912,0.127091812986617,-20.9774409114761,1.05415739155396e-97,9.19939537875231e-96,"ENSG00000154262","ABCA6"
228.286229648293,-3.34074069713586,0.147454839786523,-22.6560260888853,1.21677074581933e-113,1.52605985424618e-111,"ENSG00000154263","ABCA10"
1277.41053384579,-1.4967223579316,0.0910327355526519,-16.4415838856772,9.63670858995407e-61,2.90739740897166e-59,"ENSG00000154265","ABCA5"
633.084599249156,-2.54464985864258,0.137067085979959,-18.5649956767494,6.16920540957249e-77,3.10143369541047e-75,"ENSG00000154330","PGM5"
61.7661836851845,-2.38455073455666,0.233157367519707,-10.2272158925243,1.49762997879212e-24,1.23794776197257e-23,"ENSG00000154493","C10orf90"
920.31665465712,-1.13307144240352,0.0747200919936967,-15.1642136963523,6.1025350415133e-52,1.43460477840482e-50,"ENSG00000154511","DIPK1A"
57.6469451428963,-2.73742954358987,0.166916824995998,-16.3999617393603,1.91358529172311e-60,5.7299919579034e-59,"ENSG00000154529","CNTNAP3B"
2150.73242693795,-2.52544570328984,0.118145616707847,-21.3757037600034,2.24906768251967e-101,2.13371945880232e-99,"ENSG00000154553","PDLIM3"
3409.89894200711,-1.00627998887531,0.128884199900649,-7.80762878344286,5.82739203608628e-15,2.9831216203536e-14,"ENSG00000154556","SORBS2"
380.939995048522,-2.737335228279,0.153404336668229,-17.8439233709481,3.22254116540956e-71,1.35669549415441e-69,"ENSG00000154678","PDE1C"
1179.1239212178,-2.06142904693407,0.0938370025990646,-21.968189411824,5.80363027912417e-107,6.31936196983725e-105,"ENSG00000154721","JAM2"
4212.2172732865,-2.24072556599254,0.124490573659748,-17.9991584914437,1.9780151505129e-72,8.70217684674683e-71,"ENSG00000154734","ADAMTS1"
1431.62631318457,-3.03276869509294,0.115338961069052,-26.2943992817593,2.22249151204203e-152,6.01579482157817e-150,"ENSG00000154736","ADAMTS5"
1872.07139438389,-1.02092824370665,0.102449600072805,-9.96517549098418,2.16491191473933e-23,1.69257392028657e-22,"ENSG00000154783","FGD5"
554.31049366793,-1.08137447057176,0.0973673512184039,-11.1061301045988,1.1712621390358e-28,1.15844692570614e-27,"ENSG00000154822","PLCL2"
1679.70864993932,-2.15189831639991,0.11356950575618,-18.9478531413156,4.59969456711993e-80,2.51278639350873e-78,"ENSG00000154856","APCDD1"
344.597885604854,-2.18582518260893,0.156193338846438,-13.9943559613508,1.68751442233442e-44,3.07878202490641e-43,"ENSG00000154928","EPHB1"
641.682311798296,-1.41237170811072,0.0714462372512831,-19.7683147839301,5.58092130430586e-87,3.72398244692609e-85,"ENSG00000155016","CYP2U1"
5080.7864319314,-1.24599564638807,0.067420642609211,-18.4809221355278,2.94111426928621e-76,1.45566926282544e-74,"ENSG00000155090","KLF10"
1390.63555907565,-1.40531119968206,0.0811235063118113,-17.3231072419443,3.1488626153797e-67,1.16405870295402e-65,"ENSG00000155324","GRAMD2B"
1137.38576826538,-1.2685341054204,0.119507080082608,-10.6147192663693,2.54558472562909e-26,2.27280961991967e-25,"ENSG00000155659","VSIG4"
3434.4953270402,-1.15661390930746,0.107757948306861,-10.7334440519764,7.09032930045382e-27,6.48030669181119e-26,"ENSG00000155760","FZD7"
817.818765096271,-1.29132633613574,0.0875963415919556,-14.741783876672,3.47483374335147e-49,7.48894667764142e-48,"ENSG00000155962","CLIC2"
142.131825529672,-1.00244938064276,0.158975666778443,-6.30567810128973,2.86934836039348e-10,1.09303077002824e-09,"ENSG00000155966","AFF2"
143.093257284728,-2.2171425839923,0.109544033624053,-20.2397384014667,4.37485119089304e-91,3.25970638500288e-89,"ENSG00000155970","MICU3"
640.915567316453,-1.63833262911351,0.34517318793853,-4.74640756107994,2.07061288035723e-06,5.76259442915567e-06,"ENSG00000156076","WIF1"
186.386234267453,-1.19468810015821,0.137336192550177,-8.69900408606219,3.3480947090317e-18,2.02126030128161e-17,"ENSG00000156140","ADAMTS3"
818.571428205995,-2.07758600623943,0.200622437508192,-10.3557011471092,3.94286970408811e-25,3.34045778112929e-24,"ENSG00000156284","CLDN8"
628.27144229599,-2.44027503820431,0.125375207850988,-19.463776611279,2.22749780223532e-84,1.38776878680226e-82,"ENSG00000156298","TSPAN7"
421.986582209628,-1.28533267163895,0.143487466564348,-8.95780448574952,3.31207109022717e-19,2.09812674775597e-18,"ENSG00000156463","SH3RF2"
79.025527207744,-1.59632268870432,0.127411144229152,-12.528909447931,5.18710218744998e-36,6.94949848436041e-35,"ENSG00000156475","PPP2R2B"
10.5150364140591,-1.35318752261922,0.132354938216813,-10.2239292379295,1.54930634555626e-24,1.27978046578621e-23,"ENSG00000156574","NODAL"
9332.8757966046,-1.01114849069958,0.109666391767998,-9.22022211543794,2.9648541651285e-20,1.98610406950932e-19,"ENSG00000156804","FBXO32"
3.5633463767699,-3.10716000867347,0.262491361371127,-11.8371895838521,2.50714096014868e-32,2.89997883632843e-31,"ENSG00000156920","ADGRG4"
324.13186728727,-1.83249410298951,0.182635884422282,-10.0335928439589,1.08495290143284e-23,8.5917509929996e-23,"ENSG00000157064","NMNAT2"
0.596204977397717,-1.61159547888484,0.291250859850807,-5.53335869878764,3.14156081523598e-08,1.02605616373274e-07,"ENSG00000157119","KLHL40"
718.069810059762,-4.5765845163464,0.195496148025537,-23.410100723563,3.37236039641107e-121,5.0808108991212e-119,"ENSG00000157150","TIMP4"
248.018013934796,-2.7544731196526,0.16304792846656,-16.8936406954567,5.01130132003395e-64,1.67661624471248e-62,"ENSG00000157152","SYN2"
516.184767542924,-2.18486029697964,0.179398430643362,-12.1788149937781,4.03095986367249e-34,5.02532623129194e-33,"ENSG00000157168","NRG1"
647.373381564431,-1.03606326911078,0.158397477448158,-6.54090763187736,6.11465904025417e-11,2.43579707839509e-10,"ENSG00000157368","IL34"
3573.23411662138,-2.94695169430219,0.162078196825099,-18.1822833177388,7.13022096329762e-74,3.28786223630018e-72,"ENSG00000157404","KIT"
877.546959541379,-1.561547029502,0.0776109565401558,-20.1201879105054,4.91212876906517e-90,3.57659710221751e-88,"ENSG00000157510","AFAP1L1"
1070.74560956419,-1.67189818422984,0.0832078472551734,-20.0930349646306,8.49098478350988e-90,6.14507827150791e-88,"ENSG00000157554","ERG"
3448.06102486113,-1.22800703392185,0.0807822581382323,-15.2014447506595,3.45907139965114e-52,8.20010444123139e-51,"ENSG00000157557","ETS2"
2668.61728613623,-1.70711213869949,0.079088468489712,-21.5848425351864,2.49336523032514e-103,2.48869017051828e-101,"ENSG00000157617","C2CD2"
5747.23161232646,-1.96997687704427,0.0823553832656546,-23.9204384574314,1.87717690006591e-126,3.22349624667233e-124,"ENSG00000157654","PALM2AKAP2"
257.239904425165,-1.01417316354919,0.126495504339697,-8.01746408967768,1.07950629127787e-15,5.76193698920708e-15,"ENSG00000157680","DGKI"
42.321076670352,-2.23485365414578,0.101583546074364,-22.0001539669601,2.87002671680133e-107,3.14652128150919e-105,"ENSG00000157782","CABP1"
47.8682469045175,-2.79004685469384,0.161459910354783,-17.28012141567,6.64080818901141e-67,2.4231616171785e-65,"ENSG00000158104","HPD"
684.948692784531,-1.03477156200666,0.19435441126262,-5.32414754717573,1.01427555392106e-07,3.16944572060776e-07,"ENSG00000158125","XDH"
2854.90014384945,-2.21501568259294,0.106102986440139,-20.8760917756317,8.83280498901015e-97,7.46348654362392e-95,"ENSG00000158186","MRAS"
688.230952335839,-1.29606956536835,0.0724442352384346,-17.8905824749563,1.39641033135469e-71,5.94156474024894e-70,"ENSG00000158301","GPRASP2"
861.476352137675,-1.23806678851622,0.0859441754223821,-14.4054763738392,4.78010568283327e-47,9.50269142176524e-46,"ENSG00000158352","SHROOM4"
330.044318822869,-2.91751680757977,0.175816771695786,-16.5940756359007,7.6918889855056e-62,2.39764737342598e-60,"ENSG00000158445","KCNB1"
115.823306862937,-2.31756675866995,0.174757028727993,-13.2616511938825,3.8629546525636e-40,5.99916231456473e-39,"ENSG00000158458","NRG2"
8.33741319589058,-2.37879017838373,0.209304721814121,-11.3652007358739,6.23210389887718e-30,6.53920494514248e-29,"ENSG00000158516","CPA2"
1376.80917512776,-1.37579772857696,0.11039865489802,-12.462087784021,1.20182517281654e-35,1.59191164029971e-34,"ENSG00000158555","GDPD5"
175.098106695985,-3.56803505946644,0.143358967790008,-24.888816615176,9.83299632253334e-137,2.00467597367052e-134,"ENSG00000158571","PFKFB1"
9.32208465627791,-3.29666218283443,0.180718729424064,-18.2419508666347,2.39746767109454e-74,1.11625535590029e-72,"ENSG00000158578","ALAS2"
54.3184903659487,-1.01195691691757,0.16540627385739,-6.1180080617139,9.47522746267407e-10,3.47620911047335e-09,"ENSG00000158806","NPM2"
100.658136926717,-1.42017747087411,0.106154272699644,-13.3784296642717,8.08372244260078e-41,1.28668153563124e-39,"ENSG00000158813","EDA"
7.3049585168437,-1.28650737989566,0.183903515761951,-6.99555620002906,2.64208645628782e-12,1.15494855949589e-11,"ENSG00000158815","FGF17"
1434.72573591983,-1.21142928527556,0.111245697174391,-10.8896731832827,1.29102727625696e-27,1.22094585087783e-26,"ENSG00000158856","DMTN"
138.050052292677,-1.21840366358922,0.185940935308347,-6.55263813516227,5.65293858288146e-11,2.26013759080239e-10,"ENSG00000158887","MPZ"
0.978275880866827,-1.39437198044052,0.345006662233136,-4.04157986809625,5.30922918505275e-05,0.000127488557666338,"ENSG00000158901","WFDC8"
1121.00107210922,-2.09626754398979,0.10331698307819,-20.2896705027027,1.58654880366336e-91,1.20081442627981e-89,"ENSG00000158966","CACHD1"
20291.7944995187,-1.28869797730012,0.0742656208007425,-17.3525510647483,1.88676216036931e-67,7.03461284850535e-66,"ENSG00000159176","CSRP1"
4608.07064678017,-1.68461679930088,0.122157561702744,-13.7905241052552,2.90640690294888e-43,5.07271237596652e-42,"ENSG00000159200","RCAN1"
20.1738599108767,-1.03851497749061,0.220253603476009,-4.71508734068781,2.41607087659721e-06,6.68479762634398e-06,"ENSG00000159251","ACTC1"
157.23215788645,-2.43533771750951,0.193405387637519,-12.5918814737148,2.34027801765686e-36,3.17808162771939e-35,"ENSG00000159387","IRX6"
678.740704839063,-2.13579961202102,0.0940182791160601,-22.716854978642,3.05299645367323e-114,3.86955185437789e-112,"ENSG00000159433","STARD9"
16.9991868827132,-2.50774514334571,0.190249541303003,-13.1813465944274,1.12367060029415e-39,1.71777467964559e-38,"ENSG00000159648","SPMIP8"
1317.6933845974,-1.10619493355887,0.141602234261981,-7.81198784979819,5.62929886827468e-15,2.88603219667244e-14,"ENSG00000159713","TPPP3"
557.08978157515,-1.62403399967037,0.0904114823640216,-17.962696299255,3.81802546667532e-72,1.66141326165681e-70,"ENSG00000159899","NPR2"
875.075868360161,-1.17047744661309,0.150162299576671,-7.79474908091337,6.45365915700605e-15,3.29737453569542e-14,"ENSG00000160111","CPAMD8"
1039.26271604159,-1.0690669585342,0.0994832374448647,-10.7462019330312,6.17523077515758e-27,5.66121902866053e-26,"ENSG00000160145","KALRN"
964.602960005896,-2.79315449617762,0.212879378974938,-13.12083166358,2.50174298777598e-39,3.79779805273598e-38,"ENSG00000160307","S100B"
28.1561347028088,-1.38679973583213,0.131700223762269,-10.5299725104145,6.28528330803402e-26,5.51314396352819e-25,"ENSG00000160318","CLDND2"
65.1475375924563,-1.07704868717669,0.238406235107012,-4.51770351850586,6.25139320570565e-06,1.66160470726967e-05,"ENSG00000160339","FCN2"
158.353637149935,-1.88059864482958,0.103971297140036,-18.0876712762047,3.98576879626228e-73,1.78967369286716e-71,"ENSG00000160539","PLPP7"
169.867538735293,-2.11613428281018,0.142437432827533,-14.8565881931644,6.30556799903617e-50,1.38896442682217e-48,"ENSG00000160801","PTH1R"
49.6725673190892,-1.07825891002497,0.100531149422024,-10.7256200314441,7.7167779871936e-27,7.03942942434206e-26,"ENSG00000160808","MYL3"
8.90951454824781,-1.85527959977714,0.168009176075111,-11.0427278028416,2.37705317320118e-28,2.32322761175171e-27,"ENSG00000160868","CYP3A4"
660.205921549032,-1.47957525946672,0.272942800747862,-5.420825372249,5.93244897400616e-08,1.89242712793552e-07,"ENSG00000161055","SCGB3A1"
602.126289236146,-2.51327646068594,0.131051161547641,-19.1778266671241,5.67013526478562e-82,3.27691411985379e-80,"ENSG00000161281","COX7A1"
725.708443245184,-1.34952900935424,0.0969233512657907,-13.9236725900393,4.54914743144378e-44,8.1720904927061e-43,"ENSG00000161544","CYGB"
7.87917928560925,-1.54434992833003,0.101164756164212,-15.2656912039921,1.29448846990082e-52,3.11183856462359e-51,"ENSG00000161594","KLHL10"
615.792583062878,-5.01508038331693,0.216706452945719,-23.1422752536728,1.73894406390514e-118,2.40094553607191e-116,"ENSG00000161649","CD300LG"
443.266183786548,-1.38691540348618,0.0992657438874487,-13.9717424075189,2.31883337492019e-44,4.2113459815173e-43,"ENSG00000161835","TAMALIN"
195.831820547424,-1.94940541358229,0.096094895799282,-20.2862534723395,1.70072272555098e-91,1.28317520915193e-89,"ENSG00000162367","TAL1"
80.0920205116312,-1.79563911655152,0.134412429553975,-13.3591746128691,1.04718850379843e-40,1.66128480850936e-39,"ENSG00000162383","SLC1A7"
3373.31553659781,-1.93437899260826,0.0727587743613431,-26.5861954051277,9.80397756086336e-156,2.86407661549368e-153,"ENSG00000162407","PLPP3"
3389.91753835252,-1.1248338751984,0.0722594428844233,-15.5666004372264,1.22760658102671e-54,3.13678033583945e-53,"ENSG00000162413","KLHL21"
2997.09737072028,-1.02142293821264,0.119777634604366,-8.52765995577117,1.49337754104341e-17,8.71576537841272e-17,"ENSG00000162433","AK4"
883.55289881922,-2.21394279407916,0.127640544823114,-17.3451374494466,2.14664124125457e-67,7.99110970229266e-66,"ENSG00000162444","RBP7"
54.2077079473985,-1.17576330309324,0.100778403256333,-11.6668181386309,1.88336218010918e-31,2.09744030797375e-30,"ENSG00000162461","SLC25A34"
5.72964202973632,-3.77657929535504,0.22704833827174,-16.633371219987,3.99471411421225e-62,1.25499510302891e-60,"ENSG00000162494","LRRC38"
3273.30904638202,-1.14844356167189,0.0880440000676144,-13.0439730224652,6.87775025520416e-39,1.02492384051892e-37,"ENSG00000162496","DHRS3"
1514.16298855833,-1.19456496651706,0.147804348716966,-8.08206914672421,6.36769801558027e-16,3.42859532396551e-15,"ENSG00000162551","ALPL"
23.2930653506271,-1.34262778487666,0.125745022633563,-10.6773831421483,1.29881327258523e-26,1.17452140221892e-25,"ENSG00000162571","TTLL10"
782.294835299502,-1.4037996335242,0.093767079054131,-14.9711353673905,1.13369166534832e-50,2.56082827377832e-49,"ENSG00000162614","NEXN"
1292.46312806119,-1.49398510187588,0.0687827265526613,-21.720353012352,1.31762719154559e-104,1.36344532930776e-102,"ENSG00000162616","DNAJB4"
2065.13986492734,-1.67396343363172,0.0849471628599335,-19.7059369291928,1.91759684964704e-86,1.25679979571258e-84,"ENSG00000162618","ADGRL4"
20.2464357313904,-1.52474617258984,0.174224982988866,-8.75159317815679,2.10361550600317e-18,1.28403897174942e-17,"ENSG00000162669","HFM1"
62.9375628743693,-1.14064375575383,0.137542369771492,-8.29303550352418,1.10394372673068e-16,6.17656708486124e-16,"ENSG00000162687","KCNT2"
158.378667924672,-2.26359797048827,0.194287349832485,-11.6507738277348,2.27384568960145e-31,2.5264366184788e-30,"ENSG00000162706","CADM3"
4464.37407944631,-2.66021321626335,0.103940849811041,-25.5935295997624,1.80078542098724e-144,4.18813735531547e-142,"ENSG00000162733","DDR2"
18.3038499931638,-2.40966059948289,0.198523683200767,-12.1378999252497,6.6511227685159e-34,8.23398686924022e-33,"ENSG00000162761","LMX1A"
3307.43123334398,-2.05877055463972,0.141362138399857,-14.5638045515149,4.77260345386766e-48,9.868598682555e-47,"ENSG00000162772","ATF3"
3279.56711434733,-1.1883867503691,0.115625506287195,-10.2778944588345,8.86429117134996e-25,7.39746019890919e-24,"ENSG00000162817","C1orf115"
19.2298927751038,-1.41537047104536,0.155612312371327,-9.09549154226276,9.41595740143734e-20,6.13349448134416e-19,"ENSG00000162877","PM20D1"
708.771893119147,-2.04374926039197,0.131947652362731,-15.489091497995,4.11058075700993e-54,1.03001006311896e-52,"ENSG00000162878","PKDCC"
338.462576382027,-1.02468166564644,0.121012935725338,-8.46753828014012,2.50633567421309e-17,1.44533632825649e-16,"ENSG00000162882","HAAO"
5110.18944983563,-2.28707433567915,0.265091091723426,-8.62750355287416,6.2705589095485e-18,3.73102927665758e-17,"ENSG00000162896","PIGR"
284.705811138119,-1.31463477476718,0.0846424832368553,-15.5316186918623,2.11961171559798e-54,5.35887056962001e-53,"ENSG00000162944","RFTN2"
0.452582707959752,-2.07710666723455,0.289665519430703,-7.17070734313429,7.46112496740025e-13,3.37610972032627e-12,"ENSG00000163012","ZSWIM2"
4679.07063337774,-1.90230578574646,0.215623116063668,-8.82236478386092,1.12067480806109e-18,6.91901160492359e-18,"ENSG00000163017","ACTG2"
2804.26556821398,-1.07634076877454,0.0736707592301584,-14.6101489929252,2.41988189263661e-48,5.05170115364793e-47,"ENSG00000163069","SGCB"
250.537525153917,-1.0162913743257,0.106185442136348,-9.57091060581291,1.05968173757475e-21,7.61616442352328e-21,"ENSG00000163132","MSX1"
212.514431632251,-2.5005933902497,0.165292836228955,-15.1282623451751,1.05442991417112e-51,2.4666863861298e-50,"ENSG00000163145","C1QTNF7"
59.1853900359608,-1.99328194215071,0.128681022522354,-15.4901002733674,4.04658859920187e-54,1.01450580736662e-52,"ENSG00000163239","TDRD10"
529.089594690305,-1.04352723332197,0.0956582095224983,-10.9089145461848,1.04496577777525e-27,9.91568833694046e-27,"ENSG00000163251","FZD5"
3.7256003841874,-2.41549958914906,0.224070688282702,-10.780078410352,4.27521185241804e-27,3.95186957069937e-26,"ENSG00000163285","GABRG1"
2665.00091476223,-1.79107074652292,0.0811439136608194,-22.0727675769938,5.77465050476508e-108,6.44903276651038e-106,"ENSG00000163297","ANTXR2"
1425.29751387348,-1.29116361652089,0.0665218069824528,-19.4096293394657,6.39869845869863e-84,3.93532276195445e-82,"ENSG00000163378","EOGT"
45.0019276628777,-1.18821117686793,0.210655888308152,-5.6405315152159,1.69526035445167e-08,5.66031943562474e-08,"ENSG00000163395","IGFN1"
2137.40101758907,-1.04212651679815,0.0705146392481618,-14.7788675927363,2.00509023435888e-49,4.35466333309764e-48,"ENSG00000163412","EIF4E3"
5.1900950911923,-1.34569285628653,0.237351645718242,-5.66961670821523,1.43117332965616e-08,4.80366500096866e-08,"ENSG00000163421","PROK2"
23059.5915370394,-1.32710061548309,0.0940601135578962,-14.1090688208263,3.33958544650856e-45,6.25976286158941e-44,"ENSG00000163430","FSTL1"
1603.44626147128,-2.62643841864412,0.110614623773613,-23.7440433194391,1.26600460876141e-124,2.0772013974575e-122,"ENSG00000163431","LMOD1"
47.4162365619706,-2.5922546863447,0.147645106380836,-17.5573356265411,5.22718529414604e-69,2.05780154020162e-67,"ENSG00000163492","CCDC141"
8239.30376886341,-2.20881708368948,0.0924007676850334,-23.9047481858449,2.73359600047669e-126,4.67737801367279e-124,"ENSG00000163513","TGFBR2"
10323.5511643073,-1.33052031058604,0.119098037176174,-11.1716392825004,5.61351949076961e-29,5.63705132682398e-28,"ENSG00000163520","FBLN2"
19.9063185027769,-1.3270188397489,0.131835232117233,-10.0657375000399,7.82982744904493e-24,6.24795191678452e-23,"ENSG00000163554","SPTA1"
1172.41875666817,-1.0519509759621,0.0876666641891906,-11.9994411295486,3.57703585918249e-33,4.28653796932049e-32,"ENSG00000163590","PPM1L"
1217.27048246841,-1.06412210239737,0.293885394225394,-3.62087440650843,0.00029360902603899,0.000649377178355093,"ENSG00000163631","ALB"
1420.16096766009,-1.08756682308724,0.0899853852355244,-12.086038418802,1.25178548145612e-33,1.53266144688379e-32,"ENSG00000163637","PRICKLE2"
1222.88321944097,-1.10100380652763,0.118154306943174,-9.31835525096137,1.18157665561155e-20,8.08012240513125e-20,"ENSG00000163638","ADAMTS9"
2662.91674972967,-1.19284515211171,0.0802309076895733,-14.8676512140063,5.34560820579504e-50,1.18022160893843e-48,"ENSG00000163659","TIPARP"
315.277547685138,-1.10732884855051,0.220899122856356,-5.01282591905343,5.3636418335772e-07,1.57564584123296e-06,"ENSG00000163661","PTX3"
462.680877364205,-1.18031611405349,0.0807041702912033,-14.6252183721682,1.93947602302226e-48,4.05765485864614e-47,"ENSG00000163686","ABHD6"
110.734290172374,-2.7795269788652,0.157820547332675,-17.6119461365582,1.99467459821612e-69,7.97038031697533e-68,"ENSG00000163687","DNASE1L3"
1021.60950166176,-4.58409456512021,0.201358624480248,-22.7658218114709,1.00040735829409e-114,1.28497363366944e-112,"ENSG00000163710","PCOLCE2"
34.2670499768499,-1.90227409111257,0.172521678053651,-11.0262902179806,2.85396246885527e-28,2.77856821546141e-27,"ENSG00000163734","CXCL3"
6.75804870097695,-2.11786478104901,0.295046234889479,-7.17807763872104,7.06984117989856e-13,3.20480736993982e-12,"ENSG00000163736","PPBP"
2.19232929600523,-2.65875734715341,0.257769483880833,-10.3144767453643,6.06105598944569e-25,5.08377437770208e-24,"ENSG00000163737","PF4"
132.944101999074,-1.546050440198,0.141537871553721,-10.9232279899814,8.92657307775136e-28,8.49904841325651e-27,"ENSG00000163749","CCDC158"
1447.43620103039,-1.21230512263176,0.111726036921483,-10.8506947533073,1.9791520289433e-27,1.85850987272978e-26,"ENSG00000163762","TM4SF18"
442.960988906512,-3.99670023018709,0.124010684464824,-32.2286764840877,7.00062068668197e-228,1.59714160523302e-224,"ENSG00000163815","CLEC3B"
63.3807900945068,-2.86515689554606,0.130454123109907,-21.9629462622058,6.5135857418475e-107,7.07632410185745e-105,"ENSG00000163827","LRRC2"
3.2785863288747,-2.87317981964024,0.233872315576304,-12.2852498063322,1.08708704836003e-34,1.38627470021105e-33,"ENSG00000163833","FBXO40"
230.617076156325,-3.39162786695032,0.144005348126943,-23.5520965788058,1.1947701241521e-122,1.85247367793292e-120,"ENSG00000163884","KLF15"
83.7199594202037,-3.47631186016523,0.235238100882179,-14.7778435854079,2.03580410691349e-49,4.41936451120187e-48,"ENSG00000164007","CLDN19"
1228.58256665728,-1.92839734821967,0.0970573645918958,-19.8686349699288,7.60426571608151e-88,5.21202246720265e-86,"ENSG00000164035","EMCN"
2842.17245174374,-1.78815024957474,0.102149333165118,-17.5052562182106,1.30637876291113e-68,5.05194922263965e-67,"ENSG00000164056","SPRY1"
3.05546403840785,-1.70467064855977,0.321327993765731,-5.30507979893775,1.12623716824471e-07,3.50695585146264e-07,"ENSG00000164122","ASB5"
27.6954991916472,-1.40116767490128,0.161203906994038,-8.69189649946326,3.5643873297815e-18,2.1472374823316e-17,"ENSG00000164161","HHIP"
379.947647131249,-1.37729587988624,0.0997885842700905,-13.8021386911193,2.47402322861766e-43,4.32750831993691e-42,"ENSG00000164197","RNF180"
318.248564209456,-1.39078410195972,0.116271476529041,-11.9615243865279,5.65148086955207e-33,6.70868306393061e-32,"ENSG00000164236","ANKRD33B"
3.04271426987879,-1.98582306935916,0.171160967951638,-11.6020789852057,4.02187430412484e-31,4.40933633662749e-30,"ENSG00000164270","HTR4"
55.1451556390299,-1.39120609604879,0.137833996274469,-10.0933451372801,5.91197890258857e-24,4.7436427603922e-23,"ENSG00000164303","ENPP6"
740.353322412799,-1.81636874760288,0.0876368407168722,-20.726086572096,2.01526871969236e-95,1.64483005724806e-93,"ENSG00000164318","EGFLAM"
1162.70143152024,-3.0444893421813,0.106381326655036,-28.618644248099,3.93869885050432e-180,2.24646502294835e-177,"ENSG00000164330","EBF1"
762.512367223794,-1.00062686591369,0.0967031356699048,-10.3474086851673,4.29965793643657e-25,3.63437917668801e-24,"ENSG00000164342","TLR3"
1.00743012209019,-1.74373286468825,0.277597624860122,-6.28151219077215,3.35295502776251e-10,1.2705851093894e-09,"ENSG00000164451","CALHM4"
55.9876853317214,-2.97214142825074,0.213466324247854,-13.9232332721475,4.577202001021e-44,8.21940584216327e-43,"ENSG00000164488","DACT2"
1116.65670925864,-3.6795768963019,0.228896585875467,-16.075280818316,3.80266295957086e-58,1.07294218134888e-56,"ENSG00000164530","PI16"
17.8617107116015,-1.41310938403157,0.206913038113315,-6.82948448738007,8.52203107020333e-12,3.6010805130838e-11,"ENSG00000164588","HCN1"
147.114177956213,-2.02792474203733,0.18700847857297,-10.8440256693818,2.12892087548421e-27,1.99601955272893e-26,"ENSG00000164619","BMPER"
646.909948386411,-2.51252440486491,0.134522574838625,-18.6773439913633,7.56928808190434e-78,3.918106392477e-76,"ENSG00000164638","SLC29A4"
269.363865881318,-2.19095379291506,0.110054859153265,-19.9078333275942,3.48045197136354e-88,2.42015172638646e-86,"ENSG00000164736","SOX17"
3133.42376886232,-1.78927202808011,0.0930661451071304,-19.2258100517695,2.25096544946186e-82,1.31356583049595e-80,"ENSG00000164741","DLC1"
101.569428511037,-1.42382905726003,0.116156113501986,-12.2578916798529,1.52413889486579e-34,1.93383195055667e-33,"ENSG00000164776","PHKG1"
64.8694126925722,-2.689901098109,0.0969294313741538,-27.7511284237892,1.68869182542462e-169,6.85637503017744e-167,"ENSG00000164849","GPR146"
244.663976011527,-3.71570725259482,0.196993456505151,-18.8620846525309,2.33816682131301e-79,1.25024076349449e-77,"ENSG00000164879","CA3"
339.473715301883,-2.91402351216825,0.15247302863327,-19.1117310273747,2.01667096282e-81,1.15296784998456e-79,"ENSG00000164946","FREM1"
1964.49342540166,-1.01423327172214,0.111851027820768,-9.06771525915135,1.2153868607666e-19,7.88265662641501e-19,"ENSG00000164949","GEM"
272.133009030588,-2.82484052788022,0.0949693879327642,-29.7447481695905,2.02772643179752e-194,1.76633406086217e-191,"ENSG00000165028","NIPSNAP3B"
3008.27172938895,-1.27666851409055,0.091441432375337,-13.961597942279,2.67371174725808e-44,4.84483849512613e-43,"ENSG00000165029","ABCA1"
177.542226465921,-1.28866786808976,0.149252644365382,-8.63413759648373,5.91717405548605e-18,3.52514062420215e-17,"ENSG00000165071","TMEM71"
465.438401695693,-3.05980556990032,0.137206530794274,-22.3007283413364,3.63535403383319e-110,4.26886793531736e-108,"ENSG00000165072","MAMDC2"
98.9075710054774,-1.0438368853587,0.213207506947942,-4.89587304078167,9.78702402610331e-07,2.80818496385552e-06,"ENSG00000165084","C8orf34"
2004.15745409515,-2.54461869551988,0.122446319889882,-20.7815040730362,6.36335776618654e-96,5.25635294099995e-94,"ENSG00000165092","ALDH1A1"
1.06498522005506,-1.2589285612186,0.192860899474013,-6.52765057433654,6.68093320275797e-11,2.65343206287105e-10,"ENSG00000165120","SSMEM1"
2667.1717210745,-3.27367226591688,0.126672993212716,-25.8434902569922,2.87966090582487e-147,7.1484224869466e-145,"ENSG00000165124","SVEP1"
187.7200433877,-2.2296760219684,0.102833884255997,-21.6823086874536,3.0137668421562e-104,3.09185373464033e-102,"ENSG00000165152","PGAP4"
324.714226502083,-1.97825156462187,0.236212969051031,-8.37486431235914,5.52875343513387e-17,3.13804735312479e-16,"ENSG00000165186","PTCHD1"
1.85982590047708,-1.37269653434249,0.230243318018122,-5.96193864021037,2.49262755071667e-09,8.87366517720582e-09,"ENSG00000165192","ASB11"
238.820289453989,-4.89025897963786,0.179252702364034,-27.2813682312388,7.0575256663903e-164,2.43256154443712e-161,"ENSG00000165197","VEGFD"
862.253278597556,-5.1247167902912,0.208438023207869,-24.5862857046023,1.77086359190258e-133,3.49144340280052e-131,"ENSG00000165269","AQP7"
53.5729887784046,-3.02647774278643,0.236056559103737,-12.8209855903916,1.25100135709483e-37,1.7912574721582e-36,"ENSG00000165349","SLC7A3"
558.952151849418,-1.04304975243142,0.0994008658248469,-10.4933668713647,9.26662589808766e-26,8.08088909314488e-25,"ENSG00000165359","INTS6L"
76.9965329095911,-1.87839781116446,0.155798669220277,-12.0565716033728,1.79083589022793e-33,2.17487826364563e-32,"ENSG00000165379","LRFN5"
1301.20222212617,-2.25532633349911,0.0738191504854217,-30.5520494162894,5.31105613049856e-205,6.05839760029014e-202,"ENSG00000165410","CFL2"
2400.97585978646,-1.59294104292072,0.0924068390098668,-17.2383457760159,1.36898364329509e-66,4.97255544732886e-65,"ENSG00000165424","ZCCHC24"
27.9450684944324,-1.42842566577403,0.182923784610134,-7.80885694453805,5.77089554645263e-15,2.95514755911229e-14,"ENSG00000165443","PHYHIPL"
748.405378419911,-1.92519792906284,0.133905642465401,-14.3772726347979,7.18714857199291e-47,1.41643886501103e-45,"ENSG00000165457","FOLR2"
54.7808055560415,-5.23642446206869,0.23640183670438,-22.1505235960447,1.03113683595598e-108,1.17623251930122e-106,"ENSG00000165478","HEPACAM"
85.9493425269442,-1.42852525903976,0.174039902963946,-8.20803295515331,2.24841509164174e-16,1.23931853475099e-15,"ENSG00000165495","PKNOX2"
5969.24410469876,-2.23279740519049,0.116649158533084,-19.1411359779095,1.14740994024144e-81,6.59141609555962e-80,"ENSG00000165507","DEPP1"
47.8481719395854,-1.41014101078139,0.176751277287628,-7.97810930942617,1.48591777074942e-15,7.86720304968556e-15,"ENSG00000165521","EML5"
90.0982058947872,-1.21148006769187,0.234772655897728,-5.16022644570506,2.4665132148943e-07,7.4602681897466e-07,"ENSG00000165621","OXGR1"
1213.96985893023,-1.37371915300767,0.098440161409628,-13.9548648979898,2.938580397041e-44,5.31875280779124e-43,"ENSG00000165633","VSTM4"
6651.21674324152,-2.1955202959725,0.118096667971748,-18.5908741853558,3.80918701621659e-77,1.92711879563819e-75,"ENSG00000165795","NDRG2"
32.7848037702046,-2.54500319541364,0.210151346267867,-12.1103349591188,9.31131380064674e-34,1.14562158240623e-32,"ENSG00000165799","RNASE7"
2964.05787232193,-1.24919653394948,0.0664363521318379,-18.8029067500657,7.14890832232881e-79,3.78457677041738e-77,"ENSG00000165801","ARHGEF40"
999.468022762932,-4.00322005853795,0.142926389377746,-28.0089637467696,1.26367520990545e-172,5.60580363949723e-170,"ENSG00000165810","BTNL9"
1665.41182151635,-1.08681664148027,0.0749872214601741,-14.4933579390921,1.33455798491971e-47,2.70011288249591e-46,"ENSG00000165868","HSPA12A"
767.803633583854,-1.00313977315689,0.0942906350861177,-10.638805987898,1.9663290311408e-26,1.76186317340482e-25,"ENSG00000165895","ARHGAP42"
8.09351325741393,-1.08562822827339,0.146602342541837,-7.40525839799306,1.30895342100629e-13,6.18827298208126e-13,"ENSG00000165972","CCDC38"
2989.81833388978,-1.4249048972985,0.0992062207548293,-14.3630599619342,8.82432990507886e-47,1.7319690526519e-45,"ENSG00000166025","AMOTL1"
487.383756578353,-1.12002125320117,0.0867031746706744,-12.9178805442287,3.56835771433411e-38,5.20267857862895e-37,"ENSG00000166046","TCP11L2"
718.751777273354,-1.24751049414137,0.102329781363603,-12.1910794444939,3.46797011277986e-34,4.33134640519507e-33,"ENSG00000166086","JAM3"
27.5176736354051,-1.20993572371351,0.289597249467763,-4.1779945283914,2.94090728342849e-05,7.26694867961519e-05,"ENSG00000166091","CMTM5"
37.441355885517,-1.69610734043605,0.203986701233578,-8.3147937104679,9.19120039463973e-17,5.16055796211402e-16,"ENSG00000166105","GLB1L3"
462.538989887906,-1.65021184634976,0.107318754037506,-15.3767331828418,2.34483686629243e-53,5.75518105861015e-52,"ENSG00000166148","AVPR1A"
0.498516561645667,-1.29071436950616,0.258302317716116,-4.99691362012748,5.82551467571205e-07,1.70588844271966e-06,"ENSG00000166152","C16orf78"
695.011553754842,-1.65312095104954,0.0997001846680963,-16.5809216557904,9.57490263044311e-62,2.97685648945185e-60,"ENSG00000166173","LARP6"
2447.03688937491,-2.40458302920041,0.103663716835696,-23.1959947279491,4.99740805907644e-119,7.0007549739869e-117,"ENSG00000166250","CLMP"
107.121389209862,-2.19104579565292,0.1515946918459,-14.4533147498343,2.3890590096393e-47,4.80519803324177e-46,"ENSG00000166257","SCN3B"
1426.34554443167,-1.8115813850604,0.102528394183172,-17.669070109729,7.25834879369613e-70,2.95703648559508e-68,"ENSG00000166265","CYYR1"
269.478731805377,-3.24817581984502,0.182773337663883,-17.7716064135042,1.17283545181984e-70,4.8818893567931e-69,"ENSG00000166292","TMEM100"
293.726176881259,-1.5792081702943,0.188299476407071,-8.38668381042294,5.00047587601345e-17,2.8425818607001e-16,"ENSG00000166405","RIC3"
0.393906088918211,-1.7291447379316,0.44207408627423,-3.91143654789791,9.17487622364655e-05,0.000214580580851797,"ENSG00000166408","OR5P1P"
139.308364529872,-2.79289094721088,0.144485804520301,-19.3298639716435,3.01211008139561e-83,1.81522256603351e-81,"ENSG00000166473","PKD1L2"
4265.48264167042,-2.48668470335793,0.146305343521739,-16.9965405466441,8.71113794429267e-65,2.9960561300148e-63,"ENSG00000166482","MFAP4"
1581.99840970372,-1.10282391132003,0.0526310293120811,-20.9538731378541,1.72974618055252e-97,1.49859203454379e-95,"ENSG00000166548","TK2"
5.89742398995959,-2.74023275209201,0.221574779539292,-12.36707877038,3.93887640715033e-35,5.11690804410446e-34,"ENSG00000166573","GALR1"
244.530074098501,-1.64224644499996,0.169413611698607,-9.69371013659503,3.20663700741759e-22,2.35918272459117e-21,"ENSG00000166743","ACSM1"
0.283008987920475,-1.20005486195339,0.394623442450104,-3.04101260305925,0.00235783961198702,0.00463043514552788,"ENSG00000166787",NA
62.4819318172294,-1.47477362633221,0.10647518847928,-13.8508665483057,1.25686624979441e-43,2.21710095830818e-42,"ENSG00000166793","YPEL4"
504.648279453441,-1.63499096191156,0.139750823287379,-11.6993297316712,1.28464162614665e-31,1.44273746621392e-30,"ENSG00000166816","LDHD"
7966.61333190381,-5.30556410584201,0.214028659446308,-24.7890358214993,1.17706669195255e-135,2.37946266714966e-133,"ENSG00000166819","PLIN1"
269.735011892153,-1.69154687092287,0.109705727961748,-15.4189476005544,1.22077516503053e-53,3.01636607305892e-52,"ENSG00000166831","RBPMS2"
2686.46492602716,-1.26335743585528,0.114466346744029,-11.03693331526,2.53539212758598e-28,2.475960799687e-27,"ENSG00000166833","NAV2"
230.690734965868,-1.27506800116106,0.0679746673527903,-18.757988097881,1.6658664193524e-78,8.71306333528097e-77,"ENSG00000166839","ANKDD1A"
15.4865277690813,-2.29986505263866,0.145238361251224,-15.8351074249626,1.7815464606023e-56,4.79247001277125e-55,"ENSG00000166856","ACKR5"
1698.75300487589,-1.06974445382305,0.0555823372673034,-19.2461221750805,1.52133096081074e-82,8.93222626623068e-81,"ENSG00000166912","MTMR10"
1.10359373893646,-1.57438342958177,0.225345385600012,-6.98653502662045,2.81758085515954e-12,1.2300920245188e-11,"ENSG00000166917","MIR202HG"
39.5000671640401,-1.60729435223415,0.146545677991123,-10.9678727770566,5.45404426637546e-28,5.24494702533217e-27,"ENSG00000166924","NYAP1"
4.57782018325908,-1.5260766496179,0.33606131009919,-4.54106617976187,5.59704574540999e-06,1.49539628408762e-05,"ENSG00000166926","MS4A6E"
10.2650867798825,-4.5202040562092,0.260722428537244,-17.3372274935046,2.46335822031095e-67,9.13463562965153e-66,"ENSG00000166947","EPB42"
36.005398055252,-2.89620942012928,0.158330106455417,-18.2922217698679,9.54444648129061e-75,4.50516680708013e-73,"ENSG00000166960","CCDC178"
1.58525321892367,-1.36446253040724,0.521572027974181,-2.61605772017127,0.00889515193373381,0.0160823702458654,"ENSG00000167014","TERB2"
1845.78478211621,-1.38076072612711,0.0730734442365001,-18.8955199875117,1.2415826328068e-79,6.6986738668664e-78,"ENSG00000167074","TEF"
130.23976903623,-1.01837279670922,0.11720825710056,-8.68857554835485,3.67012113985421e-18,2.20954390312158e-17,"ENSG00000167178","ISLR2"
2374.25587770661,-1.20559780541814,0.108364638469239,-11.1253802204154,9.44025139597896e-29,9.37761651215741e-28,"ENSG00000167191","GPRC5B"
34.3443452886904,-1.0973158603286,0.107740673703167,-10.1847874401805,2.31866055393387e-24,1.89859899400054e-23,"ENSG00000167210","LOXHD1"
36.358380407042,-1.07898297780179,0.143394691468536,-7.52456710043932,5.28952833159549e-14,2.55593850092527e-13,"ENSG00000167311","ART5"
2629.85941489265,-1.1545501335938,0.0712358468683559,-16.207431852778,4.46855136651808e-59,1.2904659190469e-57,"ENSG00000167315","ACAA2"
159.691864419056,-5.30189241939416,0.251535319316474,-21.0781230795008,1.26293393319394e-98,1.13097504185648e-96,"ENSG00000167434","CA4"
5027.9540887399,-5.29010191143065,0.214677314044232,-24.6421096471361,4.47152868018121e-134,8.92628912781174e-132,"ENSG00000167588","GPD1"
299.467863484126,-2.3266666710705,0.148472040467493,-15.6707395126014,2.3977327415757e-55,6.26706904794828e-54,"ENSG00000167641","PPP1R14A"
14520.4932702593,-5.17795542382642,0.211356561470026,-24.498673652773,1.5260112445046e-132,2.95996755968483e-130,"ENSG00000167676","PLIN4"
308.212159973349,-1.19586533106027,0.0912113132621962,-13.1109320575468,2.85073255138914e-39,4.31800811056129e-38,"ENSG00000167705","RILP"
40.8723669915885,-1.9035976243079,0.255886510289757,-7.43922617160372,1.01276799120912e-13,4.81557309039587e-13,"ENSG00000167751","KLK2"
1397.88069670588,-1.90640335030487,0.162675009939892,-11.7190916478768,1.01757199364962e-31,1.14791321440436e-30,"ENSG00000167772","ANGPTL4"
1071.55824197309,-3.21586465934007,0.123593992280097,-26.0195871984786,2.97310617669793e-149,7.53658819712157e-147,"ENSG00000167779","IGFBP6"
124.616055934551,-1.99575244764694,0.107204396150093,-18.6163302935148,2.36902843099065e-77,1.21002294380344e-75,"ENSG00000167874","TMEM88"
3.67378872484631,-1.68926486998569,0.148456556367564,-11.3788498892782,5.3297967550561e-30,5.60840242773419e-29,"ENSG00000167910","CYP7A1"
60.3800429241276,-1.74025299894597,0.118397414924575,-14.6984036776023,6.59972278634353e-49,1.40530097197208e-47,"ENSG00000167992","VWCE"
959.748875594517,-2.17210915622333,0.196162303832367,-11.0730202173784,1.6958693296504e-28,1.66664819658565e-27,"ENSG00000168004","PLAAT5"
164.541592397426,-1.15641612789421,0.0880364448441706,-13.1356522851545,2.05711147443657e-39,3.12876859492877e-38,"ENSG00000168060","NAALADL1"
10.7415680512049,-1.45614380236294,0.181262992836449,-8.03332097510276,9.48690467423007e-16,5.07557077776046e-15,"ENSG00000168065","SLC22A11"
816.181798335853,-5.08721853173318,0.215235305431393,-23.6356136905,1.65950784514504e-123,2.6414292644817e-121,"ENSG00000168079","SCARA5"
174.647912335041,-1.51556292435308,0.0875415542270068,-17.3124973360997,3.78630346699417e-67,1.39754852930424e-65,"ENSG00000168237","GLYCTK"
0.469030037977132,-1.04422851910477,0.328530638287504,-3.17848138775703,0.00148048722919174,0.00299447558367782,"ENSG00000168267","PTF1A"
889.861652647171,-2.65214437009911,0.177313944709214,-14.9573366857779,1.39497996033342e-50,3.13184113868669e-49,"ENSG00000168309","FAM107A"
740.459015026707,-1.05925590531772,0.146911042654848,-7.21018574353415,5.58756060628196e-13,2.5480680434701e-12,"ENSG00000168329","CX3CR1"
2.73950850503596,-2.26936425900785,0.583125043905134,-3.89172833979163,9.95326545083715e-05,0.000232026541333986,"ENSG00000168333","PPDPFL"
45.801238629312,-2.0379345870238,0.123248441188311,-16.5351753529284,2.04781375644291e-61,6.30937344509194e-60,"ENSG00000168356","SCN11A"
2732.25478505606,-1.34782847624646,0.0966572161508092,-13.9444164638832,3.4021922778895e-44,6.13239398170376e-43,"ENSG00000168386","FILIP1L"
62.0852236244038,-2.78294197415732,0.169149349897607,-16.4525726870481,8.03801901248459e-61,2.43119628085945e-59,"ENSG00000168427","KLHL30"
2418.99513699889,-4.11998503005033,0.148672136970519,-27.711884109578,5.02120328464413e-169,2.00471541139417e-166,"ENSG00000168477","TNXB"
135.560739478407,-2.09524603163715,0.144675575485497,-14.482375650527,1.56590048822707e-47,3.16149567597804e-46,"ENSG00000168490","PHYHIP"
1150.28122268137,-3.97254318251863,0.14981753928484,-26.5158752538703,6.35929126396144e-155,1.81353359795472e-152,"ENSG00000168497","CAVIN2"
96.9882725574088,-2.1257446191679,0.163004491178198,-13.0410187093804,7.14953373809091e-39,1.06410115374941e-37,"ENSG00000168546","GFRA2"
204.764824277413,-2.23016641372489,0.178412028331623,-12.500090013996,7.45668068542708e-36,9.94570076945466e-35,"ENSG00000168824","NSG1"
295.245649738744,-3.33260065719785,0.14653405359832,-22.7428408302495,1.68932701361627e-114,2.15254407506264e-112,"ENSG00000168874","ATOH8"
40.644379099127,-1.88613396492118,0.261351884148944,-7.21683706648265,5.3210667185596e-13,2.42908343483745e-12,"ENSG00000168878","SFTPB"
1.87718093590239,-1.29230171648264,0.296725411811344,-4.35521079436324,1.32938927032976e-05,3.41013224508747e-05,"ENSG00000168903","BTNL3"
228.448616923696,-2.03247652038999,0.0913208362599621,-22.2564378911748,9.77096345419862e-110,1.13074120553299e-107,"ENSG00000168917","SLC35G2"
125.39229719773,-1.65634630955748,0.173795436936346,-9.5304361193564,1.5662385029169e-21,1.11681033896039e-20,"ENSG00000168952","STXBP6"
1853.02788490732,-1.09516932022611,0.0947814275359137,-11.5546826915129,6.99052030524334e-31,7.59102057625132e-30,"ENSG00000168994","PXDC1"
65.7929828456818,-1.32152379288503,0.160571608056668,-8.23012118318355,1.87024141830243e-16,1.03539711521688e-15,"ENSG00000169031","COL4A3"
2363.55264400211,-1.12010125668571,0.12059732800671,-9.28794422894166,1.57296971851025e-20,1.06940512578155e-19,"ENSG00000169116","PARM1"
3.38379592984073,-1.23403081694385,0.202855313060109,-6.08330537824362,1.17729804677967e-09,4.28702207351328e-09,"ENSG00000169194","IL13"
195.219590506839,-1.76421376547176,0.207313191266367,-8.50989632977574,1.74088937051261e-17,1.01208603010871e-16,"ENSG00000169218","RSPO1"
145.346723167295,-1.52278064075182,0.126293723683314,-12.0574530256962,1.77177706971336e-33,2.15336984804584e-32,"ENSG00000169247","SH3TC2"
245.750716299859,-2.81558449123129,0.122461402727195,-22.9916073842752,5.65560643838282e-117,7.63267899895552e-115,"ENSG00000169252","ADRB2"
312.558851583649,-1.76812846251196,0.100782340925653,-17.5440304945517,6.60707045453242e-69,2.58614988134517e-67,"ENSG00000169282","KCNAB1"
564.747796410867,-2.12579571120724,0.0945182918399001,-22.4908392844003,5.10253706311449e-112,6.18892533402064e-110,"ENSG00000169291","SHE"
86.6455856824907,-1.48077538852862,0.146525066408815,-10.1059526866015,5.19877922473118e-24,4.1882211645682e-23,"ENSG00000169302","STK32A"
113.888971591735,-2.50965594984043,0.142527091656431,-17.6082730705688,2.12840160149648e-69,8.49056792070745e-68,"ENSG00000169313","P2RY12"
1171.09928796066,-3.61440449093762,0.111365162404092,-32.4554323175379,4.54036193438539e-231,1.14488810671792e-227,"ENSG00000169418","NPR1"
75.1472555744477,-2.33086265875907,0.125859399672077,-18.5195755329524,1.43564429013986e-76,7.16476228547922e-75,"ENSG00000169432","SCN9A"
795.386805926888,-1.16172385167847,0.155273953867714,-7.48176898147519,7.33287677636791e-14,3.51458709839723e-13,"ENSG00000169435","RASSF6"
1117.95683396167,-1.73577950172093,0.129074724389855,-13.4478652573234,3.16889178971455e-41,5.12045887504972e-40,"ENSG00000169515","CCDC8"
452.827999455448,-1.32624659873237,0.259715282714772,-5.10654045795565,3.28110385376248e-07,9.82117241245536e-07,"ENSG00000169550","MUC15"
2691.83751708833,-1.5347065966856,0.0914623852576038,-16.7796476372565,3.43870415747462e-63,1.1139169451292e-61,"ENSG00000169554","ZEB2"
90.1736067702599,-1.14099211750409,0.227918681637652,-5.00613687875775,5.55332738057278e-07,1.6286723482079e-06,"ENSG00000169594","BNC1"
0.861407664635164,-2.2146072170645,0.320765311242417,-6.9041356388778,5.05100214370964e-12,2.16762372541319e-11,"ENSG00000169605","GKN1"
22.4996299921488,-2.34041017760513,0.275200582203697,-8.50437945611907,1.82569479472103e-17,1.06048784693361e-16,"ENSG00000169618","PROKR1"
71.1952816899152,-1.0626276237638,0.0906438079646025,-11.7231132233409,9.70391005686752e-32,1.09509292428502e-30,"ENSG00000169629","RGPD8"
3991.61547175859,-1.71943870552758,0.100241238661185,-17.1530073699435,5.96822765064181e-66,2.12593149994237e-64,"ENSG00000169692","AGPAT2"
973.82352087126,-2.13984822934413,0.0830487189269016,-25.7661798639855,2.12348037567693e-146,5.11235903510964e-144,"ENSG00000169744","LDB2"
77.1343929779677,-2.00552782383451,0.210047820375526,-9.54795827087854,1.32277405321627e-21,9.46164599725167e-21,"ENSG00000169760","NLGN1"
8011.25751424181,-1.2756307342475,0.0617392982279179,-20.66156841528,7.68279575116432e-95,6.20712891126952e-93,"ENSG00000169764","UGP2"
1.4322026192746,-1.16260283489318,0.241208628837816,-4.8199056579974,1.43626124917167e-06,4.06253846072822e-06,"ENSG00000169877","AHSP"
48.2801459190809,-1.31321941369777,0.159662200244698,-8.22498632541163,1.9521312770954e-16,1.0798592481889e-15,"ENSG00000169884","WNT10B"
64.7148471239885,-1.25374846361592,0.150788314475459,-8.31462615639207,9.20419462616764e-17,5.167248236931e-16,"ENSG00000169894","MUC3A"
8.48348477441691,-1.80456544780683,0.20924014794399,-8.62437474614042,6.44437692337215e-18,3.83064638211861e-17,"ENSG00000169933","FRMPD4"
454.924150690042,-1.22539346813561,0.110247209384667,-11.114961321697,1.06096599877191e-28,1.05152836162934e-27,"ENSG00000169946","ZFPM2"
2273.93463611531,-1.48161986907972,0.100925357328238,-14.6803529687893,8.6140882348479e-49,1.82530281880391e-47,"ENSG00000169991","IFFO2"
66.6990289710819,-1.3845636989608,0.133976849820235,-10.3343503061802,4.92739672698174e-25,4.14961464562656e-24,"ENSG00000169994","MYO7B"
316.306598468989,-1.17418873358466,0.143676067508367,-8.17247265983448,3.02132182101843e-16,1.65505978098551e-15,"ENSG00000170011","MYRIP"
3673.53745380727,-2.44199183814342,0.0746447855577946,-32.7148349331472,9.60930910661758e-235,2.70812940763558e-231,"ENSG00000170145","SIK2"
1097.45338971124,-2.61452704809978,0.140303526914089,-18.6347920512413,1.67805226835758e-77,8.62612491169651e-76,"ENSG00000170153","RNF150"
54.655070136142,-1.25581701792179,0.227216456344966,-5.52696331121005,3.25821063748396e-08,1.06263357142176e-07,"ENSG00000170160","CCDC144A"
1.09469847456259,-1.73432595166805,0.287104092665787,-6.04075663138298,1.53393197249442e-09,5.54270162170659e-09,"ENSG00000170162","VGLL2"
60.3783980365423,-1.05990282758028,0.13999440464726,-7.57103707288084,3.70256360242969e-14,1.80659763919346e-13,"ENSG00000170166","HOXD4"
53.2551951030766,-1.29226567733748,0.13283400297489,-9.72842531578121,2.28096487149946e-22,1.68930324615148e-21,"ENSG00000170209","ANKK1"
5.1403315011718,-2.93547146257813,0.173132173147155,-16.955089335609,1.7649291481257e-64,6.00552240672602e-63,"ENSG00000170262","MRAP"
1881.73444713792,-1.97442316635814,0.134925743956059,-14.6334058161736,1.71959126067936e-48,3.60707606388564e-47,"ENSG00000170271","FAXDC2"
10373.6744212696,-1.08539182103941,0.0510208572244628,-21.2734924516125,1.99834236877274e-100,1.85904044442528e-98,"ENSG00000170275","CRTAP"
0.862491476031868,-2.56953903196525,0.219275982580283,-11.7182876196871,1.02727451599497e-31,1.15858573590676e-30,"ENSG00000170276","HSPB2"
12195.3253016328,-4.8766042622116,0.226715415578909,-21.5098044822377,1.26034443322965e-102,1.23989942086309e-100,"ENSG00000170323","FABP4"
37.1084309389925,-1.48340897236863,0.193447957445727,-7.66825864669475,1.74347048135312e-14,8.68201546217942e-14,"ENSG00000170324","FRMPD2"
20712.1356902064,-2.5722056684472,0.154649564504738,-16.6324792228458,4.05463951627063e-62,1.27298675769676e-60,"ENSG00000170345","FOS"
82.5747704429357,-1.50115049533905,0.125242684116861,-11.9859335970344,4.21073522282687e-33,5.03334143028033e-32,"ENSG00000170370","EMX2"
1.89526796757433,-1.6535355036189,0.301263074363665,-5.48867632421111,4.04956901382432e-08,1.30967227927854e-07,"ENSG00000170484","KRT74"
56.9900827463386,-5.00482611800602,0.175151178686596,-28.5743216547879,1.40113382379806e-179,7.71589902277761e-177,"ENSG00000170509","HSD17B13"
9156.13758588035,-1.97918640540979,0.103715278466062,-19.0828818538767,3.50395415365826e-81,1.99375823636303e-79,"ENSG00000170525","PFKFB3"
566.188516925539,-1.54201521501776,0.209061287917009,-7.37590029403191,1.63238149994602e-13,7.67717656448548e-13,"ENSG00000170549","IRX1"
129.178046499027,-1.02453448522552,0.0879790294485535,-11.6452124062658,2.42716181863206e-31,2.69178987802458e-30,"ENSG00000170667","RASA4B"
2.15767869574986,-2.72322106137029,0.25702497519765,-10.5951612650722,3.13799676068347e-26,2.7903011285142e-25,"ENSG00000170683","OR10A3"
1.34429372556991,-2.22519877097202,0.311705147533731,-7.1387937882265,9.41534563058796e-13,4.23876347642801e-12,"ENSG00000170688",NA
77.1239507624034,-1.39808209222245,0.128363987684276,-10.8915445635825,1.26476801362936e-27,1.19658442995621e-26,"ENSG00000170891","CYTL1"
677.312985421018,-1.55342261176385,0.0916862613456153,-16.9428067953187,2.17495158235989e-64,7.36154967184801e-63,"ENSG00000170919",NA
1702.91312954633,-1.8421149391377,0.101619830890278,-18.1275143148652,1.93301617299375e-73,8.77827534105504e-72,"ENSG00000170962","PDGFD"
1793.20128205638,-2.03012791556452,0.099207150794247,-20.4635240434931,4.55258969667845e-93,3.5639636007821e-91,"ENSG00000170989","S1PR1"
304.513092440978,-1.88262595282885,0.101219621751359,-18.5994169930157,3.24821053992208e-77,1.65028384907388e-75,"ENSG00000171056","SOX7"
34.9201940199032,-1.04545046715297,0.177683251435309,-5.88378735028721,4.009829739937e-09,1.40370409791306e-08,"ENSG00000171094","ALK"
969.327014100665,-1.8647298608882,0.0886716626488528,-21.0296029778158,3.51580105628082e-98,3.113531027845e-96,"ENSG00000171115","GIMAP8"
80.3493893517603,-1.15419607226959,0.209493425659623,-5.50946202075516,3.59932040366623e-08,1.16958383437092e-07,"ENSG00000171189","GRIK1"
50.1297583268305,-1.74546308422655,0.400520397542199,-4.35798799496261,1.31263582062757e-05,3.36950183059723e-05,"ENSG00000171195","MUC7"
293.094296757274,-2.95942565996135,0.410595934584213,-7.20763507548654,5.69319556139851e-13,2.59451155090462e-12,"ENSG00000171199","OPRPN"
978.317553517717,-3.00573170662849,0.114061137539142,-26.3519352119124,4.87688433793923e-153,1.35058687069751e-150,"ENSG00000171227","TMEM37"
553.594928916159,-1.62139727537915,0.245249301295971,-6.61122077335674,3.81163529935174e-11,1.54157899030847e-10,"ENSG00000171243","SOSTDC1"
12968.9220412535,-1.47278613898254,0.218623399853938,-6.73663541947709,1.62096220244024e-11,6.71918144306213e-11,"ENSG00000171346","KRT15"
37.8449560128966,-1.46922369045523,0.0965919717964628,-15.2106190931805,3.00686076620942e-52,7.14222604408e-51,"ENSG00000171357","LURAP1"
620.978818581882,-1.30332700991142,0.136032613829435,-9.58098924384122,9.61198229501278e-22,6.91976065746149e-21,"ENSG00000171368","TPPP"
1.65126778332165,-3.57583860353737,0.33774093193259,-10.5875192061443,3.40496098310532e-26,3.02375682484849e-25,"ENSG00000171402","XAGE3"
222.872988098062,-1.5238520565739,0.10179387040097,-14.9699785514725,1.15358449271169e-50,2.6020825351138e-49,"ENSG00000171408","PDE7B"
591.727631158834,-1.07163609633789,0.1277481258718,-8.38866393557365,4.91698059556073e-17,2.79644516065188e-16,"ENSG00000171451","DSEL"
123.202313316393,-1.63404867212135,0.101119708381139,-16.1595469199962,9.72739645036008e-59,2.79232812424656e-57,"ENSG00000171462","DLK2"
1439.19130622409,-1.08214552812674,0.0885751212160585,-12.2172627400316,2.51407884114215e-34,3.16099461224598e-33,"ENSG00000171488","LRRC8C"
1.69953267310571,-1.08247343352539,0.230607203313971,-4.69401396820899,2.67895728845185e-06,7.37806643422213e-06,"ENSG00000171495","MROH2B"
661.284327696797,-1.42457277033805,0.096843865010664,-14.7099950025867,5.56115222393227e-49,1.18891032150199e-47,"ENSG00000171522","PTGER4"
69.7102193205224,-3.48231418988008,0.141892677543401,-24.5418879266334,5.27964937940733e-133,1.03244082354043e-130,"ENSG00000171596","NMUR1"
560.892248247914,-1.75452742273482,0.104728694390476,-16.7530726220376,5.37756095085716e-63,1.73260891160435e-61,"ENSG00000171659","GPR34"
77.8477121329552,-1.16087398801806,0.158877236019228,-7.30673579868648,2.73709978830856e-13,1.271175366982e-12,"ENSG00000171724","VAT1L"
79.6880342861975,-1.05474632826158,0.0941213449066729,-11.2062394487396,3.79997277167061e-29,3.84004841785992e-28,"ENSG00000171757","LRRC34"
3.99195403425784,-1.08219955577938,0.300257158706124,-3.6042423116332,0.00031306488239632,0.000689447874769373,"ENSG00000171772","SYCE1"
1.50794244008933,-3.10923745923585,0.212869395887417,-14.6063150424887,2.55994562794169e-48,5.33944253524973e-47,"ENSG00000171773","NXNL1"
79.5460635012193,-4.09555489847437,0.260373420083758,-15.7295429662402,9.48935403886009e-56,2.5062566262502e-54,"ENSG00000171819","ANGPTL7"
5947.98609630512,-1.31340331902813,0.0911308853535045,-14.4122743231707,4.33206572571669e-47,8.62990723156285e-46,"ENSG00000171867","PRNP"
63.3573920490372,-1.40986442733996,0.201476850960866,-6.99764970822281,2.60291872244226e-12,1.13845020989783e-11,"ENSG00000171885","AQP4"
2509.21878158426,-1.89225043745663,0.0783519391574912,-24.1506522723467,7.34973628802022e-129,1.32378144947011e-126,"ENSG00000171914","TLN2"
5873.31268513234,-1.96476365481899,0.0840130876226827,-23.3863997909836,5.87779995478432e-121,8.77275376429024e-119,"ENSG00000171992","SYNPO"
3.86470827698228,-1.30042500598701,0.210551410202399,-6.17628257505822,6.56284826658216e-10,2.43816734221426e-09,"ENSG00000172014",NA
1500.99979864431,-1.24250188356201,0.0727753674528025,-17.0731104087907,2.35321797382555e-65,8.21739600043603e-64,"ENSG00000172059","KLF11"
1145.81978718155,-2.0790277443226,0.204466724974818,-10.1680493223464,2.7536800700886e-24,2.24750957679633e-23,"ENSG00000172137","CALB2"
591.058610198808,-1.17511938643694,0.135897665499557,-8.64709030958864,5.28291611516468e-18,3.1559165969768e-17,"ENSG00000172159","FRMD3"
2429.33933669767,-1.95486227921373,0.169246858513752,-11.5503607947612,7.35111863390445e-31,7.97897810943276e-30,"ENSG00000172201","ID4"
983.890173528419,-1.07195862566457,0.140769009786811,-7.61501858461608,2.63653530367388e-14,1.29754911555229e-13,"ENSG00000172260","NEGR1"
37.3192018246093,-3.10242219238112,0.178186231686082,-17.4111218528196,6.79394475785064e-68,2.55894570242629e-66,"ENSG00000172318","B3GALT1"
818.824862855673,-1.15388581129662,0.0829893493848818,-13.9040228637679,5.9879023152561e-44,1.06925232919836e-42,"ENSG00000172348","RCAN2"
10.9718445975036,-1.94621689603393,0.16525760298679,-11.7768675138626,5.13667331593658e-32,5.86226818881661e-31,"ENSG00000172399","MYOZ2"
4332.23667456247,-2.54170750197744,0.128707904086679,-19.7478742274112,8.36661703992428e-87,5.53652793346371e-85,"ENSG00000172403","SYNPO2"
104.034271202364,-2.033521482228,0.0982422702007859,-20.699048159941,3.53278628180312e-95,2.86388816854801e-93,"ENSG00000172458","IL17D"
11.7088201712091,-1.15693377414584,0.274624920517918,-4.21277782061425,2.52249159755992e-05,6.28131873384073e-05,"ENSG00000172482","AGXT"
0.624657503109701,-1.45206146841313,0.2260089068506,-6.42479753850141,1.3204514419139e-10,5.1477311264057e-10,"ENSG00000172538","FAM170B"
33.5947149122968,-1.93445357200885,0.1909618780103,-10.1300510456046,4.06437210804892e-24,3.2892579002808e-23,"ENSG00000172554","SNTG2"
967.186713712899,-1.20119205416808,0.0607682661751697,-19.7667652834711,5.75495759262129e-87,3.83477076860203e-85,"ENSG00000172840","PDP2"
147.026532470314,-5.05558835466685,0.162868674971241,-31.0408883449169,1.51429225290834e-211,2.07284976676681e-208,"ENSG00000172901","LVRN"
481.430210331936,-1.71803947118884,0.227114856264709,-7.56462830941545,3.88975222263797e-14,1.89542340303687e-13,"ENSG00000172927","MYEOV"
245.692553503926,-2.07203838122225,0.117381594745554,-17.6521573566432,9.79423133104785e-70,3.96318938404141e-68,"ENSG00000172935","MRGPRF"
14.3579526339901,-1.20753901932513,0.139323589603457,-8.66715408899546,4.43055176701446e-18,2.6586640175058e-17,"ENSG00000172955","ADH6"
108.601845547037,-3.17975889594589,0.207139670067275,-15.3507963728684,3.49864955067069e-53,8.53898624414838e-52,"ENSG00000172987","HPSE2"
292.238757944768,-1.1762438935664,0.0988845462258873,-11.8951235401277,1.25467222307044e-32,1.46505840134792e-31,"ENSG00000173040","EVC2"
195.673906826131,-2.14231547928698,0.166802560372294,-12.8434208354204,9.36433241735029e-38,1.34485961065723e-36,"ENSG00000173114","LRRN3"
1208.09849646227,-1.22328094010873,0.176166611770426,-6.94388640284953,3.8145727973024e-12,1.6516600336083e-11,"ENSG00000173175","ADCY5"
215.222734988,-4.10393472671176,0.15221411835898,-26.9615904947338,4.17184461041381e-160,1.3236627502313e-157,"ENSG00000173208","ABCD2"
2393.1636356021,-1.50423592647263,0.131427763711543,-11.4453436929363,2.4811917378641e-30,2.64222929897908e-29,"ENSG00000173210","ABLIM3"
71.8860237784209,-2.81472838094622,0.154764380995061,-18.1871846922972,6.52045465355097e-74,3.01248777677557e-72,"ENSG00000173253","DMRT2"
677.813634076442,-1.0784850739323,0.10491715527044,-10.2793968360307,8.72720409843655e-25,7.28686560397517e-24,"ENSG00000173258","ZNF483"
1698.22575202513,-1.71788487151037,0.178361243640855,-9.631491889401,5.88684879840341e-22,4.27720542813933e-21,"ENSG00000173267","SNCG"
2533.02638971511,-1.91225571389508,0.0873816137279464,-21.883959706314,3.69341336085935e-106,3.95864505858549e-104,"ENSG00000173269","MMRN2"
346.337610101175,-1.38444869971978,0.132165044878875,-10.4751502259056,1.12359067696883e-25,9.76973309139319e-25,"ENSG00000173320","STOX2"
257.26489517003,-1.46297600940748,0.166821459946864,-8.76971110235734,1.79125283539374e-18,1.09658731591764e-17,"ENSG00000173376","NDNF"
51.6034506407606,-1.99710373078727,0.109021041003746,-18.3185164294904,5.8896585112868e-75,2.79934066741816e-73,"ENSG00000173421","IHO1"
5108.35944870345,-3.51559441960607,0.205492265461749,-17.1081593348849,1.29012405758567e-65,4.53483812171164e-64,"ENSG00000173432","SAA1"
1.48988744214832,-1.42531917797944,0.473281707254031,-3.01156616901403,0.0025990375084606,0.00507291970302076,"ENSG00000173452","TMEM196"
3050.80063675117,-1.54472612992704,0.0860240665630615,-17.9569066151348,4.2377623116152e-72,1.84238831533108e-70,"ENSG00000173482","PTPRM"
256.709226293856,-1.66614596635122,0.124334487267005,-13.4005134293369,6.00463150607109e-41,9.61182410477333e-40,"ENSG00000173530","TNFRSF10D"
7.88796082673465,-1.60640645046491,0.347123206087785,-4.62777026223553,3.69623711736301e-06,1.00520361181167e-05,"ENSG00000173572","NLRP13"
2809.38067418532,-1.53057355091587,0.0965340289003957,-15.8552747497478,1.29261052992474e-56,3.49486289439584e-55,"ENSG00000173599","PC"
973.577234101113,-5.15365791422575,0.159801670943879,-32.2503380833589,3.47977945834355e-228,8.33581169246197e-225,"ENSG00000173641","HSPB7"
8.21671551717362,-1.39001980414772,0.221658207634037,-6.27100534189411,3.58724309820049e-10,1.35689891705973e-09,"ENSG00000173714","WFIKKN2"
5005.12028664946,-1.19980642342447,0.058753304131863,-20.4210885013663,1.08616977760482e-92,8.4615274869995e-91,"ENSG00000173757","STAT5B"
88.9697709124704,-1.618176584101,0.174568702234602,-9.2695687336115,1.86900081323701e-20,1.26510072000827e-19,"ENSG00000173805","HAP1"
2157.6285247097,-1.66832764658859,0.110553815907862,-15.0906382822553,1.86628143790377e-51,4.31532546766263e-50,"ENSG00000173918","C1QTNF1"
0.381651460372158,-1.50616834523981,0.444548934821876,-3.38808222731049,0.000703831604860312,0.00148588050536959,"ENSG00000173954",NA
0.882910232482739,-2.24367956484388,0.240966354056857,-9.31117364341443,1.2642750100442e-20,8.63209572911755e-20,"ENSG00000173976","RAX2"
5158.57078225166,-2.12462344945133,0.0806796693763165,-26.3340624208732,7.8146954796612e-153,2.15173597948602e-150,"ENSG00000174059","CD34"
2843.75896673722,-1.7819489787454,0.0992878595935938,-17.9472997609103,5.03810731640326e-72,2.18439566994462e-70,"ENSG00000174099","MSRB3"
33.0829884467794,-3.60898708429773,0.25244312170371,-14.2962385346097,2.30959920842059e-46,4.478061435671e-45,"ENSG00000174145","NWD2"
607.401530356443,-1.78023117209921,0.16038308011325,-11.0998689565143,1.25627948041654e-28,1.24022975286949e-27,"ENSG00000174175","SELP"
72.6014050244257,-1.12124554830877,0.16536315936533,-6.78050390795722,1.19757437700525e-11,5.01229915281921e-11,"ENSG00000174326","SLC16A11"
3093.87703128917,-1.24748060702432,0.123233668617609,-10.1228878521439,4.37318393482767e-24,3.53201689679018e-23,"ENSG00000174348","PODN"
2.56324398795088,-1.48043379574319,0.210814040927339,-7.02246296893215,2.17990792208579e-12,9.58687245705252e-12,"ENSG00000174403",NA
2.54400350100051,-1.9056409882904,0.211766421451696,-8.99878732060962,2.28224549728425e-19,1.45906567620614e-18,"ENSG00000174429","ABRA"
15.006097103649,-1.21724173773407,0.139799901267134,-8.70702859373358,3.11944424937055e-18,1.88798097508013e-17,"ENSG00000174460","ZCCHC12"
26.6542441730247,-1.46184515712505,0.136386021293534,-10.7184383213205,8.33995696302072e-27,7.59778167138853e-26,"ENSG00000174527","MYO1H"
7.33744652672483,-2.00452438029209,0.173976246523957,-11.5218279526226,1.02414945875336e-30,1.10536158073605e-29,"ENSG00000174576","NPAS4"
78.7644589626803,-3.31427728327027,0.187140019109055,-17.7101471884476,3.50155593869648e-70,1.4375282349867e-68,"ENSG00000174611","KY"
72.7324085631353,-1.60488394433312,0.21842959740371,-7.34737399788779,2.02138694042881e-13,9.46302993120424e-13,"ENSG00000174680",NA
2288.90753810332,-6.15820701151208,0.264519688810144,-23.2807132021543,6.95286868572601e-120,1.00033615235175e-117,"ENSG00000174697","LEP"
3851.90766303487,-2.65708202841971,0.0946772804006585,-28.0646213872576,2.64896112409495e-173,1.19728044769235e-170,"ENSG00000174804","FZD4"
3446.38310383358,-1.69041399269572,0.10331498775371,-16.3617499207904,3.58671424447787e-60,1.06798930673048e-58,"ENSG00000174807","CD248"
106.270279715619,-2.89161106550205,0.151797950478678,-19.0490784386987,6.68690194309333e-81,3.7690526128659e-79,"ENSG00000174899",NA
139.524912337607,-1.78915961580529,0.105409244476549,-16.9734601997202,1.29096066632253e-64,4.42733897806102e-63,"ENSG00000174944","P2RY14"
0.959337649151975,-1.5375946916959,0.449145370688338,-3.42337869215809,0.000618478497572851,0.00131443484978553,"ENSG00000174948","GPR149"
88.5954504642842,-1.03447776414888,0.16845270083139,-6.1410577511863,8.19737718733455e-10,3.01988728216223e-09,"ENSG00000174950","CD164L2"
3.83316169803919,-1.50481422838917,0.227118422142371,-6.62568106186412,3.45650759279285e-11,1.40067054699066e-10,"ENSG00000175065","DSG4"
307.200551950699,-2.99741496849642,0.229101678438516,-13.0833391921257,4.10024368501917e-39,6.17355986641321e-38,"ENSG00000175084","DES"
198.679059897979,-1.26458154021058,0.19803317085179,-6.38570566118442,1.70608880389012e-10,6.59502296227009e-10,"ENSG00000175161","CADM2"
1173.1103785202,-1.07811608977912,0.0727706571533373,-14.8152584015751,1.16739481688084e-49,2.55387605829959e-48,"ENSG00000175198","PCCA"
1020.92490422242,-1.05690920619544,0.135510586843069,-7.79945855757687,6.21733530799344e-15,3.1786632654569e-14,"ENSG00000175265","GOLGA8A"
8209.27482216561,-4.71596326784061,0.164292992786913,-28.704591643523,3.34361538110055e-181,1.93003148082563e-178,"ENSG00000175445","LPL"
746.777831901955,-1.13239296403403,0.0922464921902784,-12.2757292678211,1.22284958548319e-34,1.55732917704677e-33,"ENSG00000175471","MCTP1"
103.446428577755,-1.44503178735043,0.128882023991953,-11.2120507002641,3.55851827575509e-29,3.60136482026672e-28,"ENSG00000175556","LONRF3"
2.40029412576871,-2.88061666407145,0.273500762291474,-10.5323898914824,6.12591087121488e-26,5.3763031661459e-25,"ENSG00000175664","TEX26"
281.032761056613,-1.74362954357678,0.147361575715673,-11.8323215201026,2.65690271257294e-32,3.07098212205958e-31,"ENSG00000175785","PRIMA1"
584.335796239435,-1.00341442189216,0.0781611736201567,-12.8377604303704,1.00746928591707e-37,1.44601118898403e-36,"ENSG00000175806","MSRA"
42721.9432986305,-1.11768181771532,0.0984086887885796,-11.3575521783096,6.80239856918952e-30,7.12044822918658e-29,"ENSG00000175899","A2M"
7.7293766795145,-1.65051418162831,0.233179325507979,-7.07830412508775,1.45929198961201e-12,6.48980592428398e-12,"ENSG00000175967","LINC02880"
183.224289611832,-1.27603838567729,0.09991402002613,-12.7713646727814,2.36963061788099e-37,3.35685993207209e-36,"ENSG00000175984","DENND2C"
3614.90537563581,-1.16242025376487,0.0981015156126196,-11.8491569320397,2.1736659099188e-32,2.51972740731211e-31,"ENSG00000176014","TUBB6"
0.393621166905629,-4.04361208067944,0.55556328729215,-7.27840045080778,3.37801360024775e-13,1.56246989368478e-12,"ENSG00000176115",NA
0.163478686395331,-2.56953361429738,0.782955326612675,-3.2818393680442,0.00103132337782528,0.00212793725372993,"ENSG00000176134",NA
604.109121179809,-4.95026483986455,0.259093481034864,-19.1060956844315,2.24661964533478e-81,1.28290282727043e-79,"ENSG00000176194","CIDEA"
6.3284111723016,-1.71949188201823,0.290147330273833,-5.92627159586621,3.09889900292543e-09,1.09530248048807e-08,"ENSG00000176204","LRRTM4"
1308.0073484056,-1.32248647432433,0.0867320507713172,-15.2479557737113,1.69868533829457e-52,4.06107857074316e-51,"ENSG00000176435","CLEC14A"
1347.11239638767,-2.9971352346023,0.10509262554855,-28.5189871216766,6.81299104305693e-179,3.58692748211932e-176,"ENSG00000176438","SYNE3"
6169.34733559291,-1.3006386623344,0.115909454998655,-11.2211610549761,3.21027688874746e-29,3.2551188516379e-28,"ENSG00000176485","PLAAT3"
796.216285354191,-1.19820755767459,0.104343694599173,-11.4832770899804,1.6009520037416e-30,1.71668779094136e-29,"ENSG00000176533","GNG7"
1.71467550157516,-1.85394446637366,0.274701336840804,-6.74894591957543,1.48923080427896e-11,6.18490359162665e-11,"ENSG00000176635","HORMAD2"
2.1302857576605,-1.85180546879589,0.192160198746609,-9.63677952497212,5.5914656194064e-22,4.06505489872171e-21,"ENSG00000176716","OR10AB1P"
2553.60674066918,-1.25827688405842,0.0892303271367698,-14.1014487387205,3.7205252048784e-45,6.95746926486043e-44,"ENSG00000176720","BOK"
268.202295552397,-1.00752762025482,0.13790467900393,-7.30597125153458,2.75271028630488e-13,1.27830134551582e-12,"ENSG00000176928","GCNT4"
1811.51944020248,-1.08302480154753,0.0666800701784376,-16.2421065042272,2.54048460995506e-59,7.41258329250591e-58,"ENSG00000176974","SHMT1"
727.786066795529,-2.56367660227642,0.118920631631401,-21.5578791258244,4.46609924963856e-103,4.42088460847486e-101,"ENSG00000177098","SCN4B"
7093.48307870953,-1.48451217103968,0.0655496072899012,-22.6471558322881,1.4881234958606e-113,1.86151427380369e-111,"ENSG00000177119","ANO6"
27.7255198927705,-2.26888605099867,0.147018552119038,-15.4326513103026,9.87295700820232e-54,2.44830936989117e-52,"ENSG00000177133","PRDM16-DT"
13.6751410245491,-1.45619252067366,0.146421998051774,-9.94517586188629,2.64706063001727e-23,2.06044963093627e-22,"ENSG00000177182","CLVS1"
2629.28125880413,-1.07856692995038,0.0882942107175912,-12.2156019198153,2.56595301211857e-34,3.22409674300028e-33,"ENSG00000177189","RPS6KA3"
69.5143621587327,-2.91942531044232,0.175750558638158,-16.6111865194861,5.78377995485789e-62,1.80875259554335e-60,"ENSG00000177301","KCNA2"
0.68068137480541,-2.08695948969701,0.275660603829685,-7.57075715827142,3.7105511827638e-14,1.81031066360707e-13,"ENSG00000177324","BEND2"
1.36578755030983,-1.2024559128265,0.49113041979742,-2.44834338162659,0.0143514808538044,0.0251253178289034,"ENSG00000177354","C10orf71"
238.44260321888,-3.3483431836198,0.140238433185007,-23.8760738235186,5.42955042758218e-126,9.12736003457762e-124,"ENSG00000177363","LRRN4CL"
19033.6207252501,-1.87242749770975,0.0871876397514111,-21.4758365182084,2.61961159516052e-102,2.56133860253348e-100,"ENSG00000177469","CAVIN1"
4.34685984361415,-1.56846110434787,0.157492750519288,-9.95894159684376,2.30503494746907e-23,1.80036231387745e-22,"ENSG00000177535","OR2B11"
1.35341497567948,-2.09354508475233,0.199630896969497,-10.4870794878621,9.90425355137435e-26,8.62750522993354e-25,"ENSG00000177590","GIMAP3P"
14474.1153319726,-1.39987095522418,0.100181464396109,-13.9733528918005,2.26697768077365e-44,4.11872964299832e-43,"ENSG00000177606","JUN"
11.8684079488011,-1.65187878406228,0.14124302277101,-11.6952947597305,1.34718630300592e-31,1.51120804909889e-30,"ENSG00000177627","C12orf54"
6176.37617790928,-1.92233010363349,0.0827313812625601,-23.2358033227161,1.97984521017089e-119,2.78983482409668e-117,"ENSG00000177666","PNPLA2"
322.813263808373,-1.67000854332283,0.109962001457785,-15.1871421143963,4.30273968818692e-52,1.01649042633647e-50,"ENSG00000177707","NECTIN3"
11.2801065555646,-1.34717786612832,0.107779104236402,-12.4994346137209,7.5184086275567e-36,1.00252423419494e-34,"ENSG00000177757","FAM87B"
53.0240579333404,-1.98025476755059,0.177942337375019,-11.1286318745895,9.10217817543948e-29,9.05116970496691e-28,"ENSG00000177822",NA
5.59424495722117,-2.77646278851006,0.271008660536512,-10.2449227379433,1.24724490761925e-24,1.03436911068094e-23,"ENSG00000177938","CAPZA3"
1.28822674774193,-1.01466325601361,0.260920556251507,-3.88878235808894,0.000100748412574045,0.00023473503119304,"ENSG00000177984","LCN15"
137.771622586541,-1.27944969893995,0.136439635382711,-9.37740485271099,6.76164509643633e-21,4.68474933579558e-20,"ENSG00000177990","DPY19L2"
3.95733849117313,-1.11749416105747,0.164426156168613,-6.79632843762109,1.07318967600849e-11,4.50042236547219e-11,"ENSG00000178055",NA
0.995971774566404,-1.06175783264652,0.234070346441757,-4.53606297759169,5.73140719729434e-06,1.52958845155064e-05,"ENSG00000178081",NA
0.933561799608194,-1.36276558525045,0.265684157401847,-5.12926927437854,2.90869029334038e-07,8.74578586380931e-07,"ENSG00000178084","HTR3C"
0.336568581747603,-1.32060024442295,0.336021682655093,-3.93010425395219,8.49090379812337e-05,0.000199470040682598,"ENSG00000178107",NA
1.7945895941786,-1.47062000565071,0.159325182618227,-9.23030484876072,2.69862752570108e-20,1.81105539650285e-19,"ENSG00000178115","GOLGA8Q"
169.878134217188,-1.76286723863833,0.110760446308303,-15.9160358900267,4.90484367219536e-57,1.34434245042837e-55,"ENSG00000178175","ZNF366"
23.1606331491625,-2.44637404856557,0.190414336954365,-12.84763578045,8.86792282456679e-38,1.27471401897688e-36,"ENSG00000178343","SHISA3"
910.143505384215,-1.5557284821967,0.0787174208707542,-19.7634585202053,6.14468006032376e-87,4.07744628379656e-85,"ENSG00000178385","PLEKHM3"
2285.29154098443,-1.13605544823092,0.0781052547992242,-14.5451858668312,6.26604232915495e-48,1.2862300256633e-46,"ENSG00000178573","MAF"
256.454179905462,-2.31386537153787,0.137022471778884,-16.8867583652396,5.6313219736162e-64,1.88142702758683e-62,"ENSG00000178662","CSRNP3"
6853.42203136966,-1.6136841182568,0.0834600675148978,-19.3348048510595,2.73701496446513e-83,1.6535988265766e-81,"ENSG00000178695","KCTD12"
18.2226166556569,-1.43966199807487,0.211801348131791,-6.79722773614761,1.06651440517629e-11,4.47314235769905e-11,"ENSG00000178722","LINC03122"
1938.48520628296,-1.19202572139714,0.0971532414261425,-12.2695414367964,1.31998789896692e-34,1.67836040975332e-33,"ENSG00000178726","THBD"
2.98905085547704,-3.08193380099113,0.177714771291183,-17.3420238430346,2.26615336640874e-67,8.42945712613687e-66,"ENSG00000178734","LMO7DN"
70.150210982879,-1.05348934824149,0.182110855590761,-5.7848794616005,7.25643438157605e-09,2.49162023379423e-08,"ENSG00000178750","STX19"
10.7553644597439,-3.05532968290808,0.28638276688571,-10.6686925199218,1.42619045701331e-26,1.28727929155063e-25,"ENSG00000178828","RNF186"
2555.22549198705,-2.07162291989096,0.105211996730075,-19.6899876846344,2.62753448611397e-86,1.71505691048665e-84,"ENSG00000178878","APOLD1"
261.542918057534,-2.15254469660102,0.139488166846513,-15.431736937009,1.00138481885825e-53,2.4804304295227e-52,"ENSG00000178947","SMIM10L2A"
2898.43210797101,-2.0655381908105,0.108626389799018,-19.0150680201393,1.27970762667037e-80,7.11262092735239e-79,"ENSG00000179094","PER1"
1.42862029558437,-2.13907861106239,0.239215206461847,-8.94206786725975,3.81954894374492e-19,2.41353982979186e-18,"ENSG00000179136","LINC00670"
810.026845312673,-1.41333988169845,0.109178751317954,-12.945191849488,2.50137573889753e-38,3.66150050872534e-37,"ENSG00000179144","GIMAP7"
14.6163035653327,-1.13800353674335,0.275229305420037,-4.13474697037294,3.5534593219804e-05,8.70379530245813e-05,"ENSG00000179270","PCARE"
13.8373030801613,-1.14234539073967,0.121454958015905,-9.40550644783126,5.17802328183255e-21,3.60632498084893e-20,"ENSG00000179300","RTL3"
3.25620813595465,-1.02783542937578,0.131246679726537,-7.83132519251044,4.82754218558903e-15,2.48322467373384e-14,"ENSG00000179304","FAM156A"
155.009498158935,-1.81885787628533,0.11811603705355,-15.3989070549388,1.66459058457746e-53,4.09607267114054e-52,"ENSG00000179314","WSCD1"
2159.98450721758,-2.12986803536156,0.159434000530338,-13.3589324000954,1.05060125509295e-40,1.66614717416429e-39,"ENSG00000179388","EGR3"
6.56340553693332,-2.43108007720238,0.181807711585467,-13.3717104516743,8.848246526641e-41,1.40650129758252e-39,"ENSG00000179428","IL6-AS1"
5.4354002606285,-2.17848665130711,0.228648386677357,-9.52767121152334,1.60850943337176e-21,1.14643985350849e-20,"ENSG00000179636","TPPP2"
191.935498943552,-1.16451131138377,0.159022949807633,-7.32291353413108,2.42644156175774e-13,1.13018486509638e-12,"ENSG00000179639","FCER1A"
3152.22427957627,-1.64189426976475,0.083041358595519,-19.772006353631,5.18715389589336e-87,3.4660605739505e-85,"ENSG00000179776","CDH5"
24.4387309492873,-3.48418713146644,0.212957467749484,-16.3609530498603,3.63395927679004e-60,1.08071377374929e-58,"ENSG00000179796","LRRC3B"
0.97744086708541,-1.76548373536468,0.319944078099305,-5.51810099393902,3.42682487854984e-08,1.11557504879611e-07,"ENSG00000179817","MRGPRX4"
30.6207834660017,-2.13454776940781,0.25540882612303,-8.35737668822612,6.41282808747447e-17,3.62908804241557e-16,"ENSG00000179826","MRGPRX3"
4.59412456352515,-2.45981693732982,0.251267547021725,-9.78963247138774,1.2474850417474e-22,9.38552266804614e-22,"ENSG00000179914","ITLN1"
147.834893583636,-1.40049383594932,0.233102204054183,-6.0080677556519,1.87747383862546e-09,6.74033507744818e-09,"ENSG00000179915","NRXN1"
63.3669008328335,-2.97424381832889,0.111447502444283,-26.6873976813957,6.592153753164e-157,1.97393803946305e-154,"ENSG00000179921","GPBAR1"
1.23300567564911,-1.73428385593246,0.348333101737669,-4.97880863828598,6.39768586248789e-07,1.86659234925884e-06,"ENSG00000180016","OR1E1"
170.375316198851,-2.63959805413202,0.148218537414164,-17.8088254018878,6.03633141145226e-71,2.52576976351683e-69,"ENSG00000180139","ACTA2-AS1"
169.816100204394,-1.67250465755364,0.145825799211098,-11.4691958940168,1.8840177824545e-30,2.01480562404899e-29,"ENSG00000180229",NA
71.2028611938367,-3.58870775953446,0.309947413133421,-11.5784407530759,5.30013075671671e-31,5.78558360798126e-30,"ENSG00000180264","ADGRD2"
29.7023472700453,-1.90227741103492,0.224192558025028,-8.48501586222392,2.1568930719475e-17,1.24893337052217e-16,"ENSG00000180287","PLD5"
6.13084297600287,-1.20448795173526,0.315759904559676,-3.81456902647252,0.000136420802581125,0.000313053005635678,"ENSG00000180332","KCTD4"
3226.25800317858,-2.56445825379215,0.0916635428686086,-27.9768616129977,3.10744368741166e-172,1.35343297330811e-169,"ENSG00000180354","MTURN"
4.04047602010178,-1.18046828729103,0.21541395007987,-5.47999926120545,4.25327611972088e-08,1.37221857842308e-07,"ENSG00000180383","DEFB124"
8.17110580224475,-3.82953393950816,0.260065411642577,-14.7252720587516,4.43680519604044e-49,9.51936126029098e-48,"ENSG00000180440","SERTM1"
1947.32072536352,-1.3178226022053,0.114334385082878,-11.5260391810394,9.75283022195882e-31,1.05356955114779e-29,"ENSG00000180447","GAS1"
21.1309231737455,-2.46638195368533,0.157747190275603,-15.6350293743823,4.20281017882012e-55,1.0878262326703e-53,"ENSG00000180509","KCNE1"
3.42927374551109,-1.75715444988143,0.22077085335407,-7.95917768666376,1.73186383891275e-15,9.13604894542057e-15,"ENSG00000180532","ZSCAN4"
21.7989292066286,-1.4520873820349,0.141196037813503,-10.284193554729,8.30342504495163e-25,6.93665377338505e-24,"ENSG00000180638","SLC47A2"
110.619655336952,-2.66573247679649,0.137694095739553,-19.3598168641791,1.68483347516472e-83,1.02567181442366e-81,"ENSG00000180660","MAB21L1"
6.22303622989499,-1.06676971040074,0.153536178325987,-6.94800223655286,3.70495132400456e-12,1.60579173089432e-11,"ENSG00000180745","CLRN3"
181.76657905553,-1.38705167230963,0.0769128787705507,-18.0340626236022,1.05265354558464e-72,4.66105650360074e-71,"ENSG00000180769","WDFY3-AS2"
121.748915347482,-1.00367045763777,0.106152982160164,-9.45494358437742,3.23196206446239e-21,2.26644178144603e-20,"ENSG00000180785","OR51E1"
36.7382848794364,-1.97157040305169,0.132169585425776,-14.9169750113114,2.55600904837405e-50,5.69838964670083e-49,"ENSG00000180871","CXCR2"
138.680078083025,-1.87711099687566,0.170188179243672,-11.0296203015843,2.75023719708172e-28,2.68085176220112e-27,"ENSG00000180875","GREM2"
1997.50243264078,-4.07416150249427,0.170876107377443,-23.8427803923166,1.20324729130479e-125,2.01564957085358e-123,"ENSG00000180914","OXTR"
1.45867620825575,-1.01605071984485,0.266138005792432,-3.81775882335759,0.000134669476313914,0.000309167406689329,"ENSG00000181017","OR56B2"
6.98010717627682,-1.11289508855449,0.176551332133192,-6.3035213334721,2.90958141893413e-10,1.10791643443915e-09,"ENSG00000181074","OR52N4"
6141.59472149621,-5.18177327317247,0.266148270989834,-19.4694981631889,1.99213540797268e-84,1.24437037022127e-82,"ENSG00000181092","ADIPOQ"
88.6499827376054,-3.82895863997641,0.238526851836372,-16.0525266254009,5.48835443918543e-58,1.53950270012514e-56,"ENSG00000181195","PENK"
422.407614857561,-4.7177611939417,0.222824599687765,-21.1725330172364,1.71109322617789e-99,1.57348323351599e-97,"ENSG00000181234","TMEM132C"
120.092958289891,-1.98832033954439,0.198426717822084,-10.0204264897794,1.2396683918206e-23,9.79723003947306e-23,"ENSG00000181374","CCL13"
22.1705086669344,-1.176600862801,0.135329580933762,-8.69433611397127,3.48863544762943e-18,2.10398444481276e-17,"ENSG00000181585","TMIE"
62.376059201526,-1.00788914249615,0.204086884341455,-4.93852971369715,7.87137860054733e-07,2.27879478368616e-06,"ENSG00000181656","GPR88"
9.07004842310281,-3.21592306021199,0.1748792675016,-18.3893900412327,1.59767294419667e-75,7.73176876327903e-74,"ENSG00000181778","TMEM252"
454.250352110344,-1.58876050750177,0.0902085835083419,-17.6120768746452,1.99007234343038e-69,7.95862821149827e-68,"ENSG00000181804","SLC9A9"
272.656016748574,-4.64186279651203,0.145000821688038,-32.0126654626741,7.26722503158196e-225,1.5137945707091e-221,"ENSG00000181856","SLC2A4"
6.42735606284074,-5.44251906172506,0.298067799771157,-18.2593324938272,1.74410310504383e-74,8.17612326444718e-73,"ENSG00000181997","AQP7P2"
0.936555870113332,-3.68637862453686,0.218929876788879,-16.8381706444377,1.28136939092613e-63,4.23966902757395e-62,"ENSG00000182021",NA
13.9348677460239,-1.65025032962457,0.264713457517738,-6.23410061996559,4.54380968888265e-10,1.70646642779939e-09,"ENSG00000182050","MGAT4C"
38.387214945673,-1.5501289052244,0.287072040181227,-5.39979060393974,6.67187258145852e-08,2.11912758846946e-07,"ENSG00000182077","PTCHD3"
426.483601802754,-2.48908296694923,0.130702207757407,-19.0439244268097,7.37861317120598e-81,4.14430664750854e-79,"ENSG00000182118","FAM89A"
30.7149662656274,-1.17006290679108,0.152656998710775,-7.66465289290723,1.7931548344173e-14,8.92201143596766e-14,"ENSG00000182132","KCNIP1"
1201.13648269226,-1.25861712871918,0.157296146044976,-8.0015763918291,1.228363422391e-15,6.53463153084085e-15,"ENSG00000182175","RGMA"
5276.86021638059,-3.06693930428338,0.167206326267935,-18.3422444158533,3.80748220448453e-75,1.82052367681491e-73,"ENSG00000182253","SYNM"
5.49314061631115,-3.33663371735869,0.303151453173325,-11.0064909220507,3.55584929686737e-28,3.44580784411237e-27,"ENSG00000182255","KCNA4"
336.665602859036,-1.4557989135992,0.160790560198383,-9.05400734846027,1.37815546647811e-19,8.91298979467688e-19,"ENSG00000182263","FIGN"
0.600909654927829,-1.60213115295947,0.400290338901155,-4.00242273485169,6.26971460093374e-05,0.000149310083771118,"ENSG00000182334","OR5P3"
8.9533232452402,-1.49255541533175,0.13934578429858,-10.7111630455473,9.02211544656926e-27,8.2067505419619e-26,"ENSG00000182397",NA
1334.92927101061,-2.35202682480102,0.12729264631769,-18.4773189405691,3.14422126305333e-76,1.55458865544773e-74,"ENSG00000182463","TSHZ2"
3.94398714852344,-2.02436260555438,0.195594524486697,-10.3497917994737,4.19396841487264e-25,3.54817281929275e-24,"ENSG00000182533","CAV3"
3917.95505078998,-1.11414090395133,0.0772272853446713,-14.426778035494,3.51103706367434e-47,7.0176798381576e-46,"ENSG00000182534","MXRA7"
1589.87638265369,-1.07974721289055,0.113931382368794,-9.47717117479907,2.61269779153485e-21,1.84079928224169e-20,"ENSG00000182568","SATB1"
57.8043500055383,-2.7323087439509,0.315610727076491,-8.65721127181048,4.83446143589445e-18,2.89523809242129e-17,"ENSG00000182601","HS3ST4"
995.992789058099,-1.85008692922049,0.0991599066761219,-18.6576106335324,1.09520006197931e-77,5.65420635446431e-76,"ENSG00000182636","NDN"
99.1540252311875,-2.32776136280646,0.170077719502197,-13.6864568129184,1.22330556422888e-42,2.08423078172851e-41,"ENSG00000182732","RGS6"
186.929480200568,-3.4347711035339,0.137834502245712,-24.9195306514103,4.57042714103888e-137,9.52039844900752e-135,"ENSG00000182782","HCAR2"
108.60917983675,-2.27696640485167,0.199273751511977,-11.4263237760886,3.08912000726119e-30,3.27723072515243e-29,"ENSG00000182836","PLCXD3"
38.8343572773458,-1.84016745599283,0.156811802666645,-11.7348785276368,8.44474776181403e-32,9.54892294709725e-31,"ENSG00000182885","ADGRG3"
135.304713280049,-2.12126116726482,0.109860976324437,-19.3085956290831,4.54771051334583e-83,2.72351013367998e-81,"ENSG00000182916","TCEAL7"
23.3273930904919,-2.28848351309387,0.131096481595879,-17.4564830820433,3.07291911349541e-68,1.17403153690243e-66,"ENSG00000182950","CIMAP1C"
488.977876566923,-1.0997337255873,0.121685654552822,-9.0374968982882,1.60300266326353e-19,1.03295033755152e-18,"ENSG00000182983","ZNF662"
27.1916006317006,-1.64371590591484,0.142152843026071,-11.5630181635789,6.34391314092313e-31,6.90765633140062e-30,"ENSG00000183134","PTGDR2"
22.8047526077713,-2.02956248855315,0.120674965829142,-16.8184219038994,1.78859858174681e-63,5.86929849667737e-62,"ENSG00000183154","LOC102723701"
36.2715777513675,-1.34487903379698,0.156161354744247,-8.61211172251646,7.1726890535518e-18,4.25617454242837e-17,"ENSG00000183230","CTNNA3"
119.187712361715,-1.99935688438196,0.141839329501266,-14.0959273525338,4.02327771800522e-45,7.51775489351131e-44,"ENSG00000183287","CCBE1"
0.690348134902568,-2.07156008718425,0.350844697079598,-5.90449308320102,3.53732711580705e-09,1.24448040915197e-08,"ENSG00000183303","OR5P2"
31.0344992297826,-3.19803968480278,0.219370751128569,-14.5782410296278,3.86343257343964e-48,8.01980305864356e-47,"ENSG00000183378","OVCH2"
11.1820405740764,-1.00272590976313,0.156012304992808,-6.42722322325385,1.29955918505871e-10,5.06745853436816e-10,"ENSG00000183379","SYNDIG1L"
29.0430334455007,-1.09672182209389,0.102816162585386,-10.6668231386587,1.45516786346376e-26,1.31145771893432e-25,"ENSG00000183439","TRIM61"
2.88451512140478,-4.11744049360041,0.292494429198338,-14.0769877391696,5.26046952904125e-45,9.78753767519869e-44,"ENSG00000183463","URAD"
178.841323559091,-3.77545798818324,0.126472421079066,-29.8520258881023,8.26302160789203e-196,7.3311363932242e-193,"ENSG00000183549","ACSM5"
128.318659616934,-1.00637437204983,0.157356634616058,-6.39550009763062,1.60022739769689e-10,6.19780878121729e-10,"ENSG00000183570","PCBP3"
0.528442491542818,-2.30070590013606,0.287707212741225,-7.99669176943928,1.27806648839922e-15,6.79526861160879e-15,"ENSG00000183629","GOLGA8G"
16.8971714086189,-1.38817868201503,0.134023811881702,-10.3577018331662,3.86127935639776e-25,3.27306960306116e-24,"ENSG00000183638","RP1L1"
0.59169432991676,-1.61371972656693,0.32960120299591,-4.89597644638134,9.78187828913788e-07,2.80695848606011e-06,"ENSG00000183643","C15orf32"
5.00664583881249,-1.12867491214715,0.140832888479843,-8.01428504612894,1.10779519165222e-15,5.90963897473084e-15,"ENSG00000183662","TAFA1"
3.1455197944819,-3.47249228787385,0.262138284006102,-13.2467956790051,4.70882807380293e-40,7.29624686338611e-39,"ENSG00000183695","MRGPRX2"
2707.69268691733,-2.03856598418755,0.0868941495084704,-23.4603364636054,1.03685438449163e-121,1.57700614479346e-119,"ENSG00000183722","LHFPL6"
2.09752938766291,-1.04261235018344,0.265977909747867,-3.91992083542495,8.85780601814698e-05,0.000207560151780017,"ENSG00000183733","FIGLA"
3.21641242610664,-2.68155334172246,0.253971947948352,-10.5584627096997,4.64201544501996e-26,4.09725423675214e-25,"ENSG00000183747","ACSM2A"
22.8962125179995,-1.16935936588285,0.124701738007315,-9.37724994509905,6.77158378147703e-21,4.6909568966247e-20,"ENSG00000183775","KCTD16"
197.631837977189,-1.2389907430126,0.199481212849314,-6.21106481816168,5.26267584513172e-10,1.9681117769125e-09,"ENSG00000183780","SLC35F3"
4.81990353401224,-1.82890874045873,0.239113526529853,-7.64870464252217,2.0301393525121e-14,1.00697770347712e-13,"ENSG00000183783","KCTD8"
99.9406493718623,-1.56489271628985,0.234828703808976,-6.66397544638678,2.66518011171899e-11,1.08856589217781e-10,"ENSG00000183798","EMILIN3"
849.525589940288,-1.37521645724626,0.0928615579151399,-14.8093192503078,1.27525278859615e-49,2.78728837142525e-48,"ENSG00000183801","OLFML1"
50.7633766656313,-2.13953379556715,0.107067484419081,-19.9830397358795,7.73666505050812e-89,5.45896351354704e-87,"ENSG00000183807","FAM162B"
3423.84935053288,-1.21148911208937,0.0919213384927758,-13.1796287124843,1.1495517068266e-39,1.7567790199063e-38,"ENSG00000183853","KIRREL1"
43.2923662231683,-2.20329170631239,0.148060311717626,-14.8810419264442,4.37630575914971e-50,9.69342620993354e-49,"ENSG00000183873","SCN5A"
0.531512784229423,-1.58078297231621,0.49588494223333,-3.18780192275409,0.00143358704448398,0.00290378198542372,"ENSG00000183878","UTY"
61.8373263312013,-2.00133374664544,0.202047682605299,-9.90525464503872,3.94962605430005e-23,3.0510574695504e-22,"ENSG00000183960","KCNH8"
190.460003885934,-1.88540886303352,0.0964931837400621,-19.5392958337091,5.08792841684346e-85,3.22011427280013e-83,"ENSG00000184005","ST6GALNAC3"
1239.46047371132,-1.08489552642212,0.15311770331165,-7.08536964020395,1.3867365387272e-12,6.17630822445109e-12,"ENSG00000184012","TMPRSS2"
924.843367572718,-2.5717727890739,0.142552027618327,-18.0409414867086,9.29468463953231e-73,4.11941111082325e-71,"ENSG00000184113","CLDN5"
8.04171870475577,-1.06182449970857,0.120951404609211,-8.77893483865919,1.65030102297559e-18,1.01184952662862e-17,"ENSG00000184206","GOLGA6L4"
333.067828193262,-2.18008373676342,0.210023176020033,-10.3802055471986,3.05117546403352e-25,2.60063719056833e-24,"ENSG00000184226","PCDH9"
756.711979095686,-1.60178910324523,0.138547127688093,-11.561330285037,6.46986481868276e-31,7.04000053288873e-30,"ENSG00000184254","ALDH1A3"
565.770891472098,-1.13241227990576,0.0654541062270887,-17.3008592612499,4.63425135725358e-67,1.70396763258648e-65,"ENSG00000184271","POU6F1"
0.16322129433717,-2.33690799387419,0.684980399299621,-3.41164213788254,0.000645728259074951,0.00136918968321668,"ENSG00000184303",NA
428.46450184592,-1.41611379760935,0.0946645656650685,-14.9592805677648,1.35482737304813e-50,3.04454875434971e-49,"ENSG00000184304","PRKD1"
11.5288044890157,-1.02015649076103,0.143923923073091,-7.08816483721716,1.35902043984625e-12,6.05793350139877e-12,"ENSG00000184313","MROH7"
3560.71359149172,-2.48061190843096,0.110884963759905,-22.3710395378957,7.53601447798102e-111,9.00375196109902e-109,"ENSG00000184347","SLIT3"
1771.29561692209,-1.82137520508373,0.108650285772372,-16.7636485457535,4.50133088902958e-63,1.45518733396361e-61,"ENSG00000184384","MAML2"
1538.13907078403,-1.01098347201076,0.0637569404899474,-15.8568379260633,1.2608425803687e-56,3.41668371184754e-55,"ENSG00000184481","FOXO4"
1595.2883820591,-1.94658068486777,0.0976866210869128,-19.9267889830674,2.38373716873186e-88,1.66237041854357e-86,"ENSG00000184500","PROS1"
7.80303553362935,-2.02090415719546,0.145362437379848,-13.9025197542238,6.11500944701171e-44,1.09113632255617e-42,"ENSG00000184530","C6orf58"
0.437478547764046,-2.00692386798596,0.268612919521666,-7.47143462630095,7.93251755186258e-14,3.79553496364462e-13,"ENSG00000184544","DHRS7C"
4897.42936130959,-1.9220824568116,0.116829902170751,-16.4519735196082,8.11794044297306e-61,2.45382035724189e-59,"ENSG00000184557","SOCS3"
95.9973775972729,-5.15720710245045,0.269982003429775,-19.1020402728136,2.42810883761711e-81,1.38488921916947e-79,"ENSG00000184601","C14orf180"
226.069496235274,-1.52147242276537,0.0885075060592898,-17.1903208044995,3.13791250557098e-66,1.13035630181884e-64,"ENSG00000184785","SMIM10"
2056.06652524843,-5.0703943137443,0.266570155471324,-19.0208626497566,1.1458268769073e-80,6.39075269762848e-79,"ENSG00000184811","TRARG1"
84.0979979711105,-1.27929555040724,0.227964697770572,-5.61181429808379,2.0021623595998e-08,6.64060911377128e-08,"ENSG00000184905","TCEAL2"
0.730283144453968,-4.15845772051037,0.274447678665333,-15.1520965334208,7.3387657297704e-52,1.72184263522674e-50,"ENSG00000184906",NA
16.046367858873,-1.06771373013809,0.149379325439293,-7.14766736961875,8.82648713775653e-13,3.98151773627639e-12,"ENSG00000184908","CLCNKB"
5.15988915318186,-1.29110482435803,0.218558605993,-5.90736209398856,3.47629116426096e-09,1.22354620687439e-08,"ENSG00000184995","IFNE"
1327.636970008,-1.74756824132376,0.0784806274105273,-22.2675110913976,7.63244589572891e-110,8.87549715690224e-108,"ENSG00000185010","F8"
1272.6616794573,-1.44770742853426,0.0945080994352769,-15.3183424191671,5.76694927961209e-53,1.40251035525998e-51,"ENSG00000185022","MAFF"
9.12997081070299,-1.02421279112093,0.217306054174796,-4.71322713492868,2.43824154425921e-06,6.74146770460865e-06,"ENSG00000185031",NA
6.87166787601906,-2.80415649690848,0.296970544080203,-9.44254086072308,3.63847374242407e-21,2.54592196581769e-20,"ENSG00000185053","SGCZ"
1049.96209450713,-1.6758337684442,0.125207179630574,-13.3844862042958,7.45108338022409e-41,1.18835354442922e-39,"ENSG00000185070","FLRT2"
571.216995541732,-1.14845034961891,0.084250185471631,-13.6314281468926,2.60433340732735e-42,4.38880103922102e-41,"ENSG00000185112","FAM43A"
132.342131242424,-3.50700694082869,0.41188280161217,-8.51457484289643,1.67202606844104e-17,9.72996100315925e-17,"ENSG00000185149","NPY2R"
120.475342562773,-1.21499968076328,0.0834206629065396,-14.5647329861728,4.70820542445182e-48,9.74384975747243e-47,"ENSG00000185267","CDNF"
33.6409681915877,-3.79622210603852,0.13177443543163,-28.8084869694484,1.67927725149364e-182,9.93261396531606e-180,"ENSG00000185271","KLHL33"
1576.15462107872,-1.03257157191647,0.0871920526515064,-11.8424964261767,2.35341819709256e-32,2.72611861273464e-31,"ENSG00000185339","TCN2"
196.397788451767,-1.8467015042749,0.103105850898449,-17.9107343393515,9.72441277932185e-72,4.16723270355376e-70,"ENSG00000185345","PRKN"
5074.33117540606,-1.75514845569916,0.0802965488748933,-21.8583299069775,6.47708859583375e-106,6.89594032503099e-104,"ENSG00000185432","TMT1A"
192.026118654884,-1.90914439801524,0.14631374113315,-13.0482918639737,6.49881699122728e-39,9.70870976144993e-38,"ENSG00000185518","SV2B"
762.308071138207,-1.69268517725883,0.0892858757042444,-18.9580397112952,3.79009040766391e-80,2.07999119623342e-78,"ENSG00000185561","TLCD2"
2928.75250984565,-1.07163948898245,0.0808979107021835,-13.2468129236066,4.70774647088239e-40,7.29624686338611e-39,"ENSG00000185585","OLFML2A"
18.882249519596,-2.01603689557679,0.165905284041303,-12.1517340886797,5.61615991411908e-34,6.96712121919847e-33,"ENSG00000185610","DBX2"
224.04016749582,-1.162218994576,0.113696322636838,-10.2221335538554,1.57828227234474e-24,1.30259265578013e-23,"ENSG00000185664","PMEL"
61.7803865945847,-1.80194581683277,0.116250893467535,-15.500490044285,3.4425641940004e-54,8.6533709619391e-53,"ENSG00000185739","SRL"
4.47297775505306,-2.74747894899547,0.200173936984131,-13.7254579211942,7.14761116492647e-43,1.22915309013506e-41,"ENSG00000185742","C11orf87"
1037.82528750435,-3.21247622782657,0.159094293056548,-20.1922782150629,1.14462748037433e-90,8.42382528183318e-89,"ENSG00000185818","NAT8L"
0.512801181810104,-1.59253047787339,0.390417904689931,-4.07904058380255,4.5221942719085e-05,0.000109467627105465,"ENSG00000185823","NPAP1"
3.77244326955502,-2.21317424380975,0.17515672317453,-12.6353941983974,1.34717308161299e-36,1.85415289687097e-35,"ENSG00000185897","FFAR3"
574.704761449072,-1.3766251736307,0.110784198603309,-12.426187046404,1.88408809338201e-35,2.47849150340286e-34,"ENSG00000185920","PTCH1"
2635.64085267073,-1.44937561677288,0.121747484194103,-11.9047685163016,1.11773042436238e-32,1.30802307355158e-31,"ENSG00000185950","IRS2"
3.08876301825377,-2.14491462420956,0.208712514228595,-10.2768855625988,8.95754495104428e-25,7.47267941153633e-24,"ENSG00000185960","SHOX"
1.29389779717114,-1.24878956487585,0.372698086199366,-3.35067340326465,0.000806153190041906,0.0016889452219218,"ENSG00000185962","LCE3A"
23.0226205261641,-1.61693465865399,0.184421857020144,-8.76758690526244,1.82536130763755e-18,1.11703998274256e-17,"ENSG00000185985","SLITRK2"
2029.06064732007,-1.13976080234248,0.0790649526453649,-14.4154997152116,4.13435941614129e-47,8.24291134529045e-46,"ENSG00000185989","RASA3"
18054.9037971442,-1.71659848398681,0.245788978894862,-6.9840335872875,2.86823444476061e-12,1.25174997493606e-11,"ENSG00000186081","KRT5"
26.2254297939432,-2.02262981180699,0.112809824676634,-17.9295537210947,6.93339598481926e-72,2.98453730128204e-70,"ENSG00000186105","LRRC70"
11.5657615642254,-1.10460240173541,0.142287413288863,-7.76317719328356,8.28277640150057e-15,4.20680395840022e-14,"ENSG00000186150","UBL4B"
110.52700069213,-2.03475456092354,0.104809016608914,-19.4139266520938,5.88528935818033e-84,3.62421867802596e-82,"ENSG00000186188","FFAR4"
21.7296076183672,-1.25198534057293,0.122503503482374,-10.219996204052,1.61347197832789e-24,1.3307185829177e-23,"ENSG00000186198","SLC51B"
1031.15026810087,-2.69408198166868,0.110470078384132,-24.3874361372378,2.3247039346642e-131,4.31692114378921e-129,"ENSG00000186205","MTARC1"
3.48613748659088,-2.0386977704936,0.214899776096878,-9.4867375272394,2.38378126560803e-21,1.68347524226534e-20,"ENSG00000186335","SLC36A2"
2.70301776594418,-1.84554082565859,0.23547522840115,-7.83751581085452,4.59547100660156e-15,2.36689976269921e-14,"ENSG00000186369",NA
14.3960005257353,-1.32025557802468,0.108438698807508,-12.1751329787559,4.2170623334482e-34,5.25050562358376e-33,"ENSG00000186399","GOLGA8R"
285.503879779051,-2.12755411189601,0.162054896687006,-13.1286012048447,2.25788686873028e-39,3.430870912809e-38,"ENSG00000186417","GLDN"
73.0814269400351,-4.34215597366086,0.249298708127088,-17.4174828513243,6.07934210252209e-68,2.29339590654987e-66,"ENSG00000186439","TRDN"
9.61599702870365,-2.65576453145042,0.134039427592979,-19.81330851035,2.28560212856595e-87,1.55323685077439e-85,"ENSG00000186453","FAM228A"
118.32171541043,-4.89716465630826,0.229846879296108,-21.3062046842034,9.94365663993762e-101,9.32290782034073e-99,"ENSG00000186458","DEFB132"
176.487664496997,-1.5665553634272,0.147462487770626,-10.6234160776125,2.31915591767233e-26,2.07334875938947e-25,"ENSG00000186462","NAP1L2"
20.3887965258377,-5.00333866192823,0.218045362396001,-22.9463200085928,1.6035671413162e-116,2.12816902328141e-114,"ENSG00000186466",NA
1152.56492752957,-2.06114688958725,0.0924256774215766,-22.300587316075,3.6468280296949e-110,4.27187117121474e-108,"ENSG00000186469","GNG2"
37.9980721716113,-2.14264656429649,0.169633294878809,-12.6310496169237,1.42366447821138e-36,1.95718120950092e-35,"ENSG00000186479","RGS7BP"
765.037630640376,-1.61179204444927,0.0728075094377285,-22.1377170692512,1.37002252237469e-108,1.55909213888293e-106,"ENSG00000186594","MIR22HG"
787.036526206434,-3.13075484975155,0.107316421954429,-29.173119945063,4.25348258311657e-187,2.91120500795878e-184,"ENSG00000186642","PDE2A"
2.70062612871198,-1.2723418518073,0.196221775568778,-6.48420313249753,8.92019744162814e-11,3.5168421611949e-10,"ENSG00000186652","PRG2"
6.97259024448031,-1.00680409037047,0.165553159401251,-6.08145500823864,1.19096787157127e-09,4.33581084551515e-09,"ENSG00000186675","MAGEE2"
27.1610053789482,-1.0870322289875,0.176748415101047,-6.15016676877154,7.74015176572204e-10,2.8567188282547e-09,"ENSG00000186766","FOXI2"
3.7129491470032,-1.77532874150269,0.222438613174964,-7.98120756177466,1.44908551672047e-15,7.67983264447763e-15,"ENSG00000186831",NA
14219.6230915995,-1.75309744541,0.26062126040701,-6.72660949713851,1.73661976495673e-11,7.18740954898729e-11,"ENSG00000186847","KRT14"
1138.1207287281,-1.4040933216506,0.0951384515482266,-14.7584210043491,2.7156450202605e-49,5.87123433757583e-48,"ENSG00000186951","PPARA"
0.595086478694717,-4.45725528398809,0.485488100029767,-9.18097741986838,4.27196002733606e-20,2.84026651276257e-19,"ENSG00000186971","KRTAP13-4"
210.698767380051,-1.81007562310239,0.11394278502829,-15.8858292137846,7.9440441553087e-57,2.16495537816177e-55,"ENSG00000186994","KANK3"
4675.66932610922,-1.26516936355189,0.074124359804645,-17.068199535028,2.55972879017739e-65,8.91902591544718e-64,"ENSG00000187079","TEAD1"
973.807032035244,-1.12171530076393,0.0904812336131762,-12.3972149358558,2.70564951453645e-35,3.53690772827943e-34,"ENSG00000187098","MITF"
1105.3346855455,-3.46087716905995,0.192463126556005,-17.9820271601629,2.69458213769641e-72,1.1822108994234e-70,"ENSG00000187134","AKR1C1"
18.2136320286941,-4.11440959029248,0.196620152664762,-20.9256759011247,3.1260148261167e-97,2.68400305231633e-95,"ENSG00000187151","ANGPTL5"
9.85832082950227,-1.12534064933625,0.222823437794479,-5.05036929900616,4.40956736983282e-07,1.30489421055399e-06,"ENSG00000187185","LOC388282"
584.179594451622,-1.74212931204808,0.137208845910385,-12.6969168823555,6.15053506530625e-37,8.58101732611597e-36,"ENSG00000187193","MT1X"
215.401034135098,-2.02919447186692,0.133996139565825,-15.1436786047861,8.34143682922953e-52,1.95517729201755e-50,"ENSG00000187260","WDR86"
2148.77401403962,-5.29165710822823,0.248432673098762,-21.3001657238723,1.13120231511961e-100,1.05851372885509e-98,"ENSG00000187288","CIDEC"
119.351209418777,-1.96210568308967,0.196505415603982,-9.98499546212972,1.77309195076979e-23,1.39191930790399e-22,"ENSG00000187398","LUZP2"
482.938741389867,-1.14303716580612,0.127325001975558,-8.97731905023292,2.77444448834416e-19,1.76595769146498e-18,"ENSG00000187479","C11orf96"
2.58362738338833,-1.43356113098472,0.588686233765538,-2.43518711456004,0.0148840907093632,0.0259808644254596,"ENSG00000187481",NA
330.246908290819,-1.53443953887017,0.244482422435034,-6.27627754824752,3.46774930265652e-10,1.3130472543292e-09,"ENSG00000187527","ATP13A5"
46.1138880627593,-1.91518116323676,0.18041220043246,-10.6155856347073,2.52207889139483e-26,2.25224230543758e-25,"ENSG00000187546","AGMO"
290.517926532923,-2.20454175012923,0.147036780200584,-14.9931312908366,8.14222235050383e-51,1.8470353826356e-49,"ENSG00000187699","AKAP19"
16.7975390648437,-4.82908434049857,0.21881962523666,-22.0687899235535,6.305656798774e-108,7.02567481928517e-106,"ENSG00000187758","ADH1A"
0.72030870405137,-2.5066308783735,0.237095767155058,-10.5722295612903,4.00849727815501e-26,3.55182364705764e-25,"ENSG00000187791","SPATA31F3"
559.085138851477,-2.03815045509278,0.0951182303935167,-21.4275480805381,7.39745573121884e-102,7.1024469756051e-100,"ENSG00000187800","PEAR1"
226.09296551027,-2.28498375506047,0.0917901150787507,-24.8935710898726,8.73387158283431e-137,1.79587891645318e-134,"ENSG00000187824","TMEM220"
1.01327161625539,-2.75670601284844,0.264834902025543,-10.4091492162259,2.25225434745371e-25,1.9310219360506e-24,"ENSG00000187871","GFRAL"
4.20146242643778,-1.51725031690659,0.26551933671777,-5.71427428097008,1.10173177321354e-08,3.72926164014843e-08,"ENSG00000187922","LCN10"
48.581863976315,-2.68313774659818,0.109935251892377,-24.406527482421,1.45796491340934e-131,2.72855855474381e-129,"ENSG00000187942","LDLRAD2"
7.35482066650073,-1.4173718343291,0.202832876398576,-6.98788016763071,2.79070583561095e-12,1.21869215736141e-11,"ENSG00000187950","OVCH1"
8119.10513679442,-1.6094565972495,0.144612840569638,-11.1294169377336,9.02237236960871e-29,8.97740104315583e-28,"ENSG00000187955","COL14A1"
39.8657359966552,-1.21872314060364,0.17101477764034,-7.12642005222924,1.03013026427533e-12,4.6289196174668e-12,"ENSG00000187987","ZSCAN23"
34.2787418198562,-1.11197873944315,0.125112961510934,-8.88779808274278,6.23318229318503e-19,3.89604388345068e-18,"ENSG00000188107","EYS"
1010.22283485005,-1.21453746572692,0.0542229331173307,-22.3989628723852,4.02847180472212e-111,4.82510210410591e-109,"ENSG00000188215","DCUN1D3"
1242.37758904407,-1.55199963973059,0.259504277636905,-5.98063220330468,2.22273241863072e-09,7.94117152696479e-09,"ENSG00000188257","PLA2G2A"
1.42261558017538,-1.22298252434316,0.175394357646778,-6.97275864943207,3.10785546167192e-12,1.35361231971547e-11,"ENSG00000188388","GOLGA6L3P"
96.1257731351019,-2.56975173314983,0.157612137100278,-16.3042756758947,9.20233367215447e-60,2.71313111527951e-58,"ENSG00000188517","COL25A1"
13.4546746603784,-3.20218125405953,0.253589321604986,-12.627429395657,1.49068832245328e-36,2.04755956217708e-35,"ENSG00000188525",NA
308.614636762802,-4.46339939241463,0.190145226946682,-23.4736336225058,7.58496326886961e-122,1.15731079685205e-119,"ENSG00000188536","HBA2"
23.0058325731249,-1.28937303017242,0.167541531941338,-7.6958412354966,1.40566260332259e-14,7.05038686402694e-14,"ENSG00000188580","NKAIN2"
1.07539694763755,-1.21055361893405,0.343937268563843,-3.51969306492687,0.000432046464852679,0.000935479103859171,"ENSG00000188581","KRTAP1-1"
2.22669492962777,-1.4461061640382,0.35184763556157,-4.11003519102843,3.95598824251871e-05,9.63800644287168e-05,"ENSG00000188582","PAQR9"
7.34783091645815,-2.92649629689107,0.132331374309309,-22.1149089712522,2.27166476606312e-108,2.57294229177504e-106,"ENSG00000188626","GOLGA8M"
1641.95301951653,-1.19433608807788,0.0925368423001546,-12.90660085638,4.13139407325184e-38,6.01443603918248e-37,"ENSG00000188641","DPYD"
0.536201217925576,-1.32107511550513,0.458071312599479,-2.88399443311183,0.00392665694662271,0.00747125235554782,"ENSG00000188668","OR7E90P"
2.54084323659447,-2.44150844095864,0.333780661348481,-7.31470909996671,2.5793956031084e-13,1.1996781219777e-12,"ENSG00000188729","OSTN"
5.76952053741586,-2.98152756040065,0.232056048594652,-12.848307891378,8.79122117304505e-38,1.2644473323344e-36,"ENSG00000188778","ADRB3"
4586.91952495098,-2.07075430595184,0.147366960281527,-14.0516863616913,7.52212453562925e-45,1.38769729111281e-43,"ENSG00000188783","PRELP"
10.3789570140742,-2.68544683859152,0.169665743594003,-15.8278670856362,1.99882775097752e-56,5.36792811375184e-55,"ENSG00000188828",NA
39.0104536647647,-1.06461062833164,0.217976340354916,-4.88406506228246,1.03920758930024e-06,2.97670905197743e-06,"ENSG00000188933",NA
13.1998294516589,-2.21104032756059,0.134232762622758,-16.4716890598043,5.86107839954499e-61,1.78175295762818e-59,"ENSG00000188958","UTS2B"
2.42733500845426,-3.12111377188411,0.454084156151791,-6.87342583880153,6.26781010620966e-12,2.6721016389794e-11,"ENSG00000188984","AADACL3"
8.65911855540432,-1.62604895997555,0.271004874443289,-6.00007274155438,1.97229154461975e-09,7.07120316566133e-09,"ENSG00000188991","SLC15A5"
27.3001438243066,-1.16893422272406,0.112897510072287,-10.3539415703288,4.01603786047616e-25,3.40124401441422e-24,"ENSG00000189045","ANKDD1B"
337.911433938738,-2.70647404259204,0.197261311660284,-13.720247623888,7.68026530850952e-43,1.32027811600535e-41,"ENSG00000189056","RELN"
34657.2971177919,-1.44301488254051,0.218619310867151,-6.6005828891181,4.09544326140612e-11,1.65217823049821e-10,"ENSG00000189058","APOD"
33.7683520824763,-1.01854669506626,0.206524650441151,-4.93184078941945,8.14582999369444e-07,2.35526080264273e-06,"ENSG00000189108","IL1RAPL2"
499.052882315479,-3.0890673891493,0.141000562077921,-21.908192021548,2.17028027933455e-106,2.35244633898005e-104,"ENSG00000189129","PLAC9"
30.169485032337,-2.71616961046885,0.10564979273116,-25.7091806832079,9.22845000547346e-146,2.21067519881117e-143,"ENSG00000189134","NKAPL"
67.4768417171126,-1.26232531599079,0.104663453619137,-12.0608031967329,1.70115729123983e-33,2.06911515164509e-32,"ENSG00000189136",NA
1745.0774700616,-1.81527703917864,0.10977361882793,-16.5365509360139,2.00159371338085e-61,6.17888884072659e-60,"ENSG00000189184","PCDH18"
2770.00300630217,-3.33195202302489,0.169039488643873,-19.7110867392917,1.73207081860202e-86,1.13676045094825e-84,"ENSG00000189221","MAOA"
82.1675269227389,-1.4928774287466,0.257268445650894,-5.80280035886094,6.52164251594915e-09,2.2464008407443e-08,"ENSG00000189292","ALKAL2"
4.19051531304931,-4.28502044063797,0.211786464664077,-20.232739837433,5.04219395201175e-91,3.74529476342454e-89,"ENSG00000189367","KIAA0408"
514.192232289115,-1.09065513392988,0.110775198454045,-9.84566174695085,7.15666930535837e-23,5.44766486208642e-22,"ENSG00000189369","GSPT2"
6.02802155428795,-1.60747169379965,0.168139145227331,-9.56036556285739,1.17341487284177e-21,8.41087770165308e-21,"ENSG00000189398","OR7E12P"
7.35102014527953,-2.38659473811291,0.229254095995157,-10.4102599683249,2.22612905264556e-25,1.90964803782003e-24,"ENSG00000196071","OR2L13"
17.6264647163852,-2.61500444431807,0.237404913975629,-11.0149550004113,3.23698321759047e-28,3.14444172657663e-27,"ENSG00000196104","SPOCK3"
1467.66641062185,-2.36301247530607,0.141797386696977,-16.6647110384048,2.36629408190436e-62,7.49795962063743e-61,"ENSG00000196139","AKR1C3"
5397.74341554673,-1.11684611907921,0.116555347177808,-9.58210966825428,9.5082567928637e-22,6.8481747285944e-21,"ENSG00000196154","S100A4"
925.501648785106,-1.6315178395159,0.12821328090049,-12.7250299505413,4.29310165560624e-37,6.02467780668116e-36,"ENSG00000196159","FAT4"
193.909995410382,-1.47643652980423,0.198279827180586,-7.44622663232173,9.60477541971054e-14,4.5710220558094e-13,"ENSG00000196167","COLCA1"
30.771254951262,-3.39844914857012,0.759292958215919,-4.47580754147296,7.61230349430174e-06,2.00497779225946e-05,"ENSG00000196228","SULT1C3"
54.0154143897852,-1.52978562689081,0.144327141544483,-10.5994313371703,2.9979758338693e-26,2.66926263149374e-25,"ENSG00000196329","GIMAP5"
3.3453953281635,-1.26606912916061,0.173229602335425,-7.30861880470703,2.69902248952221e-13,1.25397757440855e-12,"ENSG00000196337","CGB7"
49.9580048892966,-1.23692744691964,0.137596035223882,-8.9895573292286,2.48228186929216e-19,1.58441412680239e-18,"ENSG00000196376","SLC35F1"
64.6646990423541,-1.47784455287685,0.0880375425213779,-16.7865266402455,3.06251593242856e-63,9.96074376450907e-62,"ENSG00000196381",NA
0.665155151829526,-1.4622754469566,0.235950025500802,-6.19739474006387,5.74054037051212e-10,2.14163906830116e-09,"ENSG00000196403","OR10D1P"
24.1887098037675,-1.48433020084376,0.195892992923367,-7.577250103195,3.52955975847592e-14,1.72393932132309e-13,"ENSG00000196468","FGF16"
2926.94539425648,-3.27764944696341,0.151327156249713,-21.6593606077867,4.96071188163788e-104,5.06754171107188e-102,"ENSG00000196549","MME"
2202.99465587276,-1.75726154998929,0.127464457302847,-13.7862866807973,3.08221677484223e-43,5.36978202482514e-42,"ENSG00000196569","LAMA2"
3.94953000808331,-1.07504181077557,0.263676786278559,-4.07711966589218,4.5597028971616e-05,0.000110336565383611,"ENSG00000196600","SLC22A25"
9459.17602952707,-5.11703467663404,0.251643484702873,-20.3344612028241,6.3735713852985e-92,4.88572488111442e-90,"ENSG00000196616","ADH1B"
297.687990162099,-1.20417673440065,0.103627646401624,-11.6202266114747,3.25272334975015e-31,3.58083583838533e-30,"ENSG00000196653","ZNF502"
32.5726762549634,-4.02318213213176,0.193490894287417,-20.7926173836149,5.04809501220509e-96,4.19158114444967e-94,"ENSG00000196666","FAM180B"
5324.84012781916,-1.19786863871127,0.0555463695720271,-21.5652012533058,3.8125600171171e-103,3.78962137800996e-101,"ENSG00000196715","VKORC1L1"
0.585811608714363,-2.62900976149024,0.645550812609427,-4.07250631575124,4.65099386000041e-05,0.00011242639547559,"ENSG00000196805","SPRR2B"
2618.3354411076,-1.05254969148501,0.101395880805922,-10.3805961654364,3.03871636612014e-25,2.5904786672743e-24,"ENSG00000196843","ARID5A"
4521.6002459243,-1.56685991432711,0.154637259361214,-10.1324863153913,3.96438602537033e-24,3.20996678173893e-23,"ENSG00000196878","LAMB3"
0.308359158982933,-1.21105156307647,0.392603151875018,-3.08467101522915,0.00203777419915719,0.00404079971365511,"ENSG00000196944","OR2T4"
95.0780499904276,-1.43615448912887,0.12070965395343,-11.8975942858964,1.21808095230716e-32,1.42302507742102e-31,"ENSG00000196972","SMIM10L2B"
88.4492820361709,-2.16517996719748,0.119718674482636,-18.0855658196543,4.14095531739774e-73,1.85761394434949e-71,"ENSG00000197083",NA
2.59399748684229,-1.02766690293753,0.342659953374893,-2.99908668292262,0.00270790252840003,0.00527144813846026,"ENSG00000197177","ADGRA1"
94.8917476742221,-1.10262244751171,0.169271649941662,-6.51392272652698,7.32131711699777e-11,2.90175631266846e-10,"ENSG00000197181","PIWIL2"
203.689898174659,-2.14449715345966,0.11949786868755,-17.9459029438161,5.16639913977701e-72,2.23395471829166e-70,"ENSG00000197245","FAM110D"
3.78246162153404,-3.79885729567815,0.296873270091892,-12.7962254550646,1.72115801860271e-37,2.45272696821106e-36,"ENSG00000197254",NA
4718.00054774293,-1.16519123322195,0.066035829180057,-17.6448338377773,1.11501729163191e-69,4.50425619241862e-68,"ENSG00000197256","KANK2"
7.29553163994929,-1.36242800032595,0.239626674012743,-5.68562747005993,1.30333226519737e-08,4.38964139371572e-08,"ENSG00000197320","CPAMD8P1"
0.98742351738099,-1.06936035975117,0.238505999650966,-4.4835784479891,7.34016003692479e-06,1.93670595533135e-05,"ENSG00000197376",NA
2.73060218663945,-1.09673005457907,0.219518824816053,-4.99606380226425,5.85123089948368e-07,1.71300013684243e-06,"ENSG00000197421","GGT3P"
1191.37425929098,-1.18277706655804,0.0836442683863687,-14.1405632373347,2.13568178051002e-45,4.04109455387975e-44,"ENSG00000197461","PDGFA"
18.2758569765962,-1.36468706049661,0.115076483920659,-11.8589568780839,1.9336910458185e-32,2.24534992741552e-31,"ENSG00000197465","GYPE"
644.766331909825,-1.19840768065129,0.208237794151436,-5.75499603967077,8.66438259802807e-09,2.95768129869273e-08,"ENSG00000197506","SLC28A3"
0.66508548598333,-1.63253453948561,0.352375416343118,-4.63294107298326,3.60507178781452e-06,9.81079178382243e-06,"ENSG00000197550",NA
8.76814074301816,-2.42931865421747,0.195923592765945,-12.3993165903179,2.63561817037861e-35,3.44630094276308e-34,"ENSG00000197561","ELANE"
519.393040969421,-1.27483551999863,0.194298127393723,-6.56123420796189,5.33642269886703e-11,2.13769240386889e-10,"ENSG00000197565","COL4A6"
9.15748739333475,-2.22113921468865,0.140433033915216,-15.8163585359098,2.39976815165168e-56,6.4194802984719e-55,"ENSG00000197576","HOXA4"
6.89726074859884,-1.49585060361245,0.201168552804963,-7.43580735038,1.03931214014441e-13,4.93639780254971e-13,"ENSG00000197584","KCNMB2"
3709.05459333642,-1.97018925356827,0.134580447610906,-14.6394910148048,1.57240919918273e-48,3.30412827775635e-47,"ENSG00000197614","MFAP5"
764.900252496564,-1.50027044760589,0.128032299074089,-11.7179060163383,1.03191156083439e-31,1.1629941867696e-30,"ENSG00000197635","DPP4"
396.286517566516,-1.86564052546185,0.121355102628825,-15.3733999234303,2.46867092308852e-53,6.05291831756249e-52,"ENSG00000197696","NMB"
8377.0260216681,-1.19126511973135,0.0550855499587643,-21.6257279926061,1.02881429094079e-103,1.03769458271523e-101,"ENSG00000197702","PARVA"
3231.03095908058,-3.06766189546822,0.177077625576045,-17.3238255566672,3.10979379207207e-67,1.15050363380828e-65,"ENSG00000197766","CFD"
62.1469781432541,-3.74658192574405,0.15562043151909,-24.0751287550854,4.55529842404723e-128,8.05329695557574e-126,"ENSG00000197769","MAP1LC3C"
211.299256018309,-1.08537197956745,0.085855214177174,-12.6418877405353,1.24039675378134e-36,1.71161890765162e-35,"ENSG00000197776","KLHDC1"
482.029243196336,-1.39316120614502,0.0879589731699687,-15.8387615946008,1.68098848966281e-56,4.52959271877081e-55,"ENSG00000197852","INKA2"
894.054655666432,-1.56862529882579,0.0910136572793847,-17.235054009648,1.44917944628123e-66,5.25986267207073e-65,"ENSG00000197872","CYRIA"
4.25892530261016,-1.61386403985401,0.27753401383986,-5.81501350960618,6.06289894179504e-09,2.09380442803576e-08,"ENSG00000197882",NA
5.37913303420288,-4.94078368262444,0.325443681672708,-15.1816856828497,4.67608379792436e-52,1.10251562381179e-50,"ENSG00000197891","SLC22A12"
15.7452588890878,-1.08692174262973,0.178661924786509,-6.08367867931871,1.17455884365372e-09,4.27769777266818e-09,"ENSG00000197915","HRNR"
435.107121492333,-1.36461405166066,0.112928210530236,-12.0839075130416,1.28466353908739e-33,1.57090939657164e-32,"ENSG00000197928","ZNF677"
6.41253350442457,-1.10218093247739,0.422764744890404,-2.60707863131567,0.00913183872792268,0.0164810665808324,"ENSG00000197953","AADACL2"
17.1290768614479,-2.0055819816959,0.143644283445027,-13.9621426874494,2.65335104625461e-44,4.80976347431171e-43,"ENSG00000198010","DLGAP2"
3842.79889415431,-1.10575786199038,0.088906949407947,-12.437248936713,1.64057531208993e-35,2.16171515957725e-34,"ENSG00000198053","SIRPA"
284.944960351305,-1.15507927986691,0.133282552067795,-8.66639527790088,4.46016578923066e-18,2.6757643746812e-17,"ENSG00000198075","SULT1C4"
2.85882512415685,-1.06005945804936,0.302560354387942,-3.50362974750536,0.000458963008092746,0.000990313354248039,"ENSG00000198092","TMPRSS11F"
16.1076918913189,-3.71502828483878,0.231914154721881,-16.0189803390568,9.41820441794331e-58,2.62952315654816e-56,"ENSG00000198099","ADH4"
0.320794862949443,-1.34381328030873,0.416106187898589,-3.22949602623125,0.00124008604710769,0.00253250309108821,"ENSG00000198104","OR2T6"
1.53039133229685,-2.27251037909895,0.278618193578208,-8.15636032203712,3.45271383652913e-16,1.88555248954874e-15,"ENSG00000198128","OR2L3"
1109.82361688443,-1.32073692560873,0.0869838438513756,-15.1837038595972,4.53437748754439e-52,1.0701577607303e-50,"ENSG00000198189","HSD17B11"
0.328578303534522,-1.09169055217561,0.434832385822083,-2.51060083786465,0.0120525893936021,0.0213550132340044,"ENSG00000198312","BMS1P9"
1372.32191665276,-1.92000571289201,0.0981438070189236,-19.5631876448588,3.18528091080904e-85,2.02665084245499e-83,"ENSG00000198478","SH3BGRL2"
262.550467806354,-1.26458556902251,0.14854682809613,-8.51304322838959,1.69426873763726e-17,9.85460910770928e-17,"ENSG00000198483","ANKRD35"
0.778738345434289,-1.64492744574187,0.236304328467095,-6.96105507847655,3.37733687898158e-12,1.46738197036372e-11,"ENSG00000198491","LOC101929106"
113.668132812013,-1.09101796645314,0.185878379027094,-5.86952593498844,4.37042986955253e-09,1.52547934613334e-08,"ENSG00000198515","CNGA1"
330.569755911396,-1.41979968123227,0.131549221086577,-10.7929159101433,3.71802081442671e-27,3.44346370035151e-26,"ENSG00000198523","PLN"
4.10833684487532,-1.23771246091308,0.176546513980994,-7.01068762562099,2.37149678742093e-12,1.04027111413053e-11,"ENSG00000198547","C20orf203"
194.119053306158,-1.06458393363037,0.204090111610398,-5.21624455604508,1.82587078059519e-07,5.5842623107766e-07,"ENSG00000198576","ARC"
2109.7735318136,-2.98611868336879,0.110806591932185,-26.9489263346023,5.87198382472147e-160,1.85083384896319e-157,"ENSG00000198624","CCDC69"
124.648511343422,-1.40620454015374,0.25693164915322,-5.47306859543473,4.423088021092e-08,1.42518089374213e-07,"ENSG00000198643","FAM3D"
1.5661913976816,-1.21696097033483,0.255872041043313,-4.75613109338832,1.9733834891604e-06,5.50511255186182e-06,"ENSG00000198670","LPA"
140.28153229745,-1.20081184672643,0.14499101603656,-8.28197414951312,1.21149895298547e-16,6.75703315920068e-16,"ENSG00000198756","COLGALT2"
431.668062464906,-1.96882780072719,0.168746984971571,-11.6673361663847,1.87193177476401e-31,2.0851953343163e-30,"ENSG00000198759","EGFL6"
426.598306912934,-1.79668297855703,0.185575541564159,-9.68167983460179,3.60739274889791e-22,2.64792686685612e-21,"ENSG00000198768","APCDD1L"
245.959257190184,-2.02373253869491,0.125308416261947,-16.1500128966953,1.13537950958178e-58,3.24558665298705e-57,"ENSG00000198774","RASSF9"
187.45007467385,-2.1298501038828,0.127253706762366,-16.7370378283761,7.04057113677358e-63,2.26081610698943e-61,"ENSG00000198838","RYR3"
959.683427742312,-1.85466129896198,0.0887416159017338,-20.8995664561225,5.40334801341479e-97,4.58184784641951e-95,"ENSG00000198844","ARHGEF15"
1494.44652471539,-3.78519548409655,0.179310051482247,-21.1097785807691,6.46749600825762e-99,5.84637233501175e-97,"ENSG00000198848","CES1"
65.0506294252158,-1.46325290519987,0.0922176594396223,-15.8673828211603,1.0659392328425e-56,2.89507645382563e-55,"ENSG00000198865","CCDC152"
914.51878265934,-1.22662165172822,0.0729539099597967,-16.8136519674433,1.93852138156833e-63,6.35256904178788e-62,"ENSG00000198873","GRK5"
186.622309756362,-2.34518166074455,0.121004060212768,-19.3810162784695,1.11620727867196e-83,6.81241920014952e-82,"ENSG00000198885","ITPRIPL1"
35.5194226423535,-1.67237523890736,0.295561595640179,-5.65829682738393,1.52882558365698e-08,5.12174209586784e-08,"ENSG00000198914","POU3F3"
510.590141528804,-2.0409218086775,0.100670452932675,-20.2732951846596,2.21329055916974e-91,1.66204938385301e-89,"ENSG00000198932","GPRASP1"
1621.47163026671,-2.99643518241112,0.136871630563962,-21.8923028100469,3.07577381132848e-106,3.31146793934264e-104,"ENSG00000198947","DMD"
0.296901513475031,-1.14190299530688,0.454596437190913,-2.51190484985549,0.012008146079431,0.0212825927721467,"ENSG00000199030","MIRLET7C"
1.35369299903526,-1.16058696955346,0.18810036133554,-6.17004114884801,6.82722228488902e-10,2.53265365597393e-09,"ENSG00000199053","MIR324"
2.3342043824731,-1.78902265764533,0.210666633094306,-8.49219751304642,2.0276602690742e-17,1.17577478491334e-16,"ENSG00000199161","MIR126"
0.308476166062738,-1.1215888229864,0.324014564513913,-3.46153829433258,0.000537097702929983,0.00115118109190603,"ENSG00000199290",NA
0.362145399191528,-1.28470729617314,0.281978503295813,-4.55604693676027,5.21252934579233e-06,1.39686923009795e-05,"ENSG00000199865","RNU6-495P"
0.679560847200911,-1.15850303482103,0.230200581364925,-5.03258083864052,4.83920438907999e-07,1.42788866342811e-06,"ENSG00000200041",NA
1.55397109446522,-1.2928389075163,0.315803566325177,-4.09380718071147,4.2434724220757e-05,0.000103064363652868,"ENSG00000200204","RNU1-22P"
7.94911216515771,-1.37139278580052,0.098932401993426,-13.8619174119683,1.07756836842996e-43,1.90502953990699e-42,"ENSG00000200253","RNU6-529P"
0.430986854148115,-1.55823945146918,0.223139676566603,-6.98324688574186,2.88434877874843e-12,1.25866791137478e-11,"ENSG00000200301","RNA5SP483"
3.86340215360679,-1.43311711226838,0.126265472152097,-11.3500317057546,7.4135813636581e-30,7.7551240858703e-29,"ENSG00000200378","RNU5B-4P"
0.532374400407911,-2.32613801202222,0.26243538818666,-8.86365984440991,7.74297526593259e-19,4.816488509359e-18,"ENSG00000200472","RN7SKP44"
0.209603230442574,-1.0845691355189,0.410808736941184,-2.64008293395712,0.00828857412639477,0.0150510000907964,"ENSG00000200610",NA
0.775809264429259,-1.441286498722,0.31655421840165,-4.5530478348997,5.28742444999878e-06,1.41598940972298e-05,"ENSG00000200732","RNU6-194P"
0.558822284507432,-1.28906500744982,0.230187212696873,-5.60007218623107,2.14262563190819e-08,7.09077806346076e-08,"ENSG00000200893","RNU6-944P"
0.912954039065673,-2.28501043861183,0.336155997720483,-6.7974703831161,1.06472027564164e-11,4.46600844037741e-11,"ENSG00000200991","LOC124900361"
1.03939183894227,-2.26475319925932,0.230420495313628,-9.82878365996367,8.46347778174653e-23,6.4240370805367e-22,"ENSG00000201440","RNA5SP515"
1.97755033592121,-1.14116776018823,0.154980103280225,-7.36331784554851,1.79394535384666e-13,8.41801389841266e-13,"ENSG00000201579","RNU6-343P"
0.203748789559756,-1.89398619169132,0.54507879775301,-3.47470163855013,0.000511421836399453,0.00109850796601201,"ENSG00000201695","RNA5SP334"
0.529640652357567,-1.3094048161037,0.321318043645544,-4.07510515515322,4.5993559094648e-05,0.000111256761396778,"ENSG00000201700","SNORD113-3"
1.56764726090633,-1.36442141614737,0.35318843335249,-3.86315430320348,0.000111932254415015,0.000259593102382774,"ENSG00000202000","RNU1-36P"
0.639580082018692,-1.41575049525956,0.277238069948715,-5.10662368815889,3.27965963418077e-07,9.81746285995631e-07,"ENSG00000202502","RNA5SP151"
0.703519937481624,-2.21651931471703,0.212837765384442,-10.4141260396781,2.1375176873041e-25,1.8349484393252e-24,"ENSG00000203363",NA
44.5865008720699,-1.16405285159343,0.106245557120478,-10.9562496836779,6.20164022250081e-28,5.95074270098165e-27,"ENSG00000203392",NA
1.01738698242017,-1.13220591104877,0.276756692299871,-4.09097934232427,4.29555396663608e-05,0.000104287012537516,"ENSG00000203663","OR2L2"
138.599956431615,-1.30447628869327,0.1646254698975,-7.92390320589803,2.30168819291527e-15,1.20596983073678e-14,"ENSG00000203710","CR1"
507.416058002682,-2.93777065897579,0.155354638590204,-18.9100929694483,9.41905750887119e-80,5.0990626581923e-78,"ENSG00000203727","SAMD5"
13.3803051615927,-1.66591452913987,0.167176000777597,-9.96503398448994,2.16799706383042e-23,1.69470940329769e-22,"ENSG00000203808","POPDC1-AS1"
4.31938016878174,-1.17510104074422,0.371550025170272,-3.16269939749218,0.00156313646562945,0.00315153255347838,"ENSG00000203857","HSD3B1"
13.0779277325153,-2.08358699557922,0.513777875956102,-4.0554237406619,5.00434978185703e-05,0.000120469499572289,"ENSG00000203858","HSD3BP2"
0.630785395700504,-1.48000456347077,0.240331067942215,-6.15819076635827,7.35806905912148e-10,2.72136088175475e-09,"ENSG00000203870","SMIM9"
12.7408439535457,-2.28586055498926,0.12311562893057,-18.566778034967,5.96783092993731e-77,3.00334852787076e-75,"ENSG00000203876","ADD3-AS1"
0.735241812267931,-1.14791212778946,0.286357538401615,-4.00866739600029,6.10623474073314e-05,0.000145641313500535,"ENSG00000203908","KHDC3L"
0.584580732035461,-2.51830097699202,0.318615302402238,-7.90389211693536,2.70327012709096e-15,1.41128551584317e-14,"ENSG00000204006","C1orf185"
7.43395913877227,-1.29115454535243,0.151122084827984,-8.54378462831625,1.29896029321494e-17,7.60610946564752e-17,"ENSG00000204022","LIPJ"
35.5371305783599,-2.77519765366971,0.202871757595538,-13.6795662765567,1.34492507384132e-42,2.28818751021795e-41,"ENSG00000204065","TCEAL5"
3.72789481527716,-2.1702871742702,0.155131601382967,-13.9899746726168,1.79475838964591e-44,3.27070652141254e-43,"ENSG00000204071","TCEAL6"
543.775999974019,-2.05013707736332,0.100663572600419,-20.3662260776426,3.33402538568582e-92,2.58050333163502e-90,"ENSG00000204136","GGTA1"
486.354171678446,-1.80326266163373,0.097920670179944,-18.4155465676447,9.85890904993403e-76,4.80508985333e-74,"ENSG00000204161","TMEM273"
2.10512737588824,-1.64265181786763,0.304256943598869,-5.39889672997339,6.70519544721321e-08,2.12928954647037e-07,"ENSG00000204174","NPY4R"
29.443056717419,-1.2505982937274,0.126367443193506,-9.89652288693028,4.30999975959681e-23,3.32301397621956e-22,"ENSG00000204176","SYT15"
498.613062165265,-1.15728741399124,0.132698465475146,-8.72118158900638,2.75313490862104e-18,1.67071176025376e-17,"ENSG00000204186","ZDBF2"
2.84323690485741,-1.84281878774505,0.193719149555393,-9.5128374865083,1.85531457631877e-21,1.31842363321614e-20,"ENSG00000204290","BTNL2"
1540.71110432892,-1.51529287690333,0.0776560812853683,-19.5128681723583,8.53560199081479e-85,5.38079857078864e-83,"ENSG00000204301","NOTCH4"
4.54968590449586,-1.31572659336287,0.175709909622446,-7.48806140865939,6.98983238416432e-14,3.35419540790578e-13,"ENSG00000204361","NXPE2"
11.8681489810071,-2.17705822909602,0.125814505401891,-17.3037140840146,4.41018126640489e-67,1.62282476554115e-65,"ENSG00000204403","CASP12"
0.251819965538127,-1.92898391610982,0.43301720175987,-4.45475123914255,8.39905223638209e-06,2.20082363074309e-05,"ENSG00000204518","AADACL4"
0.632150116058599,-2.39528973090912,0.247750764175923,-9.66814265488308,4.11783312351069e-22,3.01475221496634e-21,"ENSG00000204595","DPRX"
402.91676321396,-1.36572239169734,0.127495522811524,-10.7119243215802,8.94821893668551e-27,8.14107803373723e-26,"ENSG00000204618","RNF39"
5.14991852793117,-2.219412673836,0.205489978322062,-10.8005883885858,3.42004842773637e-27,3.17117321797657e-26,"ENSG00000204687","MAS1L"
242.617235614937,-3.52029566822663,0.190138200234869,-18.5144051215283,1.58032703414079e-76,7.87042289040387e-75,"ENSG00000204767","INSYN2B"
395.550313452982,-1.59434497047683,0.127963652347508,-12.4593581163744,1.24367578548021e-35,1.6455262878309e-34,"ENSG00000204789",NA
0.44498803658909,-1.22978136879106,0.22122620984936,-5.55893160050275,2.71431035212007e-08,8.90907226531733e-08,"ENSG00000204802","FAM88C"
145.428521045571,-1.32428776120862,0.114158844500403,-11.6003956329809,4.10177590824595e-31,4.4948784026547e-30,"ENSG00000204851","PNMA8B"
0.326090270500233,-1.10488715070658,0.504313298839735,-2.19087450846245,0.0284608749008781,0.0472490563256201,"ENSG00000204897","KRT25"
2.13566812954043,-1.73410666229629,0.193376255118486,-8.96752634512321,3.03247975500612e-19,1.92610506512453e-18,"ENSG00000204928","GRXCR2"
2.95362261824769,-2.76273637567984,0.145739871854969,-18.9566269032344,3.89326081769612e-80,2.13416619880802e-78,"ENSG00000204978","ERICH4"
7.06283435157757,-1.44436094257404,0.18297134764526,-7.89391869908683,2.9284297281994e-15,1.52633886290288e-14,"ENSG00000205037",NA
108.765121123505,-3.17558330318618,0.167882864825962,-18.9154700599027,8.50587033300481e-80,4.60991230378123e-78,"ENSG00000205038","PKHD1L1"
12.2156539328017,-1.83511049424382,0.167348171399249,-10.9658234021914,5.57903860131091e-28,5.36407263473422e-27,"ENSG00000205106","LINC02716"
3.81739980546561,-1.15162195894655,0.187384386958211,-6.1457732826128,7.957487751952e-10,2.93467198980848e-09,"ENSG00000205177","C11orf91"
1.29493477955471,-3.00550669821097,0.454884928645212,-6.6071802096462,3.91709114604998e-11,1.58275986174626e-10,"ENSG00000205186","FABP9"
2210.75564300597,-1.18926960574246,0.117166833095318,-10.1502240380173,3.30603593334758e-24,2.68734614127388e-23,"ENSG00000205213","LGR4"
341.870586838218,-2.81488178628221,0.171889065972206,-16.3761538313168,2.83087572900866e-60,8.45029633500343e-59,"ENSG00000205221","VIT"
4.85879284330891,-2.03780621596492,0.162278995020991,-12.5574244263796,3.61923158407512e-36,4.87482106249759e-35,"ENSG00000205231","TTLL10-AS1"
647.329072147382,-1.57380604767858,0.0898472416696081,-17.5164648177612,1.07288448030541e-68,4.1722317736552e-67,"ENSG00000205269","TMEM170B"
1.3212818111863,-1.52303815506594,0.24981813216786,-6.09658771302703,1.08356505592012e-09,3.95682940770832e-09,"ENSG00000205279","CTXN3"
147.14043947023,-2.17537694829196,0.156636008455129,-13.888102549007,7.47904377482628e-44,1.32859097979951e-42,"ENSG00000205364","MT1M"
159.204353732302,-1.18876617813712,0.116590983756366,-10.196038663,2.06524997480034e-24,1.69428298446377e-23,"ENSG00000205403","CFI"
130.172803187625,-2.08665795896721,0.18556734798775,-11.2447474277908,2.45799218446484e-29,2.50878580225203e-28,"ENSG00000205502","C2CD4B"
9.89752270287923,-1.76713775649189,0.129963277348143,-13.5972083233798,4.16011792172018e-42,6.94706342382759e-41,"ENSG00000205562","FLRT2-AS1"
3114.0441107037,-1.79295612325772,0.0654261973469926,-27.4042538915818,2.44039007938039e-165,8.8575067199329e-163,"ENSG00000205726","ITSN1"
1.53766575476392,-2.94272515185989,0.662960405539236,-4.43876455859584,9.04767229401885e-06,2.36354405456076e-05,"ENSG00000205754",NA
2.06278023548442,-3.13228906801561,0.340393838216403,-9.20195584158687,3.51492780706995e-20,2.34573326698316e-19,"ENSG00000205835","GMNC"
8.64549651513557,-1.1485415779516,0.147390021499261,-7.79253280696049,6.56791099002231e-15,3.35360349069561e-14,"ENSG00000205929","EPCIP"
0.697236245398946,-1.39799411909824,0.257742060665831,-5.42400458616173,5.82783854834173e-08,1.86054337876359e-07,"ENSG00000206026","SMIM21"
1.70400642625331,-1.62903887088212,0.348998534292135,-4.66775275771933,3.04512022824938e-06,8.35002919731156e-06,"ENSG00000206043","C18orf63"
5.95312114159832,-1.01282746991135,0.252502438022488,-4.01115917075282,6.0421356004342e-05,0.000144169887253749,"ENSG00000206069","LHFPL7"
5.3214768035741,-3.29740454115351,0.188303478465885,-17.5111185837754,1.17855242344202e-68,4.56832092290512e-67,"ENSG00000206120",NA
3.78614574272126,-1.28985867178635,0.123102173548661,-10.477952050753,1.09080208644435e-25,9.48807697195874e-25,"ENSG00000206127","GOLGA8O"
5.24132793326313,-2.16890294625766,0.337678301494452,-6.4229858319555,1.33626934074936e-10,5.20704872836939e-10,"ENSG00000206145",NA
396.995896363201,-1.03198614255487,0.0739474713092458,-13.9556650725639,2.90578388577526e-44,5.26137966619398e-43,"ENSG00000206149",NA
1.22126799982432,-1.53917924304889,0.208806992915613,-7.3713012268269,1.68970561008609e-13,7.94053906613285e-13,"ENSG00000206150","RNASE13"
8.86902326955363,-4.11552928140666,0.243280833102055,-16.9167839033181,3.38412440000916e-64,1.13698036468751e-62,"ENSG00000206172","HBA1"
0.580375104715478,-2.23813757187113,0.48794564708095,-4.58685836273035,4.49965721449422e-06,1.21377499660164e-05,"ENSG00000206177","HBM"
1.65416939349008,-3.37148715400883,0.293525516081198,-11.4861808234626,1.54805719841335e-30,1.66071250282095e-29,"ENSG00000206187","LINC02346"
293.513811485124,-3.19330358639737,0.163049919232198,-19.584821638886,2.08334971443665e-85,1.33797968925818e-83,"ENSG00000206384","COL6A6"
1151.7244835506,-1.75245834966608,0.121459725880887,-14.4283081240005,3.43401790939643e-47,6.86660258928142e-46,"ENSG00000206538","VGLL3"
12.7337959486342,-1.34821434694734,0.215253171727425,-6.26338899505082,3.7669934147103e-10,1.42230793993829e-09,"ENSG00000206579","XKR4"
0.726198610541699,-1.34236527810752,0.311682869322622,-4.30683046849791,1.65610437623556e-05,4.1972048595771e-05,"ENSG00000206590","RNU6-132P"
0.372019858643693,-2.53678758307776,0.31105978026007,-8.15530564882677,3.48297902916883e-16,1.90164701182312e-15,"ENSG00000206658","RNU6-1039P"
1.19107528307171,-2.40343432104538,0.223110372118599,-10.7724006652985,4.64723107074863e-27,4.28418011544288e-26,"ENSG00000206685","RNU6-1189P"
2.59388163375538,-1.06349092893722,0.165452277487508,-6.4277805363998,1.29480492107871e-10,5.04958109636803e-10,"ENSG00000206712","RNU6-26P"
1.22848835830487,-2.50911832437326,0.195178511575762,-12.8555049637178,8.01010695124358e-38,1.15348429225753e-36,"ENSG00000207087","RNU6-242P"
0.473654790804702,-1.48721531645915,0.401385473944947,-3.70520462995912,0.000211220140541513,0.000474539598281074,"ENSG00000207128","RNU6-729P"
0.174684037813921,-1.42095460752122,0.544034771541876,-2.61188196389363,0.00900453373030548,0.0162696941853573,"ENSG00000207138","RNU6-869P"
0.319605606481162,-1.76729604156771,0.317252966898537,-5.57062100583261,2.53832949025672e-08,8.34726926200832e-08,"ENSG00000207180","RNU6-411P"
1.08476525394893,-1.89095514458617,0.229996205823518,-8.22167973517418,2.00672478328028e-16,1.10954627082467e-15,"ENSG00000207242","RNU6-1065P"
2.85057202011021,-1.00079428223542,0.301067292387404,-3.32415479044342,0.000886869559379307,0.00184722722327896,"ENSG00000207251","RNU6-342P"
1.4800619981328,-2.32723730993099,0.349323963139622,-6.66211756277601,2.69909976355916e-11,1.10166868011688e-10,"ENSG00000207258",NA
0.154971477750501,-1.24178243055454,0.530919724818939,-2.33892690835328,0.0193392166058687,0.0330907809852561,"ENSG00000207430","LOC124900356"
2.35448653692389,-1.85957702317831,0.241283331879763,-7.70702646009953,1.28783106977626e-14,6.46682596719218e-14,"ENSG00000207563","MIR23B"
0.461766844360548,-1.29682232259774,0.29168713158928,-4.44593601209591,8.75099954504764e-06,2.28931785587292e-05,"ENSG00000207698","MIR32"
0.500683063347222,-1.8806834183303,0.287133436854654,-6.54985862646955,5.75915776056411e-11,2.30126145378337e-10,"ENSG00000207725","MIR222"
2.98275980850787,-1.67786058265284,0.174760817371068,-9.60089685945024,7.92517859747935e-22,5.72865580273439e-21,"ENSG00000207744","MIR10B"
4.32044435774783,-1.94576785102466,0.216054666125116,-9.00590524574864,2.13893818678343e-19,1.36909189751228e-18,"ENSG00000207864","MIR27B"
2.85297101710178,-2.12869333697559,0.187025003614995,-11.3818649690159,5.1486751269921e-30,5.42019392076887e-29,"ENSG00000207870","MIR221"
0.934006661848259,-1.72356729668301,0.288005532240475,-5.98449371189125,2.17063974790598e-09,7.76142624988248e-09,"ENSG00000207971","MIR125B1"
6.68011310875229,-1.49589419495475,0.159622165528171,-9.37146911899746,7.15298612845109e-21,4.95015983553505e-20,"ENSG00000210049",NA
1.05187174596866,-1.32702999725905,0.197169157689655,-6.73041368542943,1.6918138620987e-11,7.00741783808669e-11,"ENSG00000210194",NA
8702.40493858393,-3.6994470342593,0.14013370652822,-26.3994090066712,1.39174526394658e-153,3.89932839740823e-151,"ENSG00000211445","GPX3"
0.619429838189248,-1.06525307231851,0.24212205407914,-4.39965320949378,1.08424006448264e-05,2.81138396327126e-05,"ENSG00000211491",NA
1.93060745178961,-1.00156727058207,0.354810297946411,-2.82282469358695,0.00476025928225298,0.00895386997812179,"ENSG00000211626","IGKV6D-41"
1.97898506422807,-1.9182521864526,0.217392115601671,-8.82392712883582,1.10514154489591e-18,6.82574853886337e-18,"ENSG00000211825","TRDJ1"
10850.8588155835,-1.69118890573568,0.214202826877809,-7.89526884582345,2.89690104956732e-15,1.51056300919428e-14,"ENSG00000211890","IGHA2"
47190.2579040041,-1.11191264090664,0.197202842566627,-5.63842096003746,1.71616559814175e-08,5.72652833312238e-08,"ENSG00000211895","IGHA1"
36.6503258705356,-1.10817591505841,0.252099182974779,-4.39579336188996,1.10368891852535e-05,2.85887413962747e-05,"ENSG00000211961","IGHV1-45"
3.32797075069109,-1.93268844665855,0.14300171541704,-13.5151416961832,1.27310342772266e-41,2.08100939004411e-40,"ENSG00000212206","LOC124900396"
0.916655845505572,-1.00977119826025,0.327751703440485,-3.08090297521097,0.00206373885195283,0.004089070653311,"ENSG00000212391","LOC124900533"
0.449518874300654,-1.93446041231434,0.418179644099135,-4.62590764426531,3.72961474401093e-06,1.01382038232944e-05,"ENSG00000212410","RNU6-932P"
474.201509896542,-1.03420686464119,0.106588377101114,-9.70281087646265,2.93304742900107e-22,2.16354584023774e-21,"ENSG00000212719","LINC02693"
9.4105946572558,-1.26044437343839,0.135353066252585,-9.31227055533605,1.25128306616246e-20,8.54704472481373e-20,"ENSG00000212807","OR2A42"
27.7809201545586,-1.36397396435514,0.109648058765758,-12.439563269141,1.59372914027289e-35,2.10114372896187e-34,"ENSG00000213071",NA
1909.63886813054,-2.33098772499756,0.193680867523533,-12.0351986998114,2.32074595967882e-33,2.80421031344797e-32,"ENSG00000213088","ACKR1"
0.294821550025192,-1.34550689610008,0.351246186811705,-3.83066620114334,0.000127796777282224,0.000294433450328989,"ENSG00000213118",NA
0.217420358168954,-1.97506321566708,0.521358646039656,-3.78830049270316,0.000151681325442713,0.000346165498116533,"ENSG00000213121",NA
396.477476395773,-1.42225478657433,0.100193383737357,-14.19509685692,9.82506014455379e-46,1.87462617095011e-44,"ENSG00000213203","GIMAP1"
0.860617351127969,-1.06227609059107,0.283826178375223,-3.74269948132381,0.000182053905829479,0.000412027144800903,"ENSG00000213215","OR2F1"
22.7306804718001,-1.02775546723943,0.090347831892207,-11.3755410142618,5.53585113490461e-30,5.81883782082667e-29,"ENSG00000213250",NA
7.60282286814229,-1.00553306200362,0.138509781474372,-7.25965380423098,3.88082291869675e-13,1.7876187485315e-12,"ENSG00000213279",NA
512.612294148389,-1.25382712490182,0.134181537342899,-9.34425964801459,9.25345692704222e-21,6.37064407780705e-20,"ENSG00000213366","GSTM2"
4.74079054497463,-2.57024664778259,0.170273984164669,-15.0947701164786,1.75297781839568e-51,4.05921543157742e-50,"ENSG00000213373","LINC00671"
7.39275886233085,-1.05288831980389,0.240795770832968,-4.37253659464909,1.22811223310263e-05,3.16167958559629e-05,"ENSG00000213412","HNRNPA1P33"
6.6810347779884,-1.23298836595851,0.133432742072511,-9.2405233288878,2.45294543758196e-20,1.65033865910057e-19,"ENSG00000213519","RPL36P7"
2.76266029570531,-2.50421175661576,0.160939531523238,-15.559954306529,1.36196098773682e-54,3.47267434393141e-53,"ENSG00000213561",NA
4.74537562052322,-1.33732122548337,0.113081980873129,-11.8261213250568,2.86057151673287e-32,3.30240918955836e-31,"ENSG00000213754","KPNA4P1"
4.66668725313866,-2.1642359173632,0.128944950528158,-16.7841850999089,3.18572181226751e-63,1.03406458012016e-61,"ENSG00000213777","VN1R103P"
4.97556553683982,-3.895058233258,0.15480494037905,-25.1610718864702,1.06918418208073e-139,2.29706789970797e-137,"ENSG00000213791","RPS5P5"
1.81984074244026,-1.97764780658081,0.202080894559639,-9.78641652834307,1.28779225264614e-22,9.67813754106296e-22,"ENSG00000213900","RPS17P1"
61.7070197462072,-2.1249667769188,0.0982378079379298,-21.6308447991982,9.20814778888135e-104,9.326899800535e-102,"ENSG00000213904","LIPE-AS1"
7.85989543987525,-1.00987068674843,0.133579964679925,-7.56004606804779,4.02926629716731e-14,1.96101329030156e-13,"ENSG00000213938","SEPHS1P6"
3697.48616415493,-1.2395303098287,0.0772960963509566,-16.0361307794991,7.14707322169498e-58,1.99892748424639e-56,"ENSG00000213949","ITGA1"
4.49629351355275,-1.40483895459851,0.15514942131063,-9.05474827254328,1.36883146958529e-19,8.85507908558347e-19,"ENSG00000213994","PFKFB3-AS1"
1.22680510597412,-2.0783260777433,0.29959391047327,-6.93714393079669,4.00106144243419e-12,1.72974962738695e-11,"ENSG00000214043","LINC02347"
190.319081684113,-1.21710620227155,0.276713908447018,-4.39842799771876,1.09037788583576e-05,2.82622833317417e-05,"ENSG00000214128","TMEM213"
42.2750659232931,-1.87510974129341,0.098486843494019,-19.0391901574882,8.07667953683003e-81,4.53107396498275e-79,"ENSG00000214140","PRCD"
2.70465728832467,-1.5246112453968,0.113180577672483,-13.4706084449282,2.32938518298399e-41,3.77284800935642e-40,"ENSG00000214289",NA
1.63412363109208,-1.25052294376804,0.316142765783516,-3.95556400181667,7.63543027911075e-05,0.000180310264526911,"ENSG00000214318",NA
4.61443754194396,-1.60370458269353,0.142884347143307,-11.2237947315887,3.11606105603405e-29,3.16226403716568e-28,"ENSG00000214338","MTCL3"
0.181404840322684,-1.39750447057622,0.618561283382619,-2.25928215703047,0.0238658391005596,0.0401704732752884,"ENSG00000214428",NA
0.275749565334987,-1.37143853303599,0.299447714772857,-4.57989313452027,4.65213568267229e-06,1.25286014927954e-05,"ENSG00000214455",NA
1124.51544318723,-1.74422236479498,0.133606844794835,-13.0548877751988,5.95977915280897e-39,8.91454946022722e-38,"ENSG00000214548","MEG3"
79.0615938290998,-1.41982296123337,0.122512870714292,-11.5891738798978,4.67620918032314e-31,5.11500415135346e-30,"ENSG00000214575","CPEB1"
355.863237030244,-1.17678860011902,0.156938782647677,-7.49839255960634,6.46051746302257e-14,3.10704067108424e-13,"ENSG00000214652","ZNF727"
37.3042426915977,-1.34674728010515,0.126303506088486,-10.6627861871201,1.51975131478049e-26,1.36863318592356e-25,"ENSG00000214787","MS4A4E"
2.77810744132775,-2.20434695723682,0.226535295270415,-9.73069982143619,2.230530660765e-22,1.65246209923073e-21,"ENSG00000214866","DCDC2C"
0.326624239084422,-1.23655783645524,0.330608580821306,-3.74024725366582,0.000183839323832221,0.000415851841586484,"ENSG00000214890",NA
3.9321316880859,-2.8790601766866,0.223852208397988,-12.8614329842478,7.41884392329074e-38,1.06975297789517e-36,"ENSG00000214942","LOC102724637"
1326.07768262534,-1.09639283486354,0.083398300466796,-13.1464649606386,1.78318171348139e-39,2.71558283194194e-38,"ENSG00000214944","ARHGEF28"
65.4202737383238,-1.32837003362035,0.15705963993594,-8.45774276677415,2.72602616187567e-17,1.56900424574079e-16,"ENSG00000215187","CIMIP2B"
17.0923921621434,-1.5293629433976,0.125146080102984,-12.2206220293842,2.41231808917867e-34,3.03742863738633e-33,"ENSG00000215237",NA
0.392689725826891,-1.44531059063225,0.246722894736638,-5.85803191136773,4.68384663678683e-09,1.63142924295498e-08,"ENSG00000215278","RPS7P6"
21.5137814343933,-1.301418647311,0.0946250872737228,-13.7534208401454,4.85771979873416e-43,8.41407648435841e-42,"ENSG00000215302",NA
0.448912477000914,-1.73883838776663,0.249729997999375,-6.96287351017789,3.33401155503091e-12,1.44960970688384e-11,"ENSG00000215304",NA
442.659611923358,-1.61209909236404,0.142859893405903,-11.2844763770307,1.5657113693557e-29,1.61110892838985e-28,"ENSG00000215386","MIR99AHG"
4.64150198904569,-1.00448019158464,0.262683506543872,-3.82391800992984,0.000131347609105655,0.00030207680262346,"ENSG00000215452",NA
3.96912105185935,-1.26397460925833,0.211535466111011,-5.97523730888232,2.29755484538233e-09,8.19748679194724e-09,"ENSG00000215478",NA
56.1611664823804,-3.49407914049291,0.13087510260601,-26.6978139532894,4.99008794552473e-157,1.51313362955753e-154,"ENSG00000215483","LINC00548"
1.19122395097517,-1.54185404985671,0.293313793270887,-5.25667079158717,1.46686550288844e-07,4.52848290762196e-07,"ENSG00000215568","GAB4"
0.332726332353777,-1.13415702257003,0.403042799423911,-2.81398656468032,0.00489312733772921,0.00918863837065835,"ENSG00000216031","MIR298"
0.474651406787629,-1.08908249856323,0.339149341767787,-3.21121808135166,0.00132173587571317,0.00268904691517337,"ENSG00000216781",NA
14.720705870449,-1.26519745428956,0.149126623005647,-8.48404817858481,2.17491638575061e-17,1.25891318160338e-16,"ENSG00000216863","LY86-AS1"
0.528846731633289,-2.94243802896954,0.307635402403058,-9.56469250933094,1.12535500593709e-21,8.07001322174016e-21,"ENSG00000216998","CYP2AC1P"
1.29703261834206,-1.4364321790983,0.170105450544622,-8.44436303774695,3.05707756531396e-17,1.75532821373672e-16,"ENSG00000217379","RPL21P61"
2.64212883495856,-1.0160737633826,0.256722918214257,-3.95786153589371,7.5623772374434e-05,0.000178655027407085,"ENSG00000217385","PSMC1P11"
9.43210443233557,-1.97013408565419,0.154883733217025,-12.7200839283336,4.57368678506435e-37,6.41279876711832e-36,"ENSG00000217643",NA
0.437529490982902,-1.4529590210612,0.259357295003919,-5.60215212392328,2.11706625844447e-08,7.0076443583028e-08,"ENSG00000218305","CDC14C"
0.637309317252467,-1.7088807255945,0.372030279121266,-4.59339151004286,4.36099786040763e-06,1.1780300377319e-05,"ENSG00000218772",NA
0.501081546017801,-1.82628012980192,0.196620684586257,-9.28834183262511,1.56710584115943e-20,1.06556969699047e-19,"ENSG00000218792",NA
1.7258537738256,-1.0441805573244,0.240125229763185,-4.3484833241146,1.37082239642354e-05,3.50983866035976e-05,"ENSG00000218823","PAPOLB"
0.911743056642389,-1.15717612155013,0.237119471853542,-4.88013958746023,1.06010780812603e-06,3.03385491233009e-06,"ENSG00000219430","MBL3P"
1.3967201636798,-1.67437424312157,0.272229823513944,-6.15059078211468,7.71948576324044e-10,2.84996966106842e-09,"ENSG00000219491",NA
0.243040850541176,-1.38657936009834,0.379309528167647,-3.65553527430901,0.000256645914410729,0.000571264902407454,"ENSG00000219604",NA
78.6933785486033,-1.19708632819398,0.10648858732057,-11.2414518617879,2.55151133299537e-29,2.60146643889781e-28,"ENSG00000219607","PPP1R3G"
1.14137903202384,-1.09043708199148,0.318972969414917,-3.41858773798808,0.00062947020013592,0.00133649090576166,"ENSG00000219700",NA
0.979842897740296,-1.04778182457583,0.173937412849984,-6.02390139882968,1.70262114935178e-09,6.13143259662084e-09,"ENSG00000220105","RPS5P6"
0.981913123489377,-1.89463344597892,0.202530547291748,-9.35480336825277,8.37553595936818e-21,5.77868559639011e-20,"ENSG00000220586","TUBBP9"
3.19793201984594,-1.51138354326694,0.202861987980689,-7.45030430940474,9.31251772985377e-14,4.43589902999895e-13,"ENSG00000220884",NA
2.95498869036675,-2.09846574475829,0.15048455433762,-13.9447251181026,3.38750630849567e-44,6.1105206039167e-43,"ENSG00000221340","RNU6ATAC18P"
0.328633545214252,-1.1757303747674,0.271501090046057,-4.33048123146743,1.48783827762099e-05,3.79585344697916e-05,"ENSG00000221507","RNU6ATAC40P"
1.24243694079811,-2.64751964508734,0.191480610188178,-13.826567830996,1.76230493010602e-43,3.0950157331884e-42,"ENSG00000221571",NA
1.39107372429563,-1.55328152593729,0.223783836758202,-6.940990682967,3.89359695002295e-12,1.68496278453256e-11,"ENSG00000221740","SNORD93"
0.541466517095084,-1.48013704174292,0.386930942878409,-3.82532611822685,0.000130599087151026,0.000300441864275697,"ENSG00000221813","OR6B1"
307.924429671178,-2.26870087251664,0.111656477013853,-20.3185783144059,8.80906640883364e-92,6.73113830378341e-90,"ENSG00000221818","EBF2"
2.21381823973815,-1.0730663582543,0.216261670560692,-4.96188878719103,6.98109657741626e-07,2.02951660815542e-06,"ENSG00000221858","OR2A12"
1078.81903986544,-3.35155975983486,0.137267341962118,-24.4162938680622,1.14824142314292e-131,2.1658364796369e-129,"ENSG00000221866","PLXNA4"
1283.55460406796,-1.55709113575067,0.0867631165829038,-17.9464638555582,5.11449500080319e-72,2.21551044745462e-70,"ENSG00000221968","FADS3"
6.84409337613339,-1.23730388935801,0.148328879870504,-8.34162497848172,7.32765266604238e-17,4.13848684698916e-16,"ENSG00000221970","OR2A1"
4.51007060753926,-1.13091345565146,0.258607588751447,-4.3730868885615,1.22501939137907e-05,3.15439530479262e-05,"ENSG00000222044","POLR2F-AS1"
0.760565873953879,-1.07031847074793,0.282977357347585,-3.78234668943225,0.000155356778803556,0.000354266695501113,"ENSG00000222255","RNU6-101P"
1.35922450055891,-1.41344065695502,0.161712199841548,-8.74047015834281,2.32142293239108e-18,1.41338636028538e-17,"ENSG00000222267","RNU6-892P"
1.00230048194224,-1.46957716702339,0.255519965476919,-5.75132030986494,8.85491642765284e-09,3.01949498967151e-08,"ENSG00000222389","RNU2-28P"
1.28569173427199,-1.22159537092922,0.19350683489395,-6.31293138352818,2.73798915884319e-10,1.0446528677246e-09,"ENSG00000222421",NA
0.447999084039333,-1.24118806226451,0.241171587432094,-5.14649372871914,2.65400332617295e-07,8.0076389795923e-07,"ENSG00000222455","RNA5SP296"
1.1022638713823,-1.03876602527205,0.298194909690608,-3.48351360641875,0.000494877965229611,0.00106454756259656,"ENSG00000222503",NA
2.07233822734274,-1.42605171366841,0.171076763433712,-8.33574171644281,7.70138709315487e-17,4.34341913635138e-16,"ENSG00000222585","RNA5SP494"
0.658628563107748,-2.3545874800185,0.268613028761898,-8.76572328182053,1.85581335453254e-18,1.13524026833062e-17,"ENSG00000223042","RN7SKP161"
3.51141283656117,-1.10872824060813,0.125526282786153,-8.8326382013316,1.02235288606603e-18,6.32746761031181e-18,"ENSG00000223254",NA
5.36332614082788,-1.01301228557239,0.168606749337712,-6.00813602985351,1.87668357840215e-09,6.73850784990236e-09,"ENSG00000223345",NA
18.9197354704796,-1.06884885283988,0.135997297454272,-7.85933891957872,3.86166067209898e-15,1.9968932844065e-14,"ENSG00000223382","LINC01778"
9.43927267020204,-1.64574151872012,0.159224712653401,-10.3359678990443,4.84496010097849e-25,4.08090784876722e-24,"ENSG00000223403","MIR381HG"
2.40230439675429,-1.17577593550156,0.171465062289229,-6.85723330341347,7.02069247603422e-12,2.98377873260711e-11,"ENSG00000223431","MTND6P21"
0.344094187815442,-1.99889288461122,0.450408164311221,-4.43795881823767,9.08159887299934e-06,2.37214808638861e-05,"ENSG00000223436",NA
1.39667257522305,-2.92573050921122,0.197897605496735,-14.7840622015989,1.85624727261949e-49,4.03323386989567e-48,"ENSG00000223458",NA
0.130184086664152,-2.05710799652883,0.844442847378858,-2.43605355047304,0.0148484861484495,0.0259272166838769,"ENSG00000223495",NA
86.1607108235945,-1.3586554697757,0.0806762016186296,-16.8408457824812,1.2247338732053e-63,4.05507946546411e-62,"ENSG00000223509",NA
4.34769443171359,-1.09848468727149,0.188973608361066,-5.81289999592246,6.13997447127601e-09,2.11950556177559e-08,"ENSG00000223558",NA
0.509453627892315,-1.5716511749134,0.435741906058069,-3.60683962929183,0.000309949089387742,0.000683057077854954,"ENSG00000223563",NA
0.597572434746109,-3.90250147898226,0.386258290060818,-10.1033468520968,5.33883755424025e-24,4.29671942253738e-23,"ENSG00000223626","LINC01044"
7.4579378370463,-2.973005781917,0.122223104000401,-24.3244172714452,1.08163008248671e-130,1.99311143276685e-128,"ENSG00000223656","HMGB3P10"
49.0821265405586,-1.28863549884255,0.119156622817453,-10.8146359671231,2.93455406106965e-27,2.73211203003978e-26,"ENSG00000223658","C1GALT1C1L"
0.483321262305355,-2.11137374637081,0.424229599616184,-4.97695999591035,6.4590664159324e-07,1.8835831273195e-06,"ENSG00000223672",NA
1.27896762006304,-1.17398158888937,0.184745923694116,-6.35457370541574,2.09005415655954e-10,8.03196395610552e-10,"ENSG00000223703","IGSF3P2"
1.59833591379251,-2.01602411382613,0.210686351812632,-9.56884058450558,1.08111215354805e-21,7.76785891968916e-21,"ENSG00000223750",NA
1.35286029920428,-1.35034475931472,0.197329741401838,-6.84308786765653,7.75040788066805e-12,3.28487297914726e-11,"ENSG00000223754",NA
77.9480807735367,-1.84456271652353,0.107878570255343,-17.0985091122133,1.52249403586229e-65,5.32817306487671e-64,"ENSG00000223756",NA
3.51365633301284,-1.22681173700658,0.154774852124656,-7.92642809969224,2.25539128624545e-15,1.18222972126936e-14,"ENSG00000223774",NA
1.05485200624063,-1.10754633333883,0.271102173480205,-4.08534656554387,4.40110760540357e-05,0.00010670364119978,"ENSG00000223831",NA
2.13358221020588,-1.13829250323648,0.356354398658481,-3.19427094914966,0.00140184478856444,0.00284309291030446,"ENSG00000223985","LINC01874"
0.243936124237253,-1.84756990554773,0.680610875600217,-2.7145759372687,0.00663606844044735,0.012230113824505,"ENSG00000224092",NA
8.02126103761174,-1.35056896455922,0.137109952798074,-9.85026204879703,6.83654941937391e-23,5.21061219666249e-22,"ENSG00000224183",NA
1.11376677965831,-1.36448426930178,0.279372326203941,-4.88410676834796,1.03898767934534e-06,2.97625708325472e-06,"ENSG00000224185",NA
0.339038755007846,-1.95096343243138,0.380031226879212,-5.1336924295736,2.84112257242432e-07,8.54906308534413e-07,"ENSG00000224190","LINC02667"
2.61588891665027,-2.49596272374761,0.320308728607535,-7.7923656173786,6.57661014472366e-15,3.35768746838992e-14,"ENSG00000224204",NA
3.8501198081882,-1.44391617626762,0.190966035661656,-7.56111510229953,3.99628406808984e-14,1.94594948370957e-13,"ENSG00000224222",NA
1.19538421595464,-1.72182199848225,0.253634726132315,-6.7885893416031,1.13235249664235e-11,4.74429454430565e-11,"ENSG00000224227","OR2L1P"
18.071336449379,-1.39697250884083,0.182038232354205,-7.67406105176101,1.66634707037191e-14,8.31005393374814e-14,"ENSG00000224238",NA
4.75541557161316,-2.02638493319823,0.257917725021733,-7.85671063525192,3.94352449023204e-15,2.03790592521861e-14,"ENSG00000224239",NA
5.33485817904625,-1.68842100969163,0.225314669046557,-7.49361334011834,6.70029213302372e-14,3.21912350675056e-13,"ENSG00000224251",NA
1.56203573398792,-1.74889805466522,0.245599373433077,-7.12093858473044,1.07194552587238e-12,4.8127551442738e-12,"ENSG00000224299","MTATP6P16"
50.8594343271081,-1.24834923420754,0.120637411412945,-10.3479444691863,4.27566863831393e-25,3.6147394470023e-24,"ENSG00000224307",NA
5.57437458760594,-3.08435424732149,0.205832922690809,-14.9847468859713,9.23768204444654e-51,2.09058737245835e-49,"ENSG00000224318",NA
6.09070531456654,-1.07779190166762,0.106069808066203,-10.1611563301305,2.95550152119282e-24,2.40894994692664e-23,"ENSG00000224321",NA
2.00386322701528,-1.81451385341483,0.318901464030979,-5.68988875271694,1.27122163440879e-08,4.28390156182914e-08,"ENSG00000224361",NA
1.03722653190176,-2.22569712590175,0.299017614704377,-7.4433645927588,9.81527047718573e-14,4.66979013653269e-13,"ENSG00000224371","LOC112267969"
0.582985472667573,-3.49041683474929,0.388609111514543,-8.9818193432108,2.66325858185575e-19,1.69653927212749e-18,"ENSG00000224417",NA
0.467343111983856,-1.24574059228768,0.31253852835635,-3.98587847341277,6.72309178628171e-05,0.000159623037554268,"ENSG00000224458",NA
11.8073477015705,-1.68417843955324,0.135160985954885,-12.4605368010219,1.22542971746251e-35,1.62228067874078e-34,"ENSG00000224468","LAMC1-AS1"
11.9347376266401,-1.14216112380795,0.113570525776912,-10.0568445553515,8.57012395518533e-24,6.82390956777346e-23,"ENSG00000224479",NA
11.8849425995569,-4.60398897226931,0.255717916540847,-18.0041705115875,1.80686348368413e-72,7.96382976111378e-71,"ENSG00000224525",NA
2.28961933621645,-1.18588542101889,0.295359802236717,-4.01505354499275,5.94323005117496e-05,0.000141965474274215,"ENSG00000224549",NA
8.50135710514654,-1.18619866470288,0.150842132252107,-7.86384179932139,3.72527972436676e-15,1.92803447763218e-14,"ENSG00000224566",NA
1.16969751127625,-3.76509020541069,0.311038536720276,-12.104899428577,9.94912423247908e-34,1.22221164609762e-32,"ENSG00000224568","LINC01886"
18.32700789853,-1.80326651280597,0.102824623577597,-17.5373023509795,7.43752103320775e-69,2.9088296547019e-67,"ENSG00000224609","HSD52"
4.94645137466881,-2.48796824347956,0.167645254841352,-14.8406720239949,7.99509913842854e-50,1.75547754226449e-48,"ENSG00000224613","RNPC3-DT"
3.07161404552971,-1.46983928821032,0.151634627188661,-9.6932957561308,3.21967817304786e-22,2.36805006556222e-21,"ENSG00000224621",NA
0.927262296905828,-1.28261167685371,0.192290080721021,-6.67019157745611,2.55469717995309e-11,1.04486547628097e-10,"ENSG00000224646","RPS28P5"
0.557142444260743,-1.18510817502104,0.213046834148995,-5.56266503445073,2.65685568464224e-08,8.72566190370235e-08,"ENSG00000224649",NA
0.288755385113283,-1.20389474199468,0.431259214756146,-2.79158033220325,0.00524513359510867,0.00981120331634938,"ENSG00000224661",NA
1.11873540240582,-1.23468753924086,0.218892880577018,-5.64060163120031,1.69457011086793e-08,5.65840911706735e-08,"ENSG00000224691",NA
13.0442552194239,-1.33233000754758,0.139094463999676,-9.57859838009576,9.83707948703521e-22,7.0775563631755e-21,"ENSG00000224713",NA
8.06571770302249,-1.93658190465559,0.185250777710614,-10.4538395389669,1.40710720298845e-25,1.21730780236866e-24,"ENSG00000224743","TEX26-AS1"
6.85841400775965,-1.14876266583148,0.171366501186378,-6.70354274539389,2.03426151256756e-11,8.36866469750229e-11,"ENSG00000224747","MTCYBP21"
18.5060165873963,-1.89607152657891,0.113225958402895,-16.7459083881813,6.06574223912247e-63,1.95302224916907e-61,"ENSG00000224786",NA
1.37977875164847,-1.80956886521842,0.273510170451765,-6.61609351575298,3.68815107129358e-11,1.49251894438446e-10,"ENSG00000224825",NA
101.974121724628,-3.63360795929791,0.178225748225243,-20.3876712286585,2.15145905978238e-92,1.67311602272421e-90,"ENSG00000224940","PRRT4"
19.2569456108962,-1.63365605914706,0.21647856843003,-7.54650250597478,4.47102481266771e-14,2.16962218955647e-13,"ENSG00000224957","LINC01266"
10.1092031973141,-3.5092170542013,0.229087520351521,-15.318237540031,5.77626094592613e-53,1.40406221166576e-51,"ENSG00000224958","PGM5-AS1"
5.66143113538364,-1.31127366139148,0.174189912770191,-7.52783924475263,5.15868466853907e-14,2.49321681095236e-13,"ENSG00000225028",NA
7.27682067867732,-1.93659123248876,0.115985331689706,-16.6968633384582,1.38138343266911e-62,4.40333201990534e-61,"ENSG00000225039",NA
0.492222153099923,-3.1271997213966,0.27658462367733,-11.3064843584539,1.21875588075683e-29,1.26359217154425e-28,"ENSG00000225056","LOC124904965"
8.29985380160963,-1.24833886789721,0.13288651575069,-9.39402211612821,5.77517724394971e-21,4.01463641551989e-20,"ENSG00000225057",NA
36.7562487722386,-1.2823412144147,0.213373318704783,-6.00984800817066,1.85697338680717e-09,6.67073516997311e-09,"ENSG00000225194","LINC00092"
1.72423861951623,-1.00454657024939,0.141693719161601,-7.08956315208088,1.34535998363217e-12,6.00039069221907e-12,"ENSG00000225235","INTS6L-AS1"
1.8682926910672,-1.84081351849419,0.248933313527539,-7.39480583136393,1.41615055235252e-13,6.68056055171417e-13,"ENSG00000225328",NA
0.450016680991222,-1.37996885122814,0.311603014366426,-4.42861200824388,9.48414610528595e-06,2.47473144112113e-05,"ENSG00000225366","CRIPTO3"
0.760459151146692,-3.18231224346917,0.24342104755633,-13.0732830025011,4.68012381548218e-39,7.02678570980105e-38,"ENSG00000225376","TMEM246-AS1"
24.2092328702191,-1.61390057706588,0.144778407320029,-11.1473845232901,7.37421191257515e-29,7.36038526523907e-28,"ENSG00000225383","SFTA1P"
1.43374038544074,-3.16169532205769,0.342949059456073,-9.21913979607417,2.99493121571047e-20,2.0059716838346e-19,"ENSG00000225386",NA
4.58982939104016,-3.28744245119585,0.166002512722232,-19.8035704236396,2.77323620381769e-87,1.88195108392218e-85,"ENSG00000225398",NA
15.7077401491715,-1.80187978655816,0.11316418237726,-15.9227040632976,4.40902895950808e-57,1.21052479914059e-55,"ENSG00000225399",NA
22.4885185647751,-1.10122301530705,0.11139835242797,-9.88545154668333,4.81406516283305e-23,3.7015224193762e-22,"ENSG00000225422",NA
25.7664534321504,-1.21512012709918,0.226348992867987,-5.36834784066333,7.94611890293296e-08,2.50756525253272e-07,"ENSG00000225472","NFIB-AS1"
1.55710291053623,-1.03272938528804,0.423537575872219,-2.43834182400763,0.0147548144275524,0.0257721083241837,"ENSG00000225473",NA
1.37646851493415,-1.00738309046266,0.255435151369477,-3.94379193725579,8.0203249431312e-05,0.000188952482309901,"ENSG00000225549",NA
1.0434244816654,-1.20052540844421,0.294750450619678,-4.07302314863385,4.64068099337364e-05,0.000112188427890065,"ENSG00000225639",NA
0.846693015032208,-1.15592300327002,0.315249774601646,-3.66668938853535,0.00024571095554609,0.000547994222149389,"ENSG00000225655",NA
49.7104031840115,-2.68667398930343,0.192608117284235,-13.9489136137428,3.19434017569957e-44,5.77077065677852e-43,"ENSG00000225670",NA
12.8820389382862,-2.96189474054406,0.160217220140604,-18.4867440462688,2.64022497300657e-76,1.30809905332725e-74,"ENSG00000225731","PDE9A-AS1"
5.10606197649061,-1.98667308225303,0.252546347159445,-7.86656827389685,3.64501837560644e-15,1.88792249054383e-14,"ENSG00000225764","P3H2-AS1"
0.736500997719273,-1.52296500406011,0.274522303825629,-5.5476913272135,2.89466325801493e-08,9.48002711678824e-08,"ENSG00000225807",NA
6.27086047826739,-1.11660880628468,0.234114700027768,-4.76949463725363,1.84688659576679e-06,5.16998754327706e-06,"ENSG00000225849","MKRN7P"
0.232505950813631,-1.3890163008688,0.399235467522723,-3.47919063776502,0.000502930674906251,0.00108119037219593,"ENSG00000225870",NA
2.84625476874486,-1.57621779136687,0.149539939973082,-10.540446864233,5.62310688917871e-26,4.94408241990369e-25,"ENSG00000225873",NA
0.725534360856424,-1.15640435821097,0.327080648546567,-3.53553279091756,0.000406953734883425,0.000884572571310098,"ENSG00000225877","PSG8-AS1"
62.149349629018,-1.77525700334236,0.130606538766967,-13.5924052509334,4.44237809749726e-42,7.41066624829714e-41,"ENSG00000225889",NA
24.2769510189153,-2.3152484597373,0.140845989463447,-16.4381568020307,1.01973448280917e-60,3.07460535376888e-59,"ENSG00000225914","HCG23"
2.47462257072526,-1.30264177086781,0.218685299771456,-5.95669563628274,2.5738895294193e-09,9.1527534591018e-09,"ENSG00000225929","LOC105373100"
1.00557913764808,-1.3499080248641,0.358751498546165,-3.76279410771686,0.000168025528701366,0.000381847219432808,"ENSG00000225930","LINC02249"
12.898703692658,-2.01674074609828,0.117638714879727,-17.1435122201071,7.0274598419867e-66,2.49396741503395e-64,"ENSG00000225938",NA
28.6899352789636,-2.3614045374596,0.194618341494883,-12.1335148543627,7.01715736996314e-34,8.67144724258277e-33,"ENSG00000225950","NTF4"
0.56212183327307,-2.26880933345375,0.348312149498863,-6.51372436108825,7.33099701978923e-11,2.90535252889488e-10,"ENSG00000225974",NA
2.33984343239142,-1.21085631462105,0.162921498258717,-7.43214571166186,1.06849998712019e-13,5.07151123270541e-13,"ENSG00000225981","MICALL2-DT"
13.4852958985127,-3.81024775090215,0.200620890785087,-18.9922781022034,1.97568756332576e-80,1.09301606419096e-78,"ENSG00000226005","LINC02660"
8.99893201644254,-3.03341587917819,0.124053400110358,-24.4525009107341,4.73339410535613e-132,8.99908379315922e-130,"ENSG00000226009","KCNIP2-AS1"
0.874889888184462,-1.0378962577586,0.358609216630458,-2.89422638801875,0.00380094009738508,0.0072470316537415,"ENSG00000226022",NA
24.6817934687833,-1.25684494348744,0.115409151617008,-10.8903403748981,1.28160377672289e-27,1.21227318741942e-26,"ENSG00000226026","RWDD3-DT"
11.8566327928033,-2.89856380614098,0.175499274754538,-16.5161013354332,2.80984405228189e-61,8.62393520466529e-60,"ENSG00000226031","FGF13-AS1"
0.275640444362863,-2.25110477347768,0.635198928445507,-3.54393666718977,0.0003941999263053,0.000859084719308904,"ENSG00000226079",NA
8.47650473282857,-1.01194835085691,0.23354783512522,-4.33293826215234,1.47132379884732e-05,3.75532061172953e-05,"ENSG00000226101","LINC02097"
1.49992344669542,-1.80620483883348,0.221349958203291,-8.15995111765342,3.35160204236345e-16,1.83137835138724e-15,"ENSG00000226133",NA
2.30505834372189,-1.9618147253813,0.255421555396383,-7.68069367652548,1.5822942700868e-14,7.89910581221825e-14,"ENSG00000226191",NA
56.92765857257,-1.47983398822592,0.185474696607457,-7.97863005193573,1.47966331089182e-15,7.83495460044506e-15,"ENSG00000226197","LOC105375977"
91.0404510047072,-2.00332517844609,0.111616505818521,-17.9482878787061,4.94927561838776e-72,2.14782422895795e-70,"ENSG00000226237","GAS1RR"
14.5399305013769,-1.77881354200496,0.113161928257759,-15.7191872690009,1.11747934960596e-55,2.94328947991323e-54,"ENSG00000226239",NA
9.16276249739842,-2.16896479475576,0.136686945849568,-15.8681195287137,1.0535025353255e-56,2.8629215239617e-55,"ENSG00000226252",NA
3.05850334523552,-1.10127290216095,0.123947351548686,-8.88500551565535,6.39175981273161e-19,3.99255818289402e-18,"ENSG00000226279","RPL12P10"
14.771273666851,-1.26697708214867,0.118903276426345,-10.6555270824139,1.64311228031885e-26,1.47778316782572e-25,"ENSG00000226281","LOC105374901"
0.696583174115515,-1.01049514459704,0.222477923484441,-4.54200187043598,5.57225466476197e-06,1.48927100852809e-05,"ENSG00000226302",NA
35.7647652635745,-1.08214483628074,0.118567551595227,-9.12682113884772,7.05401280968652e-20,4.62829024530377e-19,"ENSG00000226314","ZKSCAN8P1"
41.8141246256893,-2.0176548059242,0.152736135022285,-13.2100684990478,7.67545510367705e-40,1.18393771415701e-38,"ENSG00000226329",NA
0.292572767751141,-1.34818578245784,0.39074636275443,-3.45028363912148,0.000559997847338858,0.0011973177823101,"ENSG00000226337","TMEM252-DT"
1.38038109506145,-1.12754102326758,0.185417737324756,-6.08108501126143,1.19371977211757e-09,4.34549914764477e-09,"ENSG00000226342",NA
12.7961289593509,-1.7766252912299,0.223523824493721,-7.94825918558767,1.89150595025618e-15,9.95081257019583e-15,"ENSG00000226409","LOC102723341"
4.50624496926544,-1.44304026948032,0.118967863296051,-12.1296645119138,7.35501347300421e-34,9.0795850422992e-33,"ENSG00000226413","OR8T1P"
3.54756426445196,-1.35507159648306,0.222296190303271,-6.09579316062226,1.08896144574378e-09,3.97562621851594e-09,"ENSG00000226416","MRPL23-AS1"
0.459608008916468,-2.22819895370688,0.354344662917379,-6.28822495973763,3.2111636388401e-10,1.21887854489644e-09,"ENSG00000226426","LOC105378333"
9.69867560756177,-1.48718094868362,0.136644291376635,-10.8835936993846,1.3801231564201e-27,1.30391836766095e-26,"ENSG00000226440",NA
5.71242915163944,-5.18050760147685,0.308624169913794,-16.7858129935963,3.09955449400312e-63,1.00677732750976e-61,"ENSG00000226482","ADIPOQ-AS1"
24.0555260275227,-1.78588479643865,0.137307217334333,-13.0064888875444,1.12388436386056e-38,1.66291846425445e-37,"ENSG00000226491","FTOP1"
0.279585702890992,-1.97485359453007,0.333573907770027,-5.92028797375715,3.2137837833414e-09,1.13431841063715e-08,"ENSG00000226516","FAM138B"
18.3841951333181,-1.53819164353667,0.166478430115359,-9.23958522717204,2.47454590974583e-20,1.66440396652987e-19,"ENSG00000226530",NA
0.376207223684498,-3.15162960436133,0.333068744342999,-9.46239975347473,3.00955542750504e-21,2.11388067045545e-20,"ENSG00000226542",NA
4.39392302464845,-2.01543846106874,0.202118943818,-9.97154657053601,2.03042185942798e-23,1.58976158335013e-22,"ENSG00000226549",NA
10.2177275311284,-1.05943901737795,0.145797004162809,-7.26653488843225,3.68825990558637e-13,1.70137234812867e-12,"ENSG00000226581","LINC02848"
0.548142179432923,-3.13524145459734,0.470772679513182,-6.65977783128674,2.74241821288874e-11,1.11896828972492e-10,"ENSG00000226592",NA
6.78058671951728,-3.7540140349821,0.223086554420649,-16.8276122455304,1.53155050188928e-63,5.03614169838816e-62,"ENSG00000226622",NA
2.00686942381087,-1.84252876730756,0.203715115087938,-9.04463454521867,1.50166630449477e-19,9.69215043086954e-19,"ENSG00000226629","LINC00974"
1.05442414956086,-1.06539671461729,0.243941320886975,-4.3674302932504,1.25716900210525e-05,3.23370379527878e-05,"ENSG00000226636",NA
0.795513079955234,-1.06100427264166,0.18055354772368,-5.87639670346121,4.1929283816769e-09,1.4658727288831e-08,"ENSG00000226661",NA
1.36625002140469,-1.29687780851121,0.212610357428789,-6.09978659645299,1.06210167122145e-09,3.88170654269736e-09,"ENSG00000226676","LINC02679"
0.885284479897167,-2.1236265253621,0.228591939970653,-9.2900323853708,1.54241388239511e-20,1.04907792597317e-19,"ENSG00000226679","LOC124905176"
0.509998779948684,-1.28450629535793,0.446992834472445,-2.87366193884057,0.0040574301034277,0.00770538593052248,"ENSG00000226683",NA
1.79663771021134,-1.02600798575673,0.19912102232086,-5.15268540608151,2.56782534268763e-07,7.75739404553656e-07,"ENSG00000226699",NA
2.02440225019858,-1.4133610682693,0.203396453925878,-6.94879896374377,3.68409092431482e-12,1.5973284722527e-11,"ENSG00000226709","FGF12-AS3"
1.57976077281268,-1.6939898771671,0.238026804963787,-7.11680298958273,1.10459196443855e-12,4.95236767885561e-12,"ENSG00000226741","LINC02554"
4.63668922834213,-1.32348556480476,0.243546950517176,-5.43421119416325,5.50393619236158e-08,1.75901262741674e-07,"ENSG00000226762","LOC124902537"
2.90590992445524,-1.30011898929449,0.294172518519347,-4.41958003364269,9.88928928976083e-06,2.57511739699136e-05,"ENSG00000226774",NA
1.34934640478441,-2.36813630411805,0.258646707708724,-9.15587259971984,5.39202499604707e-20,3.56025244708676e-19,"ENSG00000226792","C13orf42"
27.4795203771779,-1.39850474157521,0.120667825195238,-11.5897070268107,4.64719383499223e-31,5.08558831965458e-30,"ENSG00000226808","LINC00619"
1.34865801418648,-1.03147151310047,0.218114215939694,-4.72904303214085,2.25580572622959e-06,6.25908683289856e-06,"ENSG00000226819",NA
15.892395835593,-1.01098980202093,0.104109060920631,-9.71087235905126,2.71007603238318e-22,2.00184617193151e-21,"ENSG00000226823",NA
83.5478431817879,-1.76564370807991,0.100184321456173,-17.6239523551828,1.6132952452124e-69,6.47344850905579e-68,"ENSG00000226833","LOC100505774"
0.578148433562565,-1.38341409655033,0.219016930519295,-6.31647102929542,2.67603585947572e-10,1.02142190907809e-09,"ENSG00000226840",NA
1.55199825947441,-1.1475039087848,0.477531795575491,-2.4029895379048,0.0162616526603547,0.0282015412639395,"ENSG00000226846","LINC00348"
8.79658625823853,-1.08350901072568,0.0982463077407545,-11.0284959877043,2.78483218422814e-28,2.71236653682395e-27,"ENSG00000226849",NA
1.37069180829954,-2.99368130323135,0.190455151769902,-15.7185630076742,1.12854326276133e-55,2.97079712741183e-54,"ENSG00000226871",NA
2.6940837753633,-1.39419071960729,0.117148630587381,-11.9010415454013,1.16879212753623e-32,1.36644291923526e-31,"ENSG00000226889","ATF6-DT"
63.2475568718112,-1.11986768858803,0.155889419842038,-7.18373119691371,6.78341719324224e-13,3.07933975486295e-12,"ENSG00000226891","LINC01359"
0.328978907680981,-1.2983609651371,0.325844362711102,-3.98460465706521,6.75925626348778e-05,0.000160441918144916,"ENSG00000226925","IL1R1-AS1"
18.8586489199642,-1.10610094519085,0.158740740401478,-6.96797143816613,3.21543482331709e-12,1.39970454647576e-11,"ENSG00000226953","NCKAP5-AS2"
0.255335579722887,-1.82319038604528,0.478239259544097,-3.81229760974312,0.000137680956345086,0.000315793499544861,"ENSG00000226992",NA
0.283754020376443,-1.74879575107005,0.661390885314716,-2.64411831172711,0.00819040222338829,0.0148874030853074,"ENSG00000227019","OR7E101P"
1.12045860581313,-1.10906427435491,0.20587244630838,-5.38714283646108,7.15865424397861e-08,2.26847757675121e-07,"ENSG00000227055",NA
30.6851374703513,-1.41058874527685,0.132686679068753,-10.6309748286483,2.13865210511796e-26,1.91483502814804e-25,"ENSG00000227082","LINC02798"
0.256230094461444,-1.31575174918153,0.543103331230431,-2.42265453647765,0.0154075709596754,0.0268174353221698,"ENSG00000227089",NA
3.31977089524172,-1.5680387529897,0.290994623665219,-5.38854887846203,7.1028846464445e-08,2.25169856025379e-07,"ENSG00000227094",NA
3.28222290679654,-1.998936219293,0.162964314329397,-12.2660978111599,1.37732806716887e-34,1.74987503839991e-33,"ENSG00000227117","HORMAD2-AS1"
0.902932524739229,-2.00963862516132,0.271441995153279,-7.40356562744283,1.32575594681968e-13,6.26585453409597e-13,"ENSG00000227154",NA
3.0968451711379,-1.80146563659698,0.139523750996736,-12.911533869521,3.87504245154836e-38,5.64295695603896e-37,"ENSG00000227158","LOC644909"
2.90653090359838,-2.05726518850183,0.20869679364667,-9.85767511112246,6.35027113759904e-23,4.85311038765943e-22,"ENSG00000227188","MGAT3-AS1"
3.30284777354206,-1.00921368523474,0.155287672313279,-6.49899422279154,8.08587665766659e-11,3.19632302532018e-10,"ENSG00000227220",NA
2.35500293085923,-3.10259249092522,0.205811781792476,-15.0749022427376,2.36866219102465e-51,5.46377494328314e-50,"ENSG00000227260","LINC01985"
2.49398207625922,-1.58017556006677,0.298581343046165,-5.29227829155572,1.20801876896523e-07,3.75453643990425e-07,"ENSG00000227300",NA
0.527738100284975,-1.16684566121717,0.423359604106326,-2.75615729488476,0.00584848643208392,0.0108621873531222,"ENSG00000227313",NA
1.21606371528076,-1.68972679175013,0.238328359656213,-7.08991071892388,1.34198548477871e-12,5.98645480221116e-12,"ENSG00000227338",NA
0.555743616861087,-1.71336398117389,0.418269064892373,-4.09632010824124,4.19769396754187e-05,0.000102009392840442,"ENSG00000227342","LINC00307"
0.446814819561728,-2.26196403243786,0.270777606646025,-8.35358603119207,6.62211402005155e-17,3.74619769395052e-16,"ENSG00000227352",NA
1.18456354490182,-1.05326864928386,0.230662583370696,-4.56627439913458,4.96468802894451e-06,1.33328589387181e-05,"ENSG00000227356","GOLGA7B-DT"
30.3993532170475,-3.60843782449585,0.141103996945289,-25.5728958967404,3.05537830358104e-144,7.07165094321583e-142,"ENSG00000227467","LINC01537"
0.913170240450297,-2.22685398899085,0.369677165969426,-6.0237801898076,1.70389737470667e-09,6.13556732222446e-09,"ENSG00000227475",NA
1.05760006550171,-1.62610670842245,0.279177117142445,-5.82464180827816,5.72352214035939e-09,1.98139998267834e-08,"ENSG00000227479",NA
8.01315207904986,-1.0630918017209,0.214741610871617,-4.95056266648045,7.39992240335084e-07,2.14684681085466e-06,"ENSG00000227487",NA
5.07941979220828,-1.5000514196104,0.120354720899536,-12.4635860429816,1.17945221227535e-35,1.56314123070849e-34,"ENSG00000227508",NA
0.525753683108079,-3.22087243021591,0.366493604989129,-8.78834551645573,1.51778561768277e-18,9.32151120922723e-18,"ENSG00000227509",NA
17.3821072216063,-1.29020898461308,0.0975193563123094,-13.2302861032136,5.86636386125228e-40,9.06929630824771e-39,"ENSG00000227544","LINC03013"
50.1136368615009,-4.37984850581901,0.188199330259497,-23.2723915636677,8.44191849858797e-120,1.21093507565075e-117,"ENSG00000227591","HSD11B1-AS1"
1.6060728282458,-1.20540453096155,0.323874179985553,-3.72182966550567,0.000197784429872259,0.00044581755046718,"ENSG00000227705",NA
2.3457460522584,-1.29194786575406,0.192033561489357,-6.72771913270827,1.72343174647481e-11,7.13406039170625e-11,"ENSG00000227744","LINC01940"
1.4696980855349,-1.16887994238523,0.187862687192185,-6.22199096507895,4.90885311455352e-10,1.83995581848114e-09,"ENSG00000227758",NA
1.46172642830266,-1.14554100664448,0.188070228622031,-6.09102788377366,1.12188006420362e-09,4.09393509604656e-09,"ENSG00000227770","RPL7P12"
5.98849039707169,-1.02986876534433,0.178594632683175,-5.76651576742122,8.09271415522972e-09,2.77062980689621e-08,"ENSG00000227906","SNAP25-AS1"
2.28940545429192,-1.40936096617873,0.315166104344701,-4.47180374650092,7.75625926295193e-06,2.04034797598188e-05,"ENSG00000227914","KANK1-AS1"
2.30794843304524,-1.0193679054985,0.164804170030338,-6.18532835249765,6.19733360613735e-10,2.30613012093235e-09,"ENSG00000227934",NA
6.61883698016796,-1.25535584947851,0.127586112425444,-9.83928286248302,7.62524189363304e-23,5.79973549966596e-22,"ENSG00000227959",NA
8.54727093618507,-1.06257651646599,0.152926559593795,-6.94827974479,3.69767232292087e-12,1.60278187814294e-11,"ENSG00000227999","MTND5P1"
2.94356558854707,-1.80091252256565,0.247333860788652,-7.28130194880408,3.30613752177832e-13,1.52951958930474e-12,"ENSG00000228016","RAPGEF4-AS1"
1.70031314498478,-1.19437478125918,0.230898619972521,-5.17272377548778,2.30705945740547e-07,6.99986863546908e-07,"ENSG00000228031",NA
10.1518971406107,-4.05630863685035,0.288275964648264,-14.070922082594,5.73171508524441e-45,1.06312996412722e-43,"ENSG00000228035","NGF-AS1"
26.3622765286971,-1.30356936113073,0.10656391758711,-12.2327462301218,2.07792666420504e-34,2.62258868498586e-33,"ENSG00000228063","LYPLAL1-DT"
2.48710932990843,-1.13067420012311,0.16042940539055,-7.04779898280242,1.81769966839612e-12,8.03598699943324e-12,"ENSG00000228079",NA
4.66759951281426,-2.10226625047159,0.138994182087687,-15.124850687242,1.11052236418568e-51,2.59663867584852e-50,"ENSG00000228139",NA
2.18440267640741,-1.33700342695066,0.229610549277952,-5.8229181157185,5.78288927966948e-09,2.00085379785488e-08,"ENSG00000228142",NA
12.1608279696208,-3.80983679099805,0.330655760718069,-11.5220638609907,1.02134886574661e-30,1.10258729513114e-29,"ENSG00000228162",NA
0.961801712357299,-1.99233609926817,0.191669750384122,-10.3946298008703,2.62303530671775e-25,2.24169856483852e-24,"ENSG00000228181",NA
0.553335152996251,-2.85719620079116,0.302734139879486,-9.4379715546075,3.80065506464022e-21,2.65707550192489e-20,"ENSG00000228222",NA
1108.4827753156,-1.20409088198693,0.0869935796733096,-13.8411465134405,1.43893039490109e-43,2.53266551137808e-42,"ENSG00000228223","HCG11"
66.3374156779958,-1.03681386183658,0.0841614065792126,-12.3193504478889,7.12659837530871e-35,9.1562168989284e-34,"ENSG00000228242",NA
3.88242279061027,-1.86705203052659,0.165538528339621,-11.2786554843361,1.67283068561142e-29,1.71875012111609e-28,"ENSG00000228290","TBX18-AS1"
25.8499201770596,-1.44983642413398,0.224615915924217,-6.45473593520034,1.0840776330796e-10,4.24991076023595e-10,"ENSG00000228307","OR2S1P"
5.91914908448862,-1.64544234483851,0.124050924149697,-13.2642489857866,3.73140283525967e-40,5.7986217916734e-39,"ENSG00000228330",NA
13.3834364169971,-1.70446182875832,0.117257364080369,-14.5360749162848,7.15810088539258e-48,1.46369873418335e-46,"ENSG00000228401","LNCEGFL7OS"
1.00982584811349,-1.47819487383282,0.217159619409387,-6.80695093246658,9.96889124337749e-12,4.18882283345216e-11,"ENSG00000228431","ARL5AP3"
30.2970384376596,-1.63562475154717,0.0790172684331387,-20.699586102893,3.49357635220162e-95,2.83690242430474e-93,"ENSG00000228436","RRAGC-DT"
19.0080156939352,-1.01490556089941,0.121889649523156,-8.32642939634182,8.33171954513869e-17,4.69063082735129e-16,"ENSG00000228463","RPL23AP21"
17.2897795400616,-1.10782464359233,0.13884405161704,-7.97891325332352,1.47627276922451e-15,7.81786541102535e-15,"ENSG00000228495","LINC01013"
3.79376399520756,-3.5580616243426,0.271731545027856,-13.0940322882934,3.56185020448662e-39,5.38492405481079e-38,"ENSG00000228522",NA
1.72114273566221,-3.00507661537709,0.276896402778986,-10.852710924438,1.9359667826802e-27,1.81866997172958e-26,"ENSG00000228528",NA
59.8331312729451,-1.61278023213832,0.175829268247035,-9.17242190800915,4.62508840057275e-20,3.06781095488634e-19,"ENSG00000228536",NA
1.03490880118825,-1.50943457429162,0.287576552197203,-5.24880962219945,1.53085175818816e-07,4.71387028310268e-07,"ENSG00000228577",NA
0.266037161087917,-1.68948448315328,0.371512823069827,-4.5475805362329,5.42661568837684e-06,1.45188561808307e-05,"ENSG00000228622",NA
177.301584190889,-1.30817260239472,0.29931271017478,-4.37058821067379,1.23912283211156e-05,3.18882606684562e-05,"ENSG00000228639",NA
137.820722109205,-1.6104867276471,0.156422173666931,-10.29577002987,7.36281000797434e-25,6.16268741233492e-24,"ENSG00000228649","SNHG26"
1.89920011103619,-2.65513290561627,0.148106859421391,-17.9271433881529,7.24054617523402e-72,3.11395482275998e-70,"ENSG00000228692",NA
13.5200060058347,-2.20314239144557,0.294897023856942,-7.4708871681063,7.96559358285508e-14,3.81098051282791e-13,"ENSG00000228695","LOC107987423"
14.0006540366065,-1.08173198895588,0.105482874165814,-10.2550484854579,1.12319619626548e-24,9.33431565708227e-24,"ENSG00000228791",NA
2.36446743108426,-2.77993416130717,0.232842029642844,-11.9391424545272,7.3981999397307e-33,8.72164761595713e-32,"ENSG00000228868","MYLKP1"
0.628297541829445,-2.5988956668503,0.360181006890486,-7.21552668556037,5.37256229716994e-13,2.45189045206146e-12,"ENSG00000228876",NA
1.23572647171774,-1.0258844662695,0.440827915465356,-2.32717672878436,0.0199558610641979,0.0340631788366011,"ENSG00000228937","MTA3P1"
0.399549021678986,-1.87228829212786,0.281934689703236,-6.64085818633608,3.11861985354233e-11,1.26707155006117e-10,"ENSG00000228961","LINC01690"
251.701226189822,-2.73419407517531,0.23719272040571,-11.5273102416405,9.60993778941806e-31,1.03860166815028e-29,"ENSG00000228971","LINC02607"
1.41331489914006,-2.92140853043978,0.228903745061366,-12.7626069624007,2.65175436465419e-37,3.74986870161104e-36,"ENSG00000228983",NA
0.444938389684942,-1.72973137145788,0.282436794420187,-6.1243131406049,9.10756256731353e-10,3.34465217384632e-09,"ENSG00000228997","ORMDL1P1"
1.48756299291188,-2.81291692303212,0.26819949694593,-10.4881513763585,9.79255434516354e-26,8.53175629526796e-25,"ENSG00000229019",NA
51.2621311895009,-3.55075660409718,0.200766032670045,-17.6860425883535,5.37181774355178e-70,2.19406468962972e-68,"ENSG00000229108","LINC02587"
10.1908168312535,-1.99142935552872,0.151230707544505,-13.1681547211082,1.33828691063925e-39,2.04325448976183e-38,"ENSG00000229116",NA
11.9887393500057,-1.64619732598371,0.16679732920906,-9.86944655402965,5.6475346243993e-23,4.32640524232444e-22,"ENSG00000229167",NA
0.797886643160537,-1.95898580494494,0.465507280848319,-4.2082817724676,2.57319872288828e-05,6.40159678126377e-05,"ENSG00000229206",NA
2.46927928385891,-3.37447962320512,0.198486224254405,-17.0010772076553,8.0624665380197e-65,2.77694300385711e-63,"ENSG00000229221",NA
2.37736682006244,-2.31009469593664,0.285822272597891,-8.08227670621944,6.35686635492624e-16,3.42314788203345e-15,"ENSG00000229224",NA
0.429289756005893,-1.21689325080023,0.301434324723019,-4.03700956060132,5.41368634508762e-05,0.000129931726677261,"ENSG00000229230","MT1P3"
2.51635163103031,-1.21413411563575,0.384315767005043,-3.15920974332499,0.00158197593736864,0.00318750387582352,"ENSG00000229240","LINC00710"
4.39497322432537,-3.66506206846334,0.24754403714072,-14.8056972440014,1.34584186193496e-49,2.93889168665926e-48,"ENSG00000229246",NA
6.12020411009118,-3.29056526424043,0.291582525484073,-11.2851936472447,1.55299200244926e-29,1.59870749543068e-28,"ENSG00000229312","LOC124902178"
0.296897202731106,-1.00145703107791,0.346845193667037,-2.88733143593531,0.00388524724939329,0.00739863252587275,"ENSG00000229379",NA
2.35704521504088,-1.06408722989499,0.203413773854024,-5.23114639551698,1.68462027387777e-07,5.16942018327573e-07,"ENSG00000229414","KCNQ1-AS1"
11.5824694568741,-3.78701164075532,0.243117065241512,-15.5769058704016,1.044915780588e-54,2.67281981035616e-53,"ENSG00000229436",NA
2.38404729295027,-2.41039441428596,0.157868635661603,-15.2683552637569,1.24267997720114e-52,2.99029621836799e-51,"ENSG00000229484","LINC02766"
3.36007060661035,-1.78820953579047,0.162422793131618,-11.0095972450209,3.4353598709268e-28,3.33376729625487e-27,"ENSG00000229491",NA
1.66923515525553,-2.63287794904479,0.175597965108155,-14.9937839394844,8.06258761444428e-51,1.82983691429666e-49,"ENSG00000229498",NA
1.29738270222403,-1.55766330637311,0.305842840101926,-5.09301870808551,3.52406909601184e-07,1.05208219335698e-06,"ENSG00000229526","KRT16P4"
4.03688435011263,-2.99373329678894,0.220288695969698,-13.5900450252824,4.58798085121171e-42,7.64823112670678e-41,"ENSG00000229558","SACS-AS1"
214.288237719495,-1.71982256642523,0.106776357548676,-16.1067731275738,2.28648499287548e-58,6.47814878821195e-57,"ENSG00000229619","MBNL1-AS1"
2.72211586388079,-1.07791493274792,0.246003771929272,-4.3817008344808,1.17756427908014e-05,3.0384647416287e-05,"ENSG00000229642",NA
24.5666064215612,-1.21338841667467,0.116751831005264,-10.3928855438675,2.67146334468495e-25,2.28227191233695e-24,"ENSG00000229647",NA
2.73985025504731,-1.02429354818118,0.190007030456735,-5.39081920136849,7.0137212625332e-08,2.22446303249017e-07,"ENSG00000229657","RPL13AP11"
0.26814588230691,-1.68999311529967,0.429463999739152,-3.9351217245826,8.31545403139287e-05,0.00019554969942769,"ENSG00000229673",NA
6.54881731858755,-2.20820228586472,0.18890772696958,-11.6893169024278,1.44544492046111e-31,1.61764228309488e-30,"ENSG00000229694",NA
0.768645258645319,-2.65776780577705,0.34637482440637,-7.67309751894361,1.67891745892177e-14,8.37099963127713e-14,"ENSG00000229740",NA
6.92169478639421,-1.22566825905684,0.173011220513441,-7.08432814599802,1.397204784744e-12,6.22004099954331e-12,"ENSG00000229771","LOC101927098"
1.73526364481926,-1.082717746134,0.187209538777976,-5.78345394792125,7.31822287914172e-09,2.5122962033511e-08,"ENSG00000229782",NA
1.34945109362168,-1.07682575651266,0.169841644367315,-6.34017505261439,2.29504244308294e-10,8.79503147081297e-10,"ENSG00000229827",NA
162.279513247297,-2.35762936926483,0.130439955877623,-18.0744416341012,5.06656664549047e-73,2.26224797749719e-71,"ENSG00000229847","EMX2OS"
0.356603880022032,-1.15379833247176,0.471836613586107,-2.44533446377239,0.0144717865471422,0.0253192847456027,"ENSG00000229859","PGA3"
0.396463958263394,-1.01580115244945,0.405035627070277,-2.50793037589556,0.012144059300951,0.0215099220344028,"ENSG00000229900",NA
3.43374829217766,-2.35849541405862,0.177666062552665,-13.2748786131257,3.23795363900743e-40,5.04817308313849e-39,"ENSG00000229920","RPS4XP5"
0.881168636333189,-1.66576650170004,0.262684158015798,-6.34132836286177,2.27792441941666e-10,8.73082871474019e-10,"ENSG00000229941","PDE11A-AS1"
0.252775809299486,-1.83574807392825,0.489512782288705,-3.75015350027277,0.000176726354484129,0.000400670056943716,"ENSG00000229988",NA
0.598501072701926,-1.65403813673875,0.277293694454873,-5.96493237969365,2.44735372259881e-09,8.71832231762279e-09,"ENSG00000230077","MTAPP2"
0.759704042219638,-1.37141267343713,0.394679873702905,-3.47474691468422,0.000511335531222812,0.00109837183020467,"ENSG00000230088","KRT16P5"
0.441612694474831,-1.4158203104772,0.335034231398527,-4.22589746894569,2.37990343187494e-05,5.94207503231538e-05,"ENSG00000230104",NA
0.809276360208363,-2.49987359887406,0.41896827576057,-5.96673720542669,2.42044768161064e-09,8.62503893090112e-09,"ENSG00000230258",NA
0.634549369689003,-1.09145206488548,0.23084843353162,-4.7280029073101,2.2673893941256e-06,6.28940631499291e-06,"ENSG00000230274","PGAM1P3"
18.1612863408839,-1.24833436120468,0.12136824793611,-10.2855102749924,8.19070603527872e-25,6.84487573958143e-24,"ENSG00000230303",NA
44.5951183860015,-1.94225216297166,0.142673697739062,-13.6132461256024,3.3406957228781e-42,5.6021257291946e-41,"ENSG00000230333",NA
2.10939075949313,-1.42296508105387,0.185411133624804,-7.67464743478329,1.65874240311281e-14,8.27385200761424e-14,"ENSG00000230371","KARS1P2"
21.4874818171619,-1.53418168426206,0.118503872811101,-12.9462577708967,2.46689522897034e-38,3.61213173655162e-37,"ENSG00000230373","GOLGA6L3P"
5.40591884420663,-2.30548067524133,0.180960614428433,-12.7402345671915,3.53330900507898e-37,4.96861856276295e-36,"ENSG00000230435",NA
0.471333475225419,-2.03731469678383,0.293068885746926,-6.95165811133946,3.61017479586519e-12,1.56584713443691e-11,"ENSG00000230452","LINC01381"
8.10318530105977,-1.79022657526968,0.229844161418608,-7.78887122570495,6.76104697517875e-15,3.45038091798907e-14,"ENSG00000230461","PROX1-AS1"
0.427605036981803,-1.50957135196071,0.419384632968477,-3.59949133394731,0.000318840258082257,0.000701715134582247,"ENSG00000230525",NA
39.8303788967424,-2.21335833823397,0.136322341776475,-16.2362112430783,2.79672548061702e-59,8.12067380462797e-58,"ENSG00000230587","LOC107985876"
1.07710827627276,-1.26251022683195,0.173287500135868,-7.28563933256622,3.20148404039617e-13,1.4826785923188e-12,"ENSG00000230596","GPAA1P2"
1.09743327982026,-1.51587500961811,0.159536005810612,-9.50177360850839,2.06345389456267e-21,1.46199461828597e-20,"ENSG00000230611",NA
0.891994049137749,-2.71180935058314,0.322817267002651,-8.40044702615264,4.4478216033233e-17,2.53714886314108e-16,"ENSG00000230710",NA
5.34835838173599,-1.54173146636268,0.144123925974271,-10.6972624839398,1.04829515290383e-26,9.51929885815438e-26,"ENSG00000230747",NA
4.14555989455161,-1.95889698123496,0.197371042726302,-9.92494620374171,3.24277548640092e-23,2.51597366078491e-22,"ENSG00000230749","MEIS1-AS2"
2.94486119346776,-1.50981711250619,0.108663902027094,-13.8943760010545,6.85180330959349e-44,1.21761831069223e-42,"ENSG00000230756",NA
0.379354253153818,-1.30372955871813,0.440232266202881,-2.96145843639117,0.00306185816705114,0.00591697421682076,"ENSG00000230781",NA
5.29981047177112,-2.40066487878751,0.150779373540238,-15.9217061486653,4.47992213419607e-57,1.22928447565483e-55,"ENSG00000230787","PSAT1P3"
1.41214039043365,-1.14081857232322,0.27909824248695,-4.08751614541808,4.3601634071183e-05,0.000105748419983314,"ENSG00000230790",NA
0.502366861519277,-1.51420763460151,0.348291285027809,-4.34753236642315,1.37677758559912e-05,3.5247095290186e-05,"ENSG00000230831",NA
0.272427447527357,-2.69727646740179,0.405899586979616,-6.64518160137288,3.02843448402779e-11,1.2324156640599e-10,"ENSG00000230853","RPL10P11"
7.70093106990614,-1.98692806547006,0.203998289231851,-9.73992513835179,2.03704368279715e-22,1.5123936594268e-21,"ENSG00000230910",NA
6.71275413132774,-1.50765489897685,0.149551044481094,-10.0812060805597,6.68998385193979e-24,5.34997707138099e-23,"ENSG00000230918",NA
0.368401972016951,-1.14273024206838,0.338162457334295,-3.37923449893411,0.000726879784568122,0.00153116472382425,"ENSG00000230923","LINC00309"
5.28053017483881,-2.27029493700851,0.253939603428288,-8.94029488255714,3.88133254416213e-19,2.45161031233761e-18,"ENSG00000230928",NA
1476.39375144793,-1.28402149272739,0.192351854145879,-6.67537881778667,2.46594356587892e-11,1.00916849954095e-10,"ENSG00000230937","MIR205HG"
42.1940204197283,-1.45877947160063,0.139500548666624,-10.4571593842745,1.35867962689769e-25,1.17647462361591e-24,"ENSG00000230943","LINC02541"
35.7438089835584,-1.30424265258709,0.144832428945723,-9.00518386718393,2.15304728068958e-19,1.37775471107036e-18,"ENSG00000230953",NA
25.7261372087857,-2.03461069075763,0.119979309531426,-16.958012999939,1.67927817129869e-64,5.72220605881367e-63,"ENSG00000231007","CDC20P1"
5.59388298286561,-2.95004706550745,0.207438044485766,-14.2213405107079,6.75465227317823e-46,1.29291006954842e-44,"ENSG00000231013","SCTR-AS1"
2.72547015651665,-1.53140125517301,0.134619127214167,-11.3758073378139,5.51897775901292e-30,5.80237490529535e-29,"ENSG00000231024",NA
1.06400272957639,-1.02362442220497,0.286160207263736,-3.57710260274436,0.00034742382979748,0.000761718638367072,"ENSG00000231035","RPL7L1P9"
138.15387464855,-1.37865587456664,0.103051095473441,-13.3783718477981,8.09001213745141e-41,1.28725500333875e-39,"ENSG00000231160",NA
1.7181501317172,-3.45334672405661,0.218324759703639,-15.8174763537782,2.35754677906121e-56,6.3100595633979e-55,"ENSG00000231165","TRBV26OR9-2"
17.2666075491031,-2.36726124432832,0.121506112167929,-19.4826515480687,1.54088816067948e-84,9.65018977492205e-83,"ENSG00000231170",NA
0.485646799142416,-2.77066354962649,0.479578101624729,-5.77729370928312,7.59117064741635e-09,2.60394491098817e-08,"ENSG00000231221","LINC01593"
149.307885711078,-3.89449839361469,0.160955475591934,-24.1961224325682,2.44396573110566e-129,4.41850559159518e-127,"ENSG00000231246","LINC02884"
2.49193550151222,-1.24641293571256,0.237563387972603,-5.24665415133875,1.5488625955908e-07,4.76687910032475e-07,"ENSG00000231252","LOC101926964"
1.02040098158457,-1.19777628922311,0.276125732051171,-4.33779307826748,1.43920552757591e-05,3.67667360702579e-05,"ENSG00000231253","LINC01640"
4.81393671067046,-1.61754090620991,0.143728749635901,-11.2541221593281,2.21015738357979e-29,2.25727222867848e-28,"ENSG00000231274","SBK3"
151.980502710033,-2.17612302196252,0.206126795101477,-10.5572059221665,4.70457096627371e-26,4.150939134331e-25,"ENSG00000231290","APCDD1L-DT"
4.25937238307402,-2.01865486833787,0.296856762614071,-6.80009729460745,1.04548519655712e-11,4.3868624774086e-11,"ENSG00000231291",NA
246.592431050616,-2.1990554337817,0.19428015044286,-11.3189918206722,1.05680262155929e-29,1.09805711556941e-28,"ENSG00000231367","LINC02613"
29.9383310636226,-1.08970965139327,0.136077079599778,-8.00803231961076,1.16558277028332e-15,6.20961531460845e-15,"ENSG00000231424",NA
4.94338800073078,-1.59227808062436,0.219910021683761,-7.24058898468082,4.46740361290832e-13,2.04934227397968e-12,"ENSG00000231426","FILNC1"
1.18931648853348,-1.10444233554846,0.18944639347312,-5.82984091330916,5.54802422486027e-09,1.92278530536064e-08,"ENSG00000231494","RPL21P35"
0.423670059013669,-2.57461390298535,0.391870202412101,-6.57006806625685,5.0292266847407e-11,2.01936180410599e-10,"ENSG00000231496",NA
5.03102182152858,-1.72298678493025,0.466937774049987,-3.68997087124889,0.000224279731473691,0.000502513301917624,"ENSG00000231532","LINC01249"
1.23165062151965,-1.52384828107048,0.154350476928462,-9.87265029169139,5.46998916365214e-23,4.19173353855684e-22,"ENSG00000231544",NA
0.381275970425799,-1.41412293268384,0.348190943030785,-4.06134323993262,4.87911749785159e-05,0.000117632105133892,"ENSG00000231576","MTCO2P20"
1.3077783096251,-1.27330259869598,0.316772284030241,-4.01961491862849,5.82933426366944e-05,0.000139356022440199,"ENSG00000231604",NA
6.23750933604175,-1.24856136453659,0.209820448788242,-5.95061812014653,2.67131702505764e-09,9.48793822155174e-09,"ENSG00000231625",NA
10.8328094987368,-3.21894601816826,0.164626115556019,-19.5530703454696,3.88425248048207e-85,2.46482829589266e-83,"ENSG00000231638","LUARIS"
2.09703287174108,-1.16038762817883,0.244044998362258,-4.75481012094484,1.98633015892463e-06,5.54058441511871e-06,"ENSG00000231645","KRT17P6"
2.07315640542915,-1.53018494434187,0.224922467798888,-6.80316626131839,1.02344416162633e-11,4.29588310701923e-11,"ENSG00000231682","LINC01891"
0.395634619425071,-2.30113929842172,0.670452147125225,-3.43222004476916,0.000598661608476471,0.0012747501183159,"ENSG00000231718","LINC02789"
1.61507362917516,-1.57510241524558,0.270748041753384,-5.81759485699364,5.9700384825166e-09,2.06292494552737e-08,"ENSG00000231738","TSPAN19"
4.04993219515108,-1.13698815560662,0.149048993163478,-7.62828471011249,2.37897716960958e-14,1.17441314988145e-13,"ENSG00000231741",NA
13.9311647517778,-1.01983122708078,0.161531391559132,-6.31351725034483,2.72763905343065e-10,1.04095258124791e-09,"ENSG00000231742","LINC01273"
2.67833199906762,-1.75268770814858,0.305426532284775,-5.73849198704978,9.55232821794242e-09,3.24852388502003e-08,"ENSG00000231749","ABCA9-AS1"
0.378141746777798,-1.50658431450066,0.331294512543384,-4.5475679718763,5.42693956652897e-06,1.45189119182713e-05,"ENSG00000231762",NA
47.4799804217027,-2.02118373909584,0.161262525648343,-12.5334992179357,4.89541036408787e-36,6.5660445280921e-35,"ENSG00000231768","LINC01354"
0.270849111332268,-1.0547940544053,0.377689053491534,-2.79275781136439,0.00522608037531304,0.00977747230479724,"ENSG00000231801",NA
0.531941376810996,-1.62204887780358,0.267629216380413,-6.06080643862877,1.35440744511553e-09,4.91364990879032e-09,"ENSG00000231802",NA
38.1181722350935,-1.71204838777223,0.360136559154871,-4.75388666951748,1.99542919574802e-06,5.56337364806144e-06,"ENSG00000231817","LINC01198"
1.5422875812085,-3.38607016242297,0.288738234479159,-11.7271277513037,9.25459792379042e-32,1.04572591162453e-30,"ENSG00000231824","AKAIN1"
1.67433823063068,-1.63283705218639,0.158900619389378,-10.2758381840237,9.05538407380112e-25,7.5503559167388e-24,"ENSG00000231861","OR5K2"
0.530889541680795,-1.9260024708227,0.257970063628389,-7.46599215324902,8.26742736214776e-14,3.95065275204966e-13,"ENSG00000231866","LOC100652967"
11.7824584470537,-1.35962724003049,0.277332944770422,-4.90250893616695,9.46203093021606e-07,2.71908530390266e-06,"ENSG00000231870","KRT17P3"
1.90585604008601,-1.80578829255195,0.199844279542109,-9.03597689505773,1.62544027777268e-19,1.04712711722588e-18,"ENSG00000231916",NA
0.609854700379817,-2.15787725943893,0.373088944469063,-5.78381453385003,7.30254521311863e-09,2.50709380982095e-08,"ENSG00000231918","NRXN1-DT"
1.03254124131163,-1.42755289405878,0.443545011289526,-3.21850738419632,0.00128859652868852,0.00262496958584408,"ENSG00000231924","PSG1"
4.02094152016022,-3.58355143610623,0.182107746171033,-19.6781933303409,3.31614583189652e-86,2.15571976670505e-84,"ENSG00000231943","PGM5P4-AS1"
4.93354661077561,-1.3921182537998,0.11586092277852,-12.0154252220222,2.9484901796849e-33,3.54218065468163e-32,"ENSG00000231948","HS1BP3-IT1"
1.22549751956485,-1.40079477715919,0.186933236598686,-7.49355653733454,6.70319390737684e-14,3.22019472678657e-13,"ENSG00000231956",NA
2.45815854019101,-1.56812805044714,0.151918692048278,-10.322153444744,5.59538869503957e-25,4.70059744659558e-24,"ENSG00000231995","RPL7AP76"
95.5644365147727,-1.43467721538498,0.11215293378133,-12.7921505663172,1.8138414445508e-37,2.5817333217002e-36,"ENSG00000231999","LRRC8C-DT"
2.01478604508883,-2.25324599981424,0.265130659917786,-8.498624793198,1.91849926930525e-17,1.11358492842761e-16,"ENSG00000232057",NA
25.5733315877729,-1.16656804176425,0.0982325338850217,-11.8755772209814,1.58535964296905e-32,1.84490115362271e-31,"ENSG00000232063",NA
7.37089782999475,-1.46601144872003,0.117136723448792,-12.5153871950406,6.15072133596944e-36,8.21296151634046e-35,"ENSG00000232075","MRPL35P2"
46.9534100038962,-4.22596277955553,0.21420842816334,-19.7282750066823,1.23306550112837e-86,8.12602037951307e-85,"ENSG00000232079","LINC01697"
3.14725008275972,-1.41998417560685,0.183797410292301,-7.72581166050482,1.11142856122739e-14,5.6033402471224e-14,"ENSG00000232110","LOC124902477"
0.561083171340099,-1.25516052350853,0.259353434968703,-4.839575476068,1.30116769870709e-06,3.6945975490462e-06,"ENSG00000232175",NA
0.358340181020337,-1.09225675411374,0.404942548656549,-2.69731288484613,0.00699015569649486,0.0128402100843137,"ENSG00000232215","OR2L6P"
45.1384639904675,-1.70259563549145,0.115229211061267,-14.7757293468423,2.10070778430327e-49,4.55819338523413e-48,"ENSG00000232284","GNG12-AS1"
0.584097357027654,-2.13021937417193,0.48683127693653,-4.37568306534598,1.210527965767e-05,3.1199308644842e-05,"ENSG00000232286",NA
5.63389892091329,-1.72079324888386,0.225518500514518,-7.63038617655708,2.34051534309965e-14,1.15614073706469e-13,"ENSG00000232316","LINC02518"
1.93252934412599,-2.98651157641033,0.206247671312309,-14.4802196185188,1.61580080499779e-47,3.2594954344187e-46,"ENSG00000232328",NA
0.372054962940101,-1.11151974645683,0.478232400409805,-2.32422509538114,0.020113432966033,0.0343125827304744,"ENSG00000232337","LOC100131736"
1.39297162676031,-1.21903321420439,0.229383592528224,-5.31438713976194,1.07016883880889e-07,3.33887659985244e-07,"ENSG00000232377","QTMAN-AS1"
0.564294904800329,-3.32152445000446,0.314973802402121,-10.5453990924741,5.33458851152764e-26,4.69816425711928e-25,"ENSG00000232444",NA
0.730590784596327,-2.90383873481127,0.343102378622084,-8.4634759644431,2.59523918008261e-17,1.49498508017023e-16,"ENSG00000232451","LOC107985792"
0.803096643073424,-1.69429689300575,0.328860847477075,-5.15201765732803,2.57698765264881e-07,7.78360096068621e-07,"ENSG00000232492",NA
0.598256617094522,-1.02638641398241,0.296584679548347,-3.4606858841982,0.00053880110645293,0.00115462544215055,"ENSG00000232524",NA
13.6649378707761,-1.29709483757968,0.133977768826137,-9.68141840951923,3.61663029916763e-22,2.6543008215858e-21,"ENSG00000232527","LINC02802"
12.0551968705452,-2.80308263525988,0.177265936441346,-15.8128667669175,2.53656845538789e-56,6.7778580422551e-55,"ENSG00000232528",NA
0.851061645917299,-1.70944012830476,0.343410082365647,-4.97783907953125,6.42980772279413e-07,1.87539320588742e-06,"ENSG00000232599",NA
1.32591075382401,-2.32294386046358,0.177963104609394,-13.0529519900327,6.11319536791503e-39,9.13832106323898e-38,"ENSG00000232606",NA
37.0355644254311,-1.35239980968514,0.0956254384910318,-14.1426782561836,2.07244285812349e-45,3.9245350724386e-44,"ENSG00000232653","GOLGA8N"
0.592632071443088,-1.88001062668152,0.262516960928036,-7.16148251920715,7.98091929457045e-13,3.60722493776293e-12,"ENSG00000232655","LINC01656"
0.348209812235911,-1.5690532907731,0.5113477975575,-3.06846592137059,0.00215160867281464,0.00425174557700761,"ENSG00000232667","LOC101927269"
0.394828475437395,-2.12931079583507,0.253802693848608,-8.38963039968833,4.87672891652789e-17,2.77454081927148e-16,"ENSG00000232690",NA
16.00682102857,-1.04884585763239,0.166405276525936,-6.30296033592971,2.92013640985181e-10,1.11167052360747e-09,"ENSG00000232692",NA
7.53084750623617,-1.55072902418193,0.128727480632476,-12.0466043191613,2.02105595983628e-33,2.44950141755012e-32,"ENSG00000232709",NA
12.5022796088652,-1.26815452370636,0.226800101560125,-5.59150774176427,2.25106255400986e-08,7.43679540495191e-08,"ENSG00000232721",NA
11.9788346153964,-1.75091844633675,0.091974428209555,-19.0370136615305,8.41933538599396e-81,4.71778196892363e-79,"ENSG00000232742",NA
0.712154521774331,-2.38029367421542,0.524137792423157,-4.54135097416085,5.58948897551903e-06,1.49346058121196e-05,"ENSG00000232746","LINC02022"
9.69986942478171,-1.53827824997657,0.141098674908139,-10.9021452609534,1.12571397013571e-27,1.06734526636061e-26,"ENSG00000232759","STEAP1B-AS1"
1.2317393214311,-1.83168900494289,0.232401210790063,-7.88158116180182,3.23264032264522e-15,1.67959871877164e-14,"ENSG00000232780","GAPDHP74"
4.13018493802324,-1.80529108514973,0.146029651250098,-12.3624967237503,4.170005758299e-35,5.40397554449837e-34,"ENSG00000232814","COL4A2-AS1"
12.7913583252065,-3.33425131809923,0.174876513764302,-19.0663185486023,4.80998588572237e-81,2.72395299982221e-79,"ENSG00000232821",NA
18.0192033821571,-1.45280464628443,0.109282269469173,-13.2940563308327,2.50615088911817e-40,3.92384604894286e-39,"ENSG00000232871",NA
0.298684027857838,-1.66952088575935,0.385616946100805,-4.32948007768028,1.49461790228497e-05,3.81172914396215e-05,"ENSG00000232887",NA
2.18237797383712,-1.29345011315924,0.266207337819786,-4.85880713789664,1.18095099842871e-06,3.36801966395139e-06,"ENSG00000232891",NA
0.624477795229708,-3.67626558058352,0.333619661435323,-11.0193313090938,3.08341094810848e-28,2.9964750207683e-27,"ENSG00000232930","LOC105375233"
8.54833481642927,-1.72419796958048,0.144636461601107,-11.9209081202197,9.20991359969261e-33,1.08122264288477e-31,"ENSG00000232949",NA
0.875691924460357,-1.52062599660665,0.313604220203958,-4.84886968554722,1.2416695361976e-06,3.53172568743928e-06,"ENSG00000232987",NA
1.28719022376589,-1.51781262192631,0.262388411218518,-5.78460235677967,7.26840555404139e-09,2.49555188543875e-08,"ENSG00000233005",NA
0.406434810052206,-2.42366654890156,0.243043984307165,-9.97213140580542,2.01849902138757e-23,1.58068467006667e-22,"ENSG00000233055",NA
0.537392795238709,-1.44613855395007,0.351266360489252,-4.11692868037764,3.83954823177638e-05,9.37243367730199e-05,"ENSG00000233079","LINC01755"
191.593138531439,-1.56287719862366,0.112693814782708,-13.8683493999839,9.85178366686632e-44,1.74362377347457e-42,"ENSG00000233117",NA
3.58269229964995,-1.35598170972937,0.142967760077041,-9.48452790334457,2.43482700156048e-21,1.71927135806577e-20,"ENSG00000233121","VN1R20P"
1.4305646956521,-1.81651665981251,0.177238884311018,-10.2489736768196,1.1960675662982e-24,9.92613842046539e-24,"ENSG00000233153","UBE2E2-DT"
0.266268887234785,-1.01444729869422,0.384067721375103,-2.64132402239409,0.0082582696436717,0.0150027945786558,"ENSG00000233176","OR7E157P"
0.63430667560237,-1.15756642976753,0.229475060619929,-5.04441060671411,4.54921451972078e-07,1.34488996445651e-06,"ENSG00000233200",NA
0.421461416450656,-1.73412942491476,0.356927562148295,-4.85849121451223,1.18283656405225e-06,3.37259416674066e-06,"ENSG00000233213",NA
122.405137962334,-1.19939935156731,0.180530489343343,-6.64374951804528,3.05802095889967e-11,1.24382192156281e-10,"ENSG00000233251","LOC100129434"
2.41662257755366,-1.21706287197459,0.177409777745115,-6.86017922711758,6.87742074916819e-12,2.92570996526447e-11,"ENSG00000233261",NA
1.99060676029454,-2.25668532415462,0.31984903762305,-7.05547010841465,1.72018159697044e-12,7.61486246088864e-12,"ENSG00000233290",NA
2.46839763023982,-1.35541743433124,0.191634398045616,-7.07293392081209,1.51691732887221e-12,6.73919781400848e-12,"ENSG00000233295","FAM90A20"
0.46376201785716,-1.03297766660492,0.285448580205402,-3.6187871940425,0.000295986902959496,0.000654183351976264,"ENSG00000233300","EIF4A1P1"
0.44614482699053,-1.71235063917748,0.249121781666765,-6.87354846180407,6.26242209499915e-12,2.67027983776619e-11,"ENSG00000233307",NA
13.7326536089361,-1.63700672671343,0.250104542195622,-6.54528987095735,5.93800958490273e-11,2.37015778732559e-10,"ENSG00000233332","LOC124904553"
0.2742070912794,-2.25340774583842,0.436968199415216,-5.15691473396486,2.51052053272627e-07,7.58810413998586e-07,"ENSG00000233333",NA
0.501642040936582,-2.20267237801781,0.461335155801005,-4.77455999249258,1.80100590235796e-06,5.0462712896643e-06,"ENSG00000233377",NA
3.30929494760222,-1.07077307999444,0.155322603050694,-6.89386514881521,5.42964978770445e-12,2.3255365754418e-11,"ENSG00000233416","RPS25P3"
40.6121092564779,-1.3689462661053,0.126276809650717,-10.8408366499899,2.20445709660261e-27,2.06481993153922e-26,"ENSG00000233429","HOTAIRM1"
1.83912266737343,-1.78685102403342,0.194719216260371,-9.17655205454461,4.45115424295913e-20,2.95612419989149e-19,"ENSG00000233473",NA
0.494356172203217,-1.1950249638218,0.2408764819285,-4.96115251374572,7.0076141478612e-07,2.03685490398611e-06,"ENSG00000233485","FHAD1-AS1"
59.8975534111512,-1.67607858716989,0.0847016975653574,-19.7880164783781,3.77612892338001e-87,2.53736797642547e-85,"ENSG00000233554","B4GALT1-AS1"
3.3454262730059,-1.32343777086113,0.297136923648518,-4.45396605245405,8.42984348293905e-06,2.20828804892345e-05,"ENSG00000233569","LOC101928797"
1.4129162766072,-2.90023217177111,0.25321901154296,-11.4534534911059,2.25960218198201e-30,2.40893503646547e-29,"ENSG00000233574",NA
0.566737077780344,-1.06084978193469,0.260018966628973,-4.07989384654557,4.50562714458366e-05,0.000109077613186965,"ENSG00000233576",NA
322.245111898566,-2.2867863247556,0.125485000871654,-18.2235829690477,3.35453136665574e-74,1.55883218017921e-72,"ENSG00000233608","TWIST2"
5.92727225586757,-1.64799198835831,0.313880787423573,-5.25037547498693,1.51789488188159e-07,4.67607663264834e-07,"ENSG00000233639","LINC01114"
1.83570206306756,-1.19570611263804,0.207669333430053,-5.75774040821864,8.52473137984936e-09,2.91187708832584e-08,"ENSG00000233643",NA
0.92734169748355,-1.76856232955497,0.305196679289519,-5.79482821920633,6.83911470530345e-09,2.35254153885043e-08,"ENSG00000233644",NA
2.89858815532971,-1.00859704534514,0.313032536829998,-3.22201984355667,0.00127290318997975,0.00259587076286256,"ENSG00000233670","PIRT"
1.30432302097869,-1.26372498978861,0.225104088275429,-5.61395841128555,1.97749762041557e-08,6.5606198320137e-08,"ENSG00000233677",NA
0.532888630188261,-2.19144818527445,0.378558944723161,-5.78892195210723,7.08396017913914e-09,2.43501601508506e-08,"ENSG00000233681","CEACAMP1"
0.336863114835751,-1.15979119483806,0.290879529804788,-3.98718739547057,6.68612141932894e-05,0.000158776742106592,"ENSG00000233688","ZNF622P1"
36.2668488962257,-1.1775237084698,0.225831161890869,-5.21417725795889,1.84634853290287e-07,5.64508986671196e-07,"ENSG00000233705",NA
1.45305372563225,-2.31950233702683,0.25698056213336,-9.02598359102011,1.78088245299993e-19,1.1455703319445e-18,"ENSG00000233754",NA
27.3757259360638,-1.84761038585107,0.189307508379796,-9.75983679497974,1.6742443355771e-22,1.24767531680664e-21,"ENSG00000233760","LINC03095"
0.316430323604055,-1.26459709896015,0.398529280978686,-3.17315981363936,0.00150789497178088,0.00304605338356546,"ENSG00000233764","MTCO1P20"
5.15257689012476,-3.04779339468756,0.282081768889927,-10.8046450739497,3.27220000245008e-27,3.03761096914132e-26,"ENSG00000233766",NA
3.37311831708527,-1.63358504198767,0.136657458133694,-11.9538667285141,6.19732217343172e-33,7.33663714675349e-32,"ENSG00000233817",NA
7.18518762612115,-1.49625515313071,0.151343571697997,-9.88647972519409,4.76489433240736e-23,3.66489143467068e-22,"ENSG00000233858",NA
4.82871280631804,-1.61481421002437,0.163912739393701,-9.85166995559606,6.74144150459933e-23,5.14221401823522e-22,"ENSG00000233926","TLE1-DT"
6.00899054805771,-1.10258098207401,0.24026800522017,-4.58896298349696,4.45453403709355e-06,1.2020091563906e-05,"ENSG00000233928",NA
0.328771302041214,-1.33752509300852,0.323261179849127,-4.13759887170112,3.5095923250369e-05,8.60074518120296e-05,"ENSG00000233941",NA
1.19621144956877,-1.11482452184778,0.211507760797221,-5.27084451958525,1.35797469445187e-07,4.20559583782735e-07,"ENSG00000233952",NA
0.374669497939446,-1.83022507102902,0.353764253133853,-5.17357266828348,2.2965974386557e-07,6.97009902989958e-07,"ENSG00000233969",NA
0.266169262103948,-1.7911166226745,0.463897526589639,-3.86101783262774,0.000112915661006541,0.000261785111000406,"ENSG00000233978",NA
0.33692982084444,-1.22656398695725,0.3697229487595,-3.31752192032613,0.000908197889177961,0.00188869523702214,"ENSG00000233995",NA
6.97997293459848,-1.41825075362457,0.112622805706075,-12.5929268475689,2.30948362940218e-36,3.13804199332554e-35,"ENSG00000234043",NA
19.7774569358291,-1.54697602062826,0.135953447555085,-11.3787185867535,5.33782643679284e-30,5.61561845820697e-29,"ENSG00000234076",NA
15.1174589062877,-1.20257479090369,0.0943921611786916,-12.7401976592858,3.53498092778791e-37,4.96951104020888e-36,"ENSG00000234175",NA
0.306364497891198,-1.646744945023,0.408694810351063,-4.02927784575603,5.59484600706998e-05,0.000134037939893351,"ENSG00000234186","C16orf82"
1.94052997479334,-1.19917920334705,0.284736769425221,-4.21153616994303,2.53639931075302e-05,6.31332559113556e-05,"ENSG00000234206",NA
7.12155278604934,-2.79225054824714,0.221507074248047,-12.6056946836846,1.9643414215264e-36,2.68506697590099e-35,"ENSG00000234235","LOC105373974"
0.62630284757766,-2.36598353910447,0.287098525057451,-8.24101600184474,1.70754387580468e-16,9.47076025582336e-16,"ENSG00000234282",NA
4.72635909909431,-1.79282397325042,0.119151228177029,-15.0466260455724,3.63295995212112e-51,8.3479669691186e-50,"ENSG00000234336",NA
7.52956301180666,-1.26376248231833,0.133547937173538,-9.4629876661902,2.9926770398395e-21,2.10264198531618e-20,"ENSG00000234383",NA
2.51131621051562,-1.81251754951867,0.18916932002993,-9.58145617498597,9.56861985015861e-22,6.89061441486697e-21,"ENSG00000234418",NA
2.21651399265567,-1.39908862639762,0.165166163641405,-8.47079447480054,2.43724939541621e-17,1.40685082571555e-16,"ENSG00000234438","KBTBD13"
833.348267878242,-2.21884562374616,0.0946828168608061,-23.4345121671665,1.90180252810747e-121,2.8743015495782e-119,"ENSG00000234456","MAGI2-AS3"
0.600584506463327,-2.35614010006289,0.190935906111654,-12.3399529614146,5.51881155316688e-35,7.1249329429325e-34,"ENSG00000234457",NA
97.5484059112665,-1.00310211910938,0.0885432392223034,-11.3289521359267,9.43264317327832e-30,9.82643910484376e-29,"ENSG00000234465","PINLYP"
1.27064998263147,-3.47502235028133,0.315892171561009,-11.0006599185703,3.79345544270181e-28,3.67308913217146e-27,"ENSG00000234471",NA
0.212086088064222,-1.15047327019396,0.480363053748699,-2.39500782005568,0.0166200107997164,0.0287751054283902,"ENSG00000234479",NA
2.75557366484733,-1.10572493606883,0.144465654368416,-7.6538949060447,1.94981644215149e-14,9.68038401486818e-14,"ENSG00000234506","LINC01506"
0.585445418741822,-2.1629147420189,0.249470874697347,-8.6700090527317,4.32086031775709e-18,2.59414057423236e-17,"ENSG00000234577","SYNE1-AS1"
0.300645589606651,-1.5122633183936,0.536611157735941,-2.81817345128288,0.004829771117762,0.00907749143823222,"ENSG00000234638",NA
0.256248231864955,-1.32727175432269,0.50755887111982,-2.6150104546382,0.00892247243616294,0.0161287222463238,"ENSG00000234639","LOC100128052"
160.496709731435,-1.23875934696285,0.119555371271198,-10.3613859736412,3.71538855519131e-25,3.15376028584546e-24,"ENSG00000234648",NA
1.61413951290279,-2.50738464005897,0.25543450917806,-9.81615463050491,9.5933369287111e-23,7.26207571898481e-22,"ENSG00000234661","CHL1-AS1"
1.69212684129617,-4.61156694420539,0.338400081786996,-13.6275585982515,2.74614379909704e-42,4.62290054162823e-41,"ENSG00000234688",NA
0.375036204868118,-1.25488256068976,0.357190373374428,-3.51320375416255,0.000442737820005316,0.000957200765182972,"ENSG00000234736","FAM170B-AS1"
3.33835009107979,-1.96405236005284,0.177674546763444,-11.0542134246599,2.09162193445778e-28,2.0477883120333e-27,"ENSG00000234754","LINC02817"
0.721989511733191,-1.68121405538314,0.250570415810099,-6.70954729411188,1.95229137649814e-11,8.04872901196332e-11,"ENSG00000234756","LINC02621"
14.2616458860506,-2.32986268305607,0.222742341960314,-10.4599002710997,1.31994521714774e-25,1.14417541801245e-24,"ENSG00000234810",NA
45.451607964285,-1.52962093470581,0.200048627196894,-7.64624559607854,2.06932263672258e-14,1.02588211429407e-13,"ENSG00000234840","LINC01239"
1.98940718091574,-1.54179612642863,0.238107846249614,-6.47520084160658,9.46859101775253e-11,3.72538552730988e-10,"ENSG00000234842","MTCO2P16"
4.93950042315378,-2.62344462948044,0.171496695144723,-15.297348017503,7.96360898764985e-53,1.92695205352679e-51,"ENSG00000234884","GRK3-AS1"
122.054203665002,-1.26097167483634,0.164157567659276,-7.6814714838709,1.57271491571935e-14,7.85292043899054e-14,"ENSG00000234899","SOX9-AS1"
1.90818802506018,-2.02508220389654,0.22975908612,-8.81393740763256,1.20825532509699e-18,7.45013032501891e-18,"ENSG00000234944","LINC02623"
11.233768314202,-1.68336645070942,0.19578216800377,-8.59816023018503,8.10041518668102e-18,4.78828984076357e-17,"ENSG00000234948","LINC01524"
3.21863608454073,-1.01783771100641,0.179808784105334,-5.66066733653092,1.50785474786723e-08,5.05431476739095e-08,"ENSG00000234998",NA
3.15708969678116,-2.1496209538603,0.367030065111835,-5.85679800701152,4.71876472600649e-09,1.64335260611304e-08,"ENSG00000235009","LINC01883"
24.3810770777053,-2.06013845274046,0.137036365298618,-15.0335164556589,4.42858889144797e-51,1.01518513774771e-49,"ENSG00000235033","DAAM2-AS1"
0.45544799083406,-1.76460514904846,0.405650517858254,-4.35006260651457,1.3609866939277e-05,3.48633227322226e-05,"ENSG00000235050",NA
1.19986470632577,-1.38421992571871,0.426409339226395,-3.24622328448528,0.00116947076843109,0.00239666971150369,"ENSG00000235054","LINC01777"
445.360283395722,-1.17684720986431,0.11901416433108,-9.88829536785627,4.67927575219364e-23,3.60135102470036e-22,"ENSG00000235098","ANKRD65"
1.88628706057127,-1.809673741206,0.187392321105981,-9.65713926016488,4.58488265497055e-22,3.35207886463664e-21,"ENSG00000235128",NA
9.44720335199132,-2.10984515475282,0.108751729859468,-19.4005663862011,7.63258582646856e-84,4.68816906341165e-82,"ENSG00000235172","LINC01366"
2.28788570708487,-2.47726124509255,0.287986104924668,-8.60201656514142,7.83274848769892e-18,4.6323537840471e-17,"ENSG00000235263",NA
1.41798759779148,-1.03230655106839,0.148963606484047,-6.92992453280154,4.21065182918432e-12,1.81757211583225e-11,"ENSG00000235264","RPL5P28"
3.75577904139074,-1.42499814016256,0.217117827284561,-6.56324797454297,5.26481843687923e-11,2.11112697782795e-10,"ENSG00000235268","KDM4E"
3.82247352847958,-5.10918415136377,0.351552157620062,-14.5332180179235,7.46304459436997e-48,1.52410258532082e-46,"ENSG00000235310","GXYLT1P6"
10.7245672579507,-1.0847768726921,0.165084769286535,-6.57102940132088,4.99685905977715e-11,2.00670173976466e-10,"ENSG00000235366",NA
11.3528864097066,-1.16907650909118,0.146617088805528,-7.97367154548976,1.54028562137245e-15,8.14965037216498e-15,"ENSG00000235370",NA
119.844112896132,-1.78038252812923,0.157764213772353,-11.2850847829042,1.55491587498459e-29,1.60034413685309e-28,"ENSG00000235387","SPAAR"
0.51259917867997,-1.84891017214335,0.462392154642462,-3.9985760000037,6.37247195936973e-05,0.000151561324252087,"ENSG00000235410",NA
1.74947694886077,-2.80299314066377,0.317211501936452,-8.83635405258823,9.88930312346881e-19,6.12615092636916e-18,"ENSG00000235427",NA
1.09959769365633,-4.15920382096398,0.27593878440833,-15.0729221696116,2.44074420275597e-51,5.62733660991523e-50,"ENSG00000235434","RNF186-AS1"
1.1725325431034,-1.26471570008569,0.215127138553858,-5.87892215081484,4.12946510330414e-09,1.44421251988686e-08,"ENSG00000235450",NA
0.236465522769357,-1.37447549125623,0.553404083921604,-2.48367428284274,0.0130034686245443,0.0229295613471445,"ENSG00000235483",NA
0.296593345480736,-1.36785144426807,0.371135870522822,-3.68558135418484,0.000228181176194494,0.000510896352531929,"ENSG00000235497",NA
144.940130151632,-1.67329521953171,0.0974778885512215,-17.1658952035307,4.78055098388674e-66,1.71178025140519e-64,"ENSG00000235505",NA
0.448176722297417,-1.5181961735167,0.324165444605226,-4.68339916787116,2.82156282917676e-06,7.75610047311141e-06,"ENSG00000235510",NA
1.77794168159833,-1.14744078465727,0.19401096102999,-5.91430906050664,3.33271592563868e-09,1.17477736225868e-08,"ENSG00000235563",NA
8.75574314908953,-1.62499759499195,0.202707541724029,-8.01646342889531,1.08833310663067e-15,5.80775664275732e-15,"ENSG00000235641","LINC00484"
0.378842553850428,-1.48089648481017,0.302936117142309,-4.88847780442929,1.01618652114744e-06,2.9126829930107e-06,"ENSG00000235659","LOC102723678"
0.731097145345398,-1.57116326142675,0.445643880659963,-3.5256026832456,0.00042252034243902,0.000916012018926352,"ENSG00000235730","OR2AF1P"
5.12475325432279,-1.13365246532863,0.124255727614446,-9.12354293112544,7.27076844320389e-20,4.76528749813814e-19,"ENSG00000235781","LINC02569"
4.45277410948334,-1.84004489049455,0.211662953215167,-8.69327798060173,3.52129409582861e-18,2.12207798907105e-17,"ENSG00000235782",NA
1.36384714189207,-4.96610721216501,0.423907577936591,-11.7150706206716,1.06702290987838e-31,1.20143519652815e-30,"ENSG00000235832",NA
3.29712399453727,-1.61382826120473,0.236904957888191,-6.81213375857836,9.61616312632561e-12,4.04699908101072e-11,"ENSG00000235840",NA
2.01892994487733,-3.10857866262281,0.161947614246601,-19.1949642301572,4.07763223818176e-82,2.36226554451376e-80,"ENSG00000235875","ARHGEF7-AS2"
0.77011974448846,-1.02763430146647,0.273197215087206,-3.76151089658233,0.00016889006216958,0.000383702716167705,"ENSG00000235876",NA
0.133311253099226,-1.52084215627409,0.620293625406125,-2.45181006862411,0.0142139665644703,0.0248963966696074,"ENSG00000235887",NA
18.6564297979988,-1.24487872561847,0.121841400550124,-10.2172063026011,1.6605772493108e-24,1.36815573541669e-23,"ENSG00000235888",NA
2.38324545388062,-1.04171081214885,0.265246450259092,-3.92733177439814,8.58934586126501e-05,0.000201614600075061,"ENSG00000235899","LINC01564"
19.8558408822237,-2.82128594538248,0.146596733522938,-19.245216981189,1.54813879098003e-82,9.07849809985965e-81,"ENSG00000235904","RBMS3-AS3"
1.014270735857,-1.50135355441687,0.22944574346676,-6.5433924889279,6.0138722950815e-11,2.39863987393735e-10,"ENSG00000235933",NA
1.39448794072929,-1.25993483377363,0.208273186542656,-6.04943370142171,1.45355866548443e-09,5.26101047543695e-09,"ENSG00000235963","MCCD1P1"
5.02231335510396,-3.56902053641661,0.228849280357574,-15.5955069242082,7.810099602606e-55,2.0020431886616e-53,"ENSG00000236036","LINC00445"
0.614711952250137,-1.57627880939251,0.307988237872764,-5.11798379145799,3.08819134661191e-07,9.26283399587908e-07,"ENSG00000236062",NA
0.186511926287997,-1.94782610296693,0.675410125738471,-2.8839160515061,0.00392763440360929,0.00747222190671965,"ENSG00000236077","SLC6A14P1"
0.514656564012731,-1.50937421944363,0.343566784143585,-4.3932483846076,1.11669417896768e-05,2.89068608787235e-05,"ENSG00000236094",NA
2.37829279210067,-2.05556666670174,0.204097318735111,-10.071502553003,7.38412587951449e-24,5.89917410184324e-23,"ENSG00000236136",NA
1.5046169366683,-1.07091327579163,0.204281576179497,-5.24233900981185,1.58553713601631e-07,4.87380239872586e-07,"ENSG00000236153",NA
5.22637245837693,-1.84299204621157,0.15639017614296,-11.7845768299848,4.68768590564091e-32,5.36263208546457e-31,"ENSG00000236166",NA
24.6036768181158,-1.91072451618931,0.123899195628696,-15.4216054954498,1.17155229856587e-53,2.8962368743184e-52,"ENSG00000236304","LRRC32-AS1"
2.68796282004458,-3.52153154838288,0.189381887246015,-18.5948698663471,3.53569866250061e-77,1.79254309968682e-75,"ENSG00000236319","LOC100418888"
0.597489110925574,-1.23176981027702,0.34568327604847,-3.56329014338638,0.000366235496839508,0.000800873734701758,"ENSG00000236332",NA
247.076887952511,-5.52907168652757,0.243921364963898,-22.6674350044979,9.39087280123587e-114,1.18399135765055e-111,"ENSG00000236333",NA
4.45075239072837,-1.05417163191402,0.233509397015399,-4.51447198865619,6.34747107567178e-06,1.68564569167693e-05,"ENSG00000236360",NA
0.899929263414312,-3.43505340514152,0.211111320461228,-16.2712894677403,1.57799401522626e-59,4.6267866137999e-58,"ENSG00000236403","LOC105376314"
64.5431060180154,-1.90201437423502,0.153451228958977,-12.3949113157217,2.78453616397512e-35,3.63804547630346e-34,"ENSG00000236404","VLDLR-AS1"
9.90151963868972,-1.50915572758795,0.112598810560994,-13.402945555721,5.81102443177478e-41,9.30501940261797e-40,"ENSG00000236411",NA
0.446531106714949,-1.10146707599463,0.290305106061233,-3.794170522658,0.000148137844623573,0.000338594730018385,"ENSG00000236425","RPL31P64"
13.0136313512808,-1.69865616925045,0.0786045855184587,-21.6101409103106,1.44207847885463e-103,1.44237953907986e-101,"ENSG00000236444","UBE2L5"
2.67017984236812,-2.48004391212882,0.180163817617053,-13.7654937874389,4.11065980464724e-43,7.13815553608733e-42,"ENSG00000236466","RCAN2-DT"
24.7714125104571,-1.20251336821698,0.124669934436006,-9.64557632645777,5.13220885715667e-22,3.74195900694531e-21,"ENSG00000236501",NA
2.45576318508204,-1.62597254320977,0.231137229574409,-7.03466311421858,1.9974301149581e-12,8.80538064111543e-12,"ENSG00000236536",NA
39.323103514672,-1.1507795788816,0.133960611907661,-8.59043238526587,8.66426455279283e-18,5.11024147143056e-17,"ENSG00000236548","RNF217-AS1"
0.78608570499766,-1.33642118944238,0.266965302526974,-5.00597334856782,5.55804475682752e-07,1.62995607700071e-06,"ENSG00000236665",NA
18.3339028394131,-1.1058072027846,0.174038547691367,-6.35380619669153,2.10051448799559e-10,8.0689263245565e-10,"ENSG00000236700","LINC01010"
4.10092863340959,-1.88416773914405,0.193714137122241,-9.72653708776589,2.3236900397782e-22,1.72041399792573e-21,"ENSG00000236708","SDK1-AS1"
2.45257288797126,-1.66299403158691,0.177158584409356,-9.38703612433634,6.17123548387357e-21,4.2818811300852e-20,"ENSG00000236711",NA
8.30291570439647,-1.61193985274839,0.181968947314966,-8.85832377739878,8.1226512855898e-19,5.04742182999491e-18,"ENSG00000236714",NA
3.21907929982377,-1.32861925200251,0.235572908572651,-5.63994926264097,1.70100278784298e-08,5.67870138426294e-08,"ENSG00000236719","OVAAL"
9.64069435035077,-2.86255223740965,0.234304101251182,-12.2172519478901,2.51441253752232e-34,3.16099461224598e-33,"ENSG00000236751",NA
0.573405160918269,-1.661039507013,0.337004037070261,-4.92884156953495,8.2718616577837e-07,2.39083549725155e-06,"ENSG00000236758","MTUS2-AS2"
9.37461756379071,-1.35544774445185,0.285232853013522,-4.75207441965878,2.01340235011391e-06,5.6105453727655e-06,"ENSG00000236816",NA
2.67699521330457,-2.96268472774153,0.190850412094577,-15.5235961778974,2.40203387934265e-54,6.06010759132736e-53,"ENSG00000236849","LINC01474"
0.392992195071943,-1.46691032700874,0.471388989789892,-3.11188924387601,0.00185894227646654,0.00370643491054608,"ENSG00000236856",NA
0.822654028211264,-1.80970494925599,0.269811466497745,-6.70729444062048,1.9826595865699e-11,8.16549650069319e-11,"ENSG00000236894",NA
44.6139905346921,-1.21370946243147,0.0808587949915999,-15.0102343543155,6.29249883241758e-51,1.4362726015299e-49,"ENSG00000236914","LINC01852"
3.64631682425023,-2.34647181952232,0.168655390022803,-13.9128184353021,5.29510404120618e-44,9.47305581083601e-43,"ENSG00000236915","CLCA4-AS1"
0.984616596233749,-4.24917198139481,0.345493991012651,-12.2988303470645,9.1895187366863e-35,1.17562040767594e-33,"ENSG00000236961",NA
0.550765828520138,-1.70811897801356,0.35843411696643,-4.76550333006816,1.88382785790563e-06,5.2672420584919e-06,"ENSG00000236965","OR52N3P"
0.620023433427593,-1.12980966325153,0.297272037415166,-3.80059178480234,0.000144350936593315,0.000330396205435969,"ENSG00000236969",NA
27.3630503156522,-1.34956682209943,0.176659655239098,-7.63936066937794,2.18302997784071e-14,1.08091118477003e-13,"ENSG00000236975","LINC02815"
0.910905919666126,-1.2541167177537,0.307154498718492,-4.08301595121059,4.44549703108436e-05,0.00010768720940401,"ENSG00000236989",NA
2.77053844359037,-1.24710991464241,0.180891217269237,-6.89425353794939,5.41483752465841e-12,2.31939978369588e-11,"ENSG00000236998",NA
0.430316894492253,-1.01622381960985,0.425263882876304,-2.38963114557613,0.0168653013477323,0.0291713270359888,"ENSG00000237092",NA
104.395274720426,-1.78385000010837,0.122639476450163,-14.5454795775589,6.23920531786375e-48,1.28127015335985e-46,"ENSG00000237125","HAND2-AS1"
2.24688827849889,-1.56025460696939,0.144862735103171,-10.7705726103969,4.74043710697285e-27,4.36590430209668e-26,"ENSG00000237154",NA
6.62514194362522,-2.92760981367682,0.267451681961373,-10.9463129646709,6.92076584357976e-28,6.6222067418795e-27,"ENSG00000237159","CNTFR-AS1"
2.53935384720528,-1.01302362981518,0.189765770774709,-5.33828427371052,9.38302614684868e-08,2.94067366190567e-07,"ENSG00000237161",NA
1.44008090214952,-1.37480160050078,0.371242792878351,-3.7032411857522,0.000212862333426589,0.00047804970676735,"ENSG00000237164",NA
1.66795790339519,-1.03500140826103,0.149108110778594,-6.94128175091609,3.8855817046349e-12,1.68164606566448e-11,"ENSG00000237176","LOC100996696"
1.15080055871908,-1.38290584378807,0.329498084241226,-4.1970072359378,2.70465295223923e-05,6.71259443337035e-05,"ENSG00000237179","LINC01797"
1.5469711858996,-1.01226468222251,0.26416169353469,-3.83198891814184,0.000127111466301843,0.000292967256002371,"ENSG00000237212",NA
32.3225348372039,-1.11762712863854,0.331382090912863,-3.37262380583028,0.000744556045375733,0.00156578351917968,"ENSG00000237223",NA
14.1544216059416,-1.79561464332108,0.183502837374137,-9.78521459948907,1.30318537664954e-22,9.78921470606451e-22,"ENSG00000237234",NA
28.7940563605314,-2.72359215109939,0.152142033054496,-17.9016416201289,1.14496610065718e-71,4.89342782180957e-70,"ENSG00000237238","BMS1P10"
59.6548093513238,-1.25821379465183,0.129094234051113,-9.74647554091108,1.90983884342861e-22,1.41993139336848e-21,"ENSG00000237248","LINC00987"
0.554448077036905,-1.09369854621303,0.305830724724455,-3.57615653953152,0.000348682906819779,0.000764374196556194,"ENSG00000237271",NA
28.0523292461945,-1.14431413733014,0.114857975852204,-9.96286177637859,2.21590593261778e-23,1.73131202269598e-22,"ENSG00000237380",NA
3.34140163871888,-1.22460183786437,0.137491323617891,-8.9067572094056,5.25469634687758e-19,3.29518981647781e-18,"ENSG00000237417",NA
1.37633322427364,-1.49513742159854,0.201765916601406,-7.41025762320513,1.26054302767617e-13,5.96411381157072e-13,"ENSG00000237419",NA
0.745779116816346,-2.41222863458931,0.370199799513612,-6.51601820897424,7.21982146428399e-11,2.86223952299418e-10,"ENSG00000237435","LINC02790"
351.588779440723,-1.06725655464522,0.150491942621044,-7.09178535446705,1.32392749375089e-12,5.90810043084997e-12,"ENSG00000237438",NA
0.288806493447108,-1.21285174293299,0.397435294316067,-3.05169611325069,0.00227552346246539,0.00447924438500829,"ENSG00000237445",NA
2.92209937240248,-1.4484335077222,0.206843503293612,-7.00255741494655,2.51331832378637e-12,1.10066801547171e-11,"ENSG00000237531",NA
5.0735155401367,-3.93286315527118,0.286158520731311,-13.7436521031081,5.55988926003021e-43,9.60599691482319e-42,"ENSG00000237560","LINC01497"
0.836114333510815,-2.33014129676268,0.220555840671148,-10.5648587209121,4.33621109827017e-26,3.83510935422049e-25,"ENSG00000237576","LINC01888"
0.345704078989747,-2.77306260646754,0.392682340352309,-7.06184699821131,1.64303845458038e-12,7.2826322841101e-12,"ENSG00000237612",NA
1.95627115386435,-2.33201560920778,0.47573634542592,-4.90190760413725,9.49104769179248e-07,2.72709664695801e-06,"ENSG00000237650","OR11Q1P"
0.441655878038957,-1.06652642788573,0.391375686655273,-2.72507072935558,0.00642877135800479,0.0118686153043046,"ENSG00000237720","LOC105373390"
0.75317110244838,-1.11625868122939,0.316982925232114,-3.52151044228012,0.000429095767338598,0.000929468225571582,"ENSG00000237731","RNGTTP1"
0.493993009894637,-1.11066444385233,0.349984589686625,-3.17346670848226,0.00150630175466686,0.00304321991507504,"ENSG00000237746",NA
0.805037908552143,-1.03380047126444,0.284256294354682,-3.63686043825827,0.00027598136294793,0.00061219868037945,"ENSG00000237787","LINC02877"
3.07169105406586,-1.57236354485477,0.14455386504415,-10.8773538803306,1.47791027170449e-27,1.39493067607096e-26,"ENSG00000237803","PIRAT1"
7.81419208977469,-3.07142954478045,0.178961991928993,-17.1624684754242,5.07116768670559e-66,1.81177959634649e-64,"ENSG00000237813","CAV2-DT"
4.33874411891486,-1.75953327478599,0.185954733104174,-9.46215912557751,3.01649074049274e-21,2.11844138635308e-20,"ENSG00000237887",NA
0.250737426701568,-1.06694670556052,0.460183675972458,-2.31852358366657,0.0204208827628218,0.0347788735973408,"ENSG00000237948","MTATP6P20"
11.3470345981234,-2.3782689920277,0.225592229647822,-10.5423355925888,5.51128842586819e-26,4.84754596077373e-25,"ENSG00000237949","LOC102724768"
44.3523536051141,-1.25455128407964,0.139543859931435,-8.99037252299073,2.46393858573189e-19,1.57312496858229e-18,"ENSG00000237975",NA
73.638279772421,-1.08593778711119,0.0807705841769903,-13.4447187447797,3.30660620045595e-41,5.33938331863312e-40,"ENSG00000237984",NA
0.90954061806009,-2.28156587354933,0.339351503838378,-6.72331151547206,1.77640231886771e-11,7.34698162093852e-11,"ENSG00000237987",NA
49.5018549319169,-2.52526052823008,0.131108125959108,-19.2609001902574,1.14372838670798e-82,6.74827918807626e-81,"ENSG00000238018",NA
0.272400583626035,-1.44930220024643,0.329728007305969,-4.39544766635963,1.1054469549e-05,2.86327315830994e-05,"ENSG00000238049",NA
0.180173143030311,-1.75434829429369,0.58754184143254,-2.98591210119819,0.00282733898632763,0.00548856607921219,"ENSG00000238077",NA
17.49961556075,-1.80050179972766,0.119523458950302,-15.0640034645944,2.79345992923786e-51,6.42817796396666e-50,"ENSG00000238078","LINC01352"
15.8164122020421,-2.99071882962137,0.179261770473287,-16.6835283492139,1.72709775568677e-62,5.48708577420115e-61,"ENSG00000238099","LINC01625"
8.69835174140811,-2.44601630012418,0.145580392217992,-16.8018251830337,2.36648507619935e-63,7.7338540246051e-62,"ENSG00000238120","LINC01589"
26.2673342347274,-1.77419313096239,0.120467892550206,-14.727518622632,4.29177157010677e-49,9.21643997865601e-48,"ENSG00000238198","LRIG2-DT"
5.27293710451554,-1.03928707018671,0.216540763294114,-4.79949850724,1.59063421523731e-06,4.47988273775906e-06,"ENSG00000238207","LOC124907878"
0.857335960692089,-1.84437896198682,0.522509520398037,-3.52984757212043,0.000415799148069326,0.000902134642876615,"ENSG00000238232",NA
0.410286242924196,-1.45319486328319,0.291911365816159,-4.97820583045878,6.41763888606346e-07,1.87207184018084e-06,"ENSG00000238419","RNU7-186P"
7.44567278067513,-1.74579172372535,0.184177872345307,-9.47883533181577,2.57136931714664e-21,1.81248056472702e-20,"ENSG00000238755",NA
2.78491648930768,-1.19837454558844,0.240830535254448,-4.97600748311382,6.49091389582107e-07,1.89229454027496e-06,"ENSG00000238840",NA
0.248950346576768,-1.6997247633022,0.771886621068137,-2.20203941473959,0.0276625244289913,0.0460449412984391,"ENSG00000239148",NA
0.572061424651054,-1.84092294894039,0.401970657192886,-4.57974460572883,4.65544047066678e-06,1.25367968607524e-05,"ENSG00000239281",NA
52.1964467184324,-1.01810746731123,0.134287094835444,-7.58157340851572,3.41389189278394e-14,1.66880482178633e-13,"ENSG00000239445",NA
0.534718746835123,-1.58640790726746,0.337303173639958,-4.7032107351614,2.56101841467125e-06,7.06787973772463e-06,"ENSG00000239533",NA
0.752348320479562,-1.31803832138342,0.282143209741198,-4.67152238961347,2.98975502229021e-06,8.2029070620733e-06,"ENSG00000239542","RN7SL399P"
3.18845379108272,-1.29870920520502,0.206963533817949,-6.2750629603542,3.4949284001433e-10,1.32312935322691e-09,"ENSG00000239593",NA
1.26924236423372,-1.42017657252458,0.246269672649433,-5.76675380791287,8.08129694728062e-09,2.76691872181959e-08,"ENSG00000239614",NA
2.6943051649851,-2.0833025395073,0.174157113047279,-11.9622018478323,5.60555484348366e-33,6.65581493311777e-32,"ENSG00000239622",NA
1.57941507875413,-1.00931001854883,0.158978685174979,-6.34871283177328,2.17123899077535e-10,8.33726537212847e-10,"ENSG00000239650",NA
1.69039464015514,-1.41825390953486,0.38615103361386,-3.67279583913551,0.00023991115482709,0.000535732623060634,"ENSG00000239677","PDZRN3-AS1"
0.471975256165557,-1.68064816634881,0.389067511888702,-4.31968261289722,1.5625376387855e-05,3.97289063706487e-05,"ENSG00000239715","LOC105375115"
0.215563856462423,-1.81728990064615,0.546564082930222,-3.3249347284281,0.000884392370543988,0.00184222775968532,"ENSG00000239739",NA
1.25093560079366,-1.04950214559895,0.224772618204428,-4.66917257975096,3.02415258102924e-06,8.29490754892717e-06,"ENSG00000239959","ENPP7P2"
281.512221048851,-1.1669276168675,0.113737046022682,-10.2598727299,1.06847467858525e-24,8.88726073802418e-24,"ENSG00000240038","AMY2B"
1.35075107890735,-1.2646086185809,0.198462615536989,-6.37202434906538,1.86549259450753e-10,7.19321933222181e-10,"ENSG00000240240",NA
0.502311330588395,-1.00018166582719,0.250050821192503,-3.99991354180435,6.33656291078927e-05,0.000150804594434411,"ENSG00000240296","LOC100420187"
0.364172503064277,-1.44488134993923,0.25880494653616,-5.58289696266433,2.36544898719011e-08,7.80105993727181e-08,"ENSG00000240298",NA
2.48575281985284,-2.48707853963048,0.206051891984582,-12.0701562877014,1.51845649754972e-33,1.85206850299407e-32,"ENSG00000240423","LINC00636"
8596.51071820635,-2.10417381685443,0.10502619723385,-20.0347520168639,2.74201585551806e-89,1.95200564097876e-87,"ENSG00000240583","AQP1"
7.23149324146467,-2.10760956592463,0.209444922105092,-10.062834394558,8.06425376078892e-24,6.43180285798896e-23,"ENSG00000240602",NA
13.1527839602218,-3.58509605949987,0.154240392532991,-23.2435615640244,1.65266145202204e-119,2.33566401670725e-117,"ENSG00000240654","C1QTNF9"
8.65733450390884,-1.19661508352866,0.207254759225591,-5.77364345214471,7.75755015983331e-09,2.65949358252318e-08,"ENSG00000240661",NA
1.64143739184588,-3.19772379239317,0.2921648682217,-10.9449291828156,7.0272621827921e-28,6.72142406024295e-27,"ENSG00000240666",NA
4.00480309557181,-1.13254825956394,0.174532874809936,-6.48902541024017,8.63933964081537e-11,3.40779484761621e-10,"ENSG00000240687","LOC105373418"
0.371692787514016,-1.78828676501413,0.369242281915474,-4.8431256456797,1.27812408328902e-06,3.63131855721859e-06,"ENSG00000240813",NA
0.331235962651778,-1.20881506310932,0.316564975464688,-3.81853697281228,0.000134245466674283,0.000308274929834588,"ENSG00000240868",NA
0.967427796358113,-1.08525732303192,0.187215720600071,-5.79682795629239,6.75809567910912e-09,2.32617547227615e-08,"ENSG00000241008","RPL7AP55"
0.403499758455948,-1.5315967953789,0.278509350896751,-5.49926525069061,3.81377066006525e-08,1.23641732523837e-07,"ENSG00000241134",NA
1.60669445404378,-2.72506225492043,0.390513562409686,-6.97815010087044,2.99092022546132e-12,1.303867042783e-11,"ENSG00000241151","LINC02066"
72.2356570458311,-2.54714374442079,0.177049326809444,-14.3866333203416,6.27783298213067e-47,1.24182897677077e-45,"ENSG00000241158","ADAMTS9-AS1"
7.35673240432874,-1.67259959249029,0.181811499489891,-9.19963587112534,3.59164773766786e-20,2.39526507672142e-19,"ENSG00000241186","CRIPTO"
9.67944723115979,-1.45539501295614,0.140101416611684,-10.3881534402327,2.80735500588578e-25,2.39708391252874e-24,"ENSG00000241218","CSP2"
2.06417308285821,-1.84280725401402,0.204191987639673,-9.02487543862848,1.79899916240461e-19,1.15675815153409e-18,"ENSG00000241220",NA
0.548106618188343,-1.86031596757613,0.215791790472599,-8.62088387839921,6.64392591497196e-18,3.94681327447374e-17,"ENSG00000241318",NA
291.335884800538,-1.76102357418287,0.10324969899977,-17.0559681165443,3.15600451528872e-65,1.09727268742731e-63,"ENSG00000241399","CD302"
1.34883030868723,-1.1616389445454,0.203711431295017,-5.70237486016728,1.18149644960992e-08,3.99023649378341e-08,"ENSG00000241456",NA
0.919439269245546,-1.07301170979316,0.282317014603943,-3.80073341062517,0.000144268450115385,0.000330238960584238,"ENSG00000241469","LINC00635"
1.86238810832592,-1.45032197604686,0.215459221652269,-6.73130611409868,1.68146786227587e-11,6.9657695876902e-11,"ENSG00000241479","MECOM-AS1"
1.71224889185921,-1.90249297524499,0.181436432706231,-10.4857274080414,1.00469535826231e-25,8.75021898097571e-25,"ENSG00000241593",NA
315.480429599036,-2.53795367244099,0.135436999752632,-18.7389980365514,2.38068341398361e-78,1.2397667648256e-76,"ENSG00000241644","INMT"
3.08685714521054,-1.51481576652217,0.174773533753583,-8.66730639352946,4.42463123024065e-18,2.65544384618351e-17,"ENSG00000241679",NA
74.2977642917377,-3.12092539415911,0.151291095083471,-20.6286126254637,1.51947150404251e-94,1.22144093554827e-92,"ENSG00000241684","ADAMTS9-AS2"
29.9885155266345,-1.34144203959929,0.14333199426069,-9.35898538577159,8.05060384879964e-21,5.56170772020174e-20,"ENSG00000241717","VWFP1"
10.3915491941911,-1.33625256328172,0.215773139063845,-6.19285870836005,5.90826887281251e-10,2.20249892387525e-09,"ENSG00000241720",NA
0.582351425364904,-1.00753766646065,0.329393887183379,-3.05876248972325,0.00222253278234955,0.00438213694400456,"ENSG00000241869","RN7SL363P"
0.918744648055744,-1.61215298528296,0.229056460204518,-7.038234083612,1.9469142121537e-12,8.59138435150445e-12,"ENSG00000241912",NA
45.532754914325,-1.86337276967671,0.16509189977461,-11.2868818653166,1.52345804176737e-29,1.56864119452127e-28,"ENSG00000241935","HOGA1"
1.83077071998053,-1.09019342610713,0.18816869416379,-5.79370245912518,6.88513945226491e-09,2.36803324592973e-08,"ENSG00000242068",NA
0.865274835902035,-1.1691488038795,0.340466730070474,-3.43395903510892,0.000594834084659554,0.00126716322792527,"ENSG00000242097",NA
4.25610691486672,-3.72922346363813,0.200440452667765,-18.605143891884,2.91906907896546e-77,1.4846348150025e-75,"ENSG00000242268","LINC02082"
2.64322500588699,-2.19555499497628,0.373672257732491,-5.87561679932916,4.21271811706059e-09,1.47246899385987e-08,"ENSG00000242317",NA
9.41284439304614,-1.1716162625805,0.130205001942245,-8.99824311742024,2.29358458374128e-19,1.46592365804488e-18,"ENSG00000242337",NA
2.00164430365873,-1.78312978932924,0.196446224712857,-9.07693589905135,1.11674337865042e-19,7.24975274676715e-19,"ENSG00000242353",NA
0.934686933831992,-2.53477864379831,0.366328006951018,-6.91942356495074,4.53485084118469e-12,1.95136252740397e-11,"ENSG00000242370","KCNAB1-AS1"
9.27143622622637,-1.02388710719781,0.145352684384417,-7.04415684879901,1.86587870638213e-12,8.24289984534511e-12,"ENSG00000242607","RPS3AP34"
17.1508920416827,-1.9989467060613,0.17883093288549,-11.1778576212051,5.23382110402701e-29,5.26127505442581e-28,"ENSG00000242611","LOC101929756"
7.39111842635806,-1.25170275504862,0.231806300738335,-5.39977882853822,6.67231051389308e-08,2.11912758846946e-07,"ENSG00000242741",NA
1.06159963177573,-1.15607606219612,0.292398646125046,-3.95376680951429,7.69303891368005e-05,0.000181599080781637,"ENSG00000242770",NA
0.264070240778463,-1.30429374695159,0.433023637017748,-3.01206131825577,0.00259480177318332,0.00506547766902505,"ENSG00000242902","FLNC-AS1"
8.70885419713737,-1.16457254610316,0.194655360816251,-5.98274068188898,2.19413943913634e-09,7.84252615107595e-09,"ENSG00000242908",NA
1.6401893721626,-1.25957048784267,0.193950528413043,-6.4942874770635,8.34273077334095e-11,3.29432317935189e-10,"ENSG00000242941","RPL12P7"
0.691905597058897,-1.63926177406109,0.247021199068128,-6.63611779169197,3.22052515821612e-11,1.30703397145391e-10,"ENSG00000242973","TDRD6-AS1"
0.530101102753813,-2.03378455976679,0.222793651939588,-9.12855703948992,6.94183410593666e-20,4.55718377658845e-19,"ENSG00000242993","RPL32P25"
1.455679341446,-1.47539036183502,0.160576161556517,-9.18810331205815,3.99828785666174e-20,2.66237625034974e-19,"ENSG00000243018",NA
7.92415876395609,-1.38445002448373,0.162022333635257,-8.54480980134745,1.28748137283401e-17,7.54258163028581e-17,"ENSG00000243243",NA
617.334439424155,-1.23918164294745,0.0952654664416282,-13.0076688776486,1.10666718835324e-38,1.63794949008353e-37,"ENSG00000243244","STON1"
1.58682215379933,-1.04370222444907,0.174317946544385,-5.9873480908824,2.13289991572906e-09,7.62875960900183e-09,"ENSG00000243250","RPS6P16"
0.627204657158072,-1.14559686774432,0.403626969129774,-2.83825649761275,0.00453607149301161,0.00855838952586092,"ENSG00000243316","GUCY2GP"
7.45512823578777,-1.35755168593955,0.26297800277074,-5.16222524939866,2.44031395165023e-07,7.38568802423009e-07,"ENSG00000243384",NA
8.42808392631646,-1.43269481032717,0.151754029320232,-9.44090128443242,3.69586516824748e-21,2.58570239793716e-20,"ENSG00000243422","RPL23AP49"
3.99563507700648,-1.45701886012352,0.164581225160518,-8.85288621896255,8.52845963165401e-19,5.29341237145412e-18,"ENSG00000243504","RPS23P1"
5.84466897581129,-1.03495785610684,0.105982670303809,-9.7653498740883,1.58563749118691e-22,1.1840382201179e-21,"ENSG00000243659",NA
23.0785199029474,-1.00328482559031,0.109305265868819,-9.17874191710381,4.36157139947241e-20,2.89783505406633e-19,"ENSG00000243759","ST13P15"
0.336456067693848,-1.86509892721592,0.396380472815428,-4.70532494693398,2.53461912141432e-06,6.99986177697487e-06,"ENSG00000243792",NA
3.3876425805619,-1.35449552835956,0.168770663813757,-8.02565740841239,1.00983677768095e-15,5.39728692756519e-15,"ENSG00000243806","RPL7P18"
0.528014297519622,-2.04318646016723,0.40383172656783,-5.05949960279816,4.20358153691628e-07,1.24547675592863e-06,"ENSG00000243818","HLMR1"
57.741210604781,-2.33757777957398,0.14638568213435,-15.968623061295,2.11401309323897e-57,5.86124810746985e-56,"ENSG00000243836","WDR86-AS1"
1.58531136924688,-3.28134789381618,0.302424290298683,-10.8501466286832,1.99105681408505e-27,1.86932259382353e-26,"ENSG00000243953","LOC105374171"
5.99806306882304,-1.2825424179813,0.255527344764014,-5.01919831384684,5.18875628564643e-07,1.5264233921486e-06,"ENSG00000244056","RN7SL417P"
1.3181002931873,-1.32892924148976,0.18264583555867,-7.27598982711478,3.43889504224916e-13,1.58940248383327e-12,"ENSG00000244061",NA
1.0139910232892,-2.47591420360382,0.3293416657878,-7.51776790125028,5.57193031627629e-14,2.6875181863767e-13,"ENSG00000244062",NA
2.99509814902114,-2.7387050427399,0.41996086693164,-6.52133391082294,6.96848569061138e-11,2.76488736593947e-10,"ENSG00000244094","SPRR2F"
0.677957190712809,-1.09986017963111,0.246984621120946,-4.45315248633444,8.46186142912985e-06,2.21631194549317e-05,"ENSG00000244104","RN7SL659P"
0.311467870536056,-2.10948069904173,0.528247127987973,-3.9933595229878,6.51436792892965e-05,0.000154797821384297,"ENSG00000244142",NA
8.59590495696063,-2.16489392770719,0.158297687139416,-13.6760932318647,1.41071023662874e-42,2.39840764502778e-41,"ENSG00000244227",NA
0.998105409545017,-1.25519660143628,0.205800761793896,-6.09908627400187,1.06676485488693e-09,3.89845188387741e-09,"ENSG00000244267","RPL34P22"
1372.56426017216,-1.02105814813183,0.100390924184204,-10.1708212811979,2.67642359540071e-24,2.1848262814048e-23,"ENSG00000244405","ETV5"
2.80966479270416,-1.37092641849199,0.271620690973525,-5.04720908255703,4.48310658948445e-07,1.3259191104525e-06,"ENSG00000244414","CFHR1"
17.4667564490539,-1.1875515555919,0.189484652463063,-6.26727041032199,3.67431780793075e-10,1.38884864834684e-09,"ENSG00000244476","ERVFRD-1"
56.4747399341168,-1.2206881955757,0.0801675547693411,-15.2267110938818,2.35125536689806e-52,5.6016233032365e-51,"ENSG00000244513",NA
1.09814222379085,-3.03262187215463,0.241997170565609,-12.5316418579053,5.01143336151101e-36,6.71790073726896e-35,"ENSG00000244681",NA
0.586156596694772,-1.10266817280354,0.383895842422542,-2.87231079619214,0.00407482000702631,0.00773779732606541,"ENSG00000244706",NA
1785.32156170273,-4.94591894167886,0.176216633510546,-28.0672649519368,2.4593066113256e-173,1.12214647379628e-170,"ENSG00000244734","HBB"
0.913769930257205,-2.46427760618678,0.279570503180628,-8.81451218261977,1.20207305603606e-18,7.41296436023783e-18,"ENSG00000244738",NA
3.17058189277559,-1.92229607842917,0.191354772591206,-10.0457179739948,9.59464062305593e-24,7.61562677684907e-23,"ENSG00000244753",NA
11.692537867489,-1.63748753027377,0.149755147600999,-10.93443234844,7.88981995384595e-28,7.52990585634979e-27,"ENSG00000244953",NA
86.6990318710098,-1.33843152432213,0.100174763728114,-13.3609651224612,1.02230007696602e-40,1.62287596711206e-39,"ENSG00000244968","LIFR-AS1"
93.4810809411177,-1.94247144942913,0.0835464990065798,-23.2501837004103,1.41645774850216e-119,2.01372376055604e-117,"ENSG00000245025",NA
80.771080553251,-1.38908335625099,0.0797312536102376,-17.4220684280402,5.61114743840372e-68,2.12011099190791e-66,"ENSG00000245105","A2M-AS1"
22.6400445077447,-2.04931503501092,0.137503662177658,-14.9037123997697,3.11764788989855e-50,6.93116057563987e-49,"ENSG00000245293","CYP2U1-AS1"
42.9517476908923,-1.06726841569465,0.122049331155965,-8.74456587009732,2.23874746252867e-18,1.36530538352531e-17,"ENSG00000245685","FRG1-DT"
46.6181404205409,-3.2116020396332,0.114762517837573,-27.9847645394003,2.49026316170984e-172,1.09457346860109e-169,"ENSG00000245812","LINC02202"
618.679378194136,-2.21683388479405,0.104107976613446,-21.2936026316712,1.30129679844964e-100,1.2153046708328e-98,"ENSG00000245848","CEBPA"
9.72981530331589,-1.4979210515255,0.206770610830377,-7.24436149562043,4.3448115383125e-13,1.995015533837e-12,"ENSG00000245857","GS1-24F4.2"
39.9594119147622,-1.10868590662232,0.128192139153374,-8.64862630380047,5.21230420746076e-18,3.11451103242012e-17,"ENSG00000245904",NA
17.2659327254176,-5.08480388124586,0.241387934961211,-21.0648634202158,1.67107113770723e-98,1.48812301501028e-96,"ENSG00000246022","ALDH1L1-AS2"
81.0352926134913,-1.63298200230305,0.104917053985547,-15.5645049138341,1.26847820861235e-54,3.23776190594661e-53,"ENSG00000246090","LOC100507053"
66.7741310555511,-1.24574726813275,0.153098718627527,-8.13688892565794,4.05564479164033e-16,2.20802206781237e-15,"ENSG00000246223","LINC01550"
9.26462784520683,-1.61484035382459,0.183052245393546,-8.82174567349791,1.12688965184645e-18,6.9564854039381e-18,"ENSG00000246363","LINC02458"
54.7436177088616,-3.80850875383553,0.181193297433501,-21.0190377225917,4.39248437203767e-98,3.88272926686946e-96,"ENSG00000246430","LINC00968"
38.5167697189801,-1.2381651725303,0.103880030885331,-11.9191837158486,9.40252381777251e-33,1.1035642236881e-31,"ENSG00000246523","FZD4-DT"
8.88853093460189,-1.32075023532797,0.1203444537699,-10.9747495123728,5.05457519284802e-28,4.87056913695391e-27,"ENSG00000246548","LINC02288"
1.28605147989587,-1.31248461260447,0.194513916434768,-6.74751008391022,1.50403787679379e-11,6.24477464920621e-11,"ENSG00000246774","COL25A1-DT"
79.2326587310622,-1.40528695460707,0.119196050918335,-11.7897106806825,4.41053555393988e-32,5.0491937488473e-31,"ENSG00000246898",NA
51.8020150812518,-1.00130191492456,0.130787095885881,-7.65596871879664,1.91860425706068e-14,9.5303608041241e-14,"ENSG00000247157","LINC01252"
0.364430588145203,-1.69893881945067,0.340669728588269,-4.98705542899587,6.13064809017019e-07,1.79162711967826e-06,"ENSG00000247775","SNCA-AS1"
5.5651502972959,-1.17417767792869,0.11878449824661,-9.88494033532022,4.83869959868642e-23,3.71986678069747e-22,"ENSG00000247970",NA
131.311678415213,-1.4468180730906,0.0987637184083613,-14.6492871715137,1.36136435131217e-48,2.86946617119957e-47,"ENSG00000248124",NA
160.778083112059,-3.37234179198049,0.214470933487677,-15.7240038878008,1.03566806937845e-55,2.73231592532606e-54,"ENSG00000248144","ADH1C"
4.81114766212801,-1.02749636354002,0.108008063851918,-9.51314491618643,1.84983796658743e-21,1.31472685030713e-20,"ENSG00000248159",NA
3.89317226458705,-1.19515385229372,0.209608529157315,-5.70183788368999,1.18522522640236e-08,4.00226533668853e-08,"ENSG00000248174","LINC02268"
0.16987268333509,-1.54934591937857,0.599673018863943,-2.58365120764269,0.00977606037943859,0.0175597440399994,"ENSG00000248188","PFDN1P2"
7.76278471742626,-1.28171585696568,0.162342550139917,-7.89513196547067,2.90008219806809e-15,1.51189268889491e-14,"ENSG00000248202",NA
0.63185430381928,-1.48235757618386,0.343481793070819,-4.31568020805758,1.59112186106926e-05,4.04127913713768e-05,"ENSG00000248210","LINC02355"
0.395080938195409,-1.02064865113667,0.309473546806849,-3.2980158132019,0.000973706506053988,0.00201626307235366,"ENSG00000248227",NA
0.427711722391434,-1.3167027960033,0.266253746042783,-4.94529303558314,7.60294083676378e-07,2.20414435126076e-06,"ENSG00000248234","LOC124901186"
0.670116167978537,-1.20941339259785,0.429204610918978,-2.81780149101463,0.00483536945166619,0.00908658758302912,"ENSG00000248257",NA
372.157713131028,-1.02714660537319,0.0723681123165768,-14.1933590982711,1.00716411001903e-45,1.92090893754027e-44,"ENSG00000248275","TRIM52-AS1"
0.325032048098619,-1.89816628389103,0.629076333964865,-3.01738625569889,0.00254964705879879,0.0049826068929291,"ENSG00000248295",NA
0.2705883721593,-1.20657045905615,0.541358815767511,-2.22878139953357,0.0258284531334903,0.0432475165003852,"ENSG00000248300","LINC02360"
27.0510210302794,-2.07671686203354,0.120716759802177,-17.2032190512464,2.51181233837619e-66,9.06181695268097e-65,"ENSG00000248309","MEF2C-AS1"
96.6275059908044,-1.61934728827038,0.0890043847969724,-18.1940169797731,5.7562564041873e-74,2.66456274709771e-72,"ENSG00000248334",NA
0.907756376229022,-3.2715328440551,0.369800057997637,-8.84676130601365,9.00958145060125e-19,5.58913695841391e-18,"ENSG00000248339","LINC02504"
0.700766416309032,-1.77814811349035,0.331833032011948,-5.35856271664458,8.38866169995667e-08,2.64182463711907e-07,"ENSG00000248346",NA
0.605947114810537,-1.38330936358739,0.245652485611936,-5.63116371544737,1.78997711331031e-08,5.96244201478807e-08,"ENSG00000248408",NA
0.793954656229311,-2.07974271911352,0.275812665332985,-7.5404177563879,4.68468276584471e-14,2.26985387653337e-13,"ENSG00000248428",NA
62.958804317809,-2.02901857279616,0.110490142322551,-18.3637972596043,2.56059810092557e-75,1.23047397206965e-73,"ENSG00000248441","LETR1"
2.96318016818647,-1.17332299335195,0.25447542691758,-4.61075164531298,4.01215635473502e-06,1.08796927187771e-05,"ENSG00000248491",NA
2.06704579312544,-1.30175545564393,0.33675799689042,-3.86555172457425,0.000110838354859247,0.000257193082835594,"ENSG00000248528",NA
9.346778744498,-1.13950619883821,0.139404260241118,-8.17411316459978,2.98049974647516e-16,1.63325795326118e-15,"ENSG00000248576","LOC102724030"
1.0756103714376,-1.68827682133863,0.225928850619224,-7.47260394903715,7.8623215273409e-14,3.76269927454702e-13,"ENSG00000248583",NA
17.8882154670066,-2.42885413428373,0.115709606466135,-20.990946287546,7.93502676255853e-98,6.93735642690108e-96,"ENSG00000248668","OXCT1-AS1"
28.7675378225577,-1.4641388971064,0.231281385697029,-6.33055225215735,2.44285272881285e-10,9.34502349388563e-10,"ENSG00000248698","KLF17P2"
0.372714125905972,-1.27685840310989,0.436169769825723,-2.92743443366118,0.00341771114376018,0.00656072365163675,"ENSG00000248709","LOC124901048"
4.47524217350976,-1.53565122916292,0.221196083343978,-6.94248833861521,3.85252762718718e-12,1.66749117913576e-11,"ENSG00000248752",NA
10.7655750674194,-1.07434851374767,0.112005651889907,-9.59191340454565,8.64663776942926e-22,6.23980140884705e-21,"ENSG00000248774",NA
0.811935048174063,-1.50071013729588,0.446214101060311,-3.36320643773881,0.000770427278612919,0.00161727953898896,"ENSG00000248822","APOBEC3AP1"
16.3113326841628,-3.82579684069164,0.221008864508297,-17.3106035778398,3.91291558836746e-67,1.44317002185285e-65,"ENSG00000248869","LINC02511"
0.515104234401808,-1.81546487491237,0.265879039550829,-6.82816094860049,8.60100614392545e-12,3.63220982243692e-11,"ENSG00000248880",NA
19.9073714282651,-1.08399724636912,0.111959536773774,-9.68204476014808,3.5945370075871e-22,2.63889469864385e-21,"ENSG00000248890","HHIP-AS1"
22.4548459431448,-1.67993028717178,0.0966032854793131,-17.3899912289373,9.82492797697363e-68,3.6889678634546e-66,"ENSG00000248896","SOX7-AS1"
5.89846861480334,-1.40100914072834,0.123917530858281,-11.3059801226237,1.22577770287959e-29,1.27032251232882e-28,"ENSG00000248925",NA
0.46475066371231,-1.28454794465514,0.276368415277732,-4.64795495304429,3.35242099089837e-06,9.15025862667015e-06,"ENSG00000248926",NA
0.282519764551814,-1.22812777955434,0.3322058032196,-3.69688839764939,0.000218258232977579,0.000489640004774107,"ENSG00000248956","HMGB1P44"
0.462861801677108,-1.74881880205558,0.4886061956379,-3.57919899024697,0.000344648970192686,0.000755911562073412,"ENSG00000248975",NA
125.284679777059,-1.94839386395884,0.156371776465696,-12.4600097792345,1.2335549152086e-35,1.63258607700673e-34,"ENSG00000248994","LOC124901165"
0.195695333689663,-1.97918835902088,0.558283793375213,-3.54512952463712,0.000392420201367594,0.00085543961450184,"ENSG00000249008",NA
1.54156979253347,-1.86179269874331,0.195740050803633,-9.5115572469687,1.87829400797426e-21,1.33415961337356e-20,"ENSG00000249125",NA
3.1882332901531,-1.34231660458455,0.163597908679813,-8.20497410643361,2.30640589934562e-16,1.27099041451172e-15,"ENSG00000249142","TMEM183AP2"
0.338678197576639,-2.55573488531844,0.384709746038868,-6.64328084129231,3.06776500185755e-11,1.24767929744478e-10,"ENSG00000249145","LINC02517"
10.8523752001741,-1.22212997036342,0.126334005759311,-9.67380051806317,3.89633708998862e-22,2.85520816735018e-21,"ENSG00000249167","SEMA6A-AS2"
0.299027961827948,-1.08296869376267,0.406421291087847,-2.66464557224337,0.00770695018949082,0.0140678928478876,"ENSG00000249169",NA
10.7698703492464,-1.16150858814337,0.228721373000297,-5.0782686939443,3.80889775229334e-07,1.13337240738075e-06,"ENSG00000249173","LINC01093"
0.275041161990245,-2.10203916293399,0.51518114911789,-4.08019425115452,4.4998081387141e-05,0.000108953256140796,"ENSG00000249198",NA
1.99784262911359,-1.84198864938515,0.224110901287243,-8.21909438052845,2.05045632753651e-16,1.13346443581717e-15,"ENSG00000249201","TERLR1"
66.3624286315693,-1.4762165528063,0.0778840890770399,-18.9540196245485,4.09106638837908e-80,2.23747706241143e-78,"ENSG00000249249",NA
3.02258643702053,-1.48764164958404,0.184890653741174,-8.04606192623765,8.55007403725094e-16,4.58203632130528e-15,"ENSG00000249258",NA
44.4878644690136,-2.12734823515304,0.146341101098773,-14.5369155977389,7.07075205344214e-48,1.44645487139374e-46,"ENSG00000249307",NA
32.9232805605828,-1.18116119136782,0.152338636508416,-7.75352345563737,8.93772723036135e-15,4.53176538900002e-14,"ENSG00000249378",NA
5.76483057836544,-2.31704383539782,0.326912806965443,-7.08765085377258,1.36407579075953e-12,6.07933684979432e-12,"ENSG00000249436","LNCBRM"
1.6718177619308,-1.23758694273509,0.163693988696413,-7.56036890902771,4.0192777799089e-14,1.95674828203877e-13,"ENSG00000249451",NA
43.1876118511627,-1.33977860333322,0.139035708120057,-9.63621951115122,5.62204196216345e-22,4.08666409357079e-21,"ENSG00000249464","LINC01091"
2.27804877361527,-3.31004589212701,0.213565183894491,-15.4989958183554,3.52356173182281e-54,8.84305094665431e-53,"ENSG00000249487","LINC01586"
5.47350060626002,-1.81140357426669,0.337411407224029,-5.3685309254052,7.93805810490496e-08,2.50518650817467e-07,"ENSG00000249509","NEUROG2-AS1"
15.1357673378734,-2.08072769418463,0.205951078803319,-10.1030191552029,5.35671306616032e-24,4.31038164258886e-23,"ENSG00000249574","LOC442497"
0.266559208195897,-2.75381149208094,0.647009354773712,-4.25621588275809,2.07915956338301e-05,5.22406831768828e-05,"ENSG00000249600",NA
2.35315935538956,-1.42390278019648,0.173439700986467,-8.20978571859728,2.21583582687379e-16,1.22234535941881e-15,"ENSG00000249604",NA
978.484150723243,-2.86618047261403,0.15062863223269,-19.028125198577,9.97583481848609e-81,5.57692235885261e-79,"ENSG00000249669",NA
52.9562191076097,-2.42763856358203,0.125918917126648,-19.2793792940606,8.00310640837311e-83,4.75718148914585e-81,"ENSG00000249679",NA
6.0313745707346,-2.05346362396231,0.200163895046712,-10.258911196163,1.07916637648651e-24,8.97463306673645e-24,"ENSG00000249695","IQSEC3-AS3"
1.40866911096995,-2.5434472953383,0.341788405310097,-7.44158448859808,9.94847228977854e-14,4.73083183526839e-13,"ENSG00000249736","LINC02242"
9.48275394192494,-1.45822410144274,0.114027026835334,-12.7884076425894,1.90333792159571e-37,2.70509996510384e-36,"ENSG00000249741",NA
1.34631999954186,-2.7339576810778,0.214320054367552,-12.7564249138774,2.8707695219603e-37,4.05120965529067e-36,"ENSG00000249742",NA
2.38004343183488,-1.05950397206208,0.27506999398705,-3.85176135246494,0.000117271281021841,0.000271449757162837,"ENSG00000249743",NA
63.8527050574669,-1.5441034562603,0.101871467641166,-15.1573693008849,6.77282530000147e-52,1.58983860912822e-50,"ENSG00000249751","ECSCR"
1.4802995221075,-2.60048760102312,0.211077119410252,-12.3200828601833,7.06216901887388e-35,9.07830742404742e-34,"ENSG00000249752",NA
1.85929984090832,-1.38079285728528,0.234105609195764,-5.89816220990515,3.67572533340056e-09,1.29158941744937e-08,"ENSG00000249776",NA
7.64933949304375,-2.04077757394715,0.15063655378223,-13.5476915974686,8.1761097678462e-42,1.34935383733211e-40,"ENSG00000249790",NA
3.30600213585977,-1.70356922255054,0.236258361892493,-7.21061980157865,5.56977687307704e-13,2.54019999989644e-12,"ENSG00000249797","LOC124901051"
0.29201209408898,-1.06752283374542,0.329614385574184,-3.23870219403746,0.00120074877469333,0.00245740597161715,"ENSG00000249834",NA
2.11502571975572,-1.03319106451392,0.179453551626147,-5.75742890096908,8.54047210667522e-09,2.91704583040429e-08,"ENSG00000249889","ALG1L11P"
5.60564023737055,-1.24999357003693,0.177680783202668,-7.03505211709446,1.99186537258045e-12,8.7824654887106e-12,"ENSG00000249899","ITGA2-AS1"
2.33430424717704,-2.02004779631722,0.179422837864151,-11.2585879276232,2.10098177910458e-29,2.14897602555296e-28,"ENSG00000249906","NGFR-AS1"
2.78697973754264,-1.61205020314297,0.138747937338215,-11.6185525642331,3.31708379070857e-31,3.65001112569701e-30,"ENSG00000249923","LINC02891"
0.641307842818523,-1.45187045398048,0.282692564660672,-5.1358636040648,2.80851303185969e-07,8.45518784443872e-07,"ENSG00000249926",NA
0.431954372206389,-1.37456324824234,0.295390497648719,-4.65337666304007,3.2654295698655e-06,8.92573535155335e-06,"ENSG00000249928","UQCRBP3"
3.40849120063013,-1.59414065707046,0.126567360354813,-12.5951955749217,2.24403039316914e-36,3.05256945305888e-35,"ENSG00000249931","GOLGA8K"
1.03372039751606,-1.01458369354267,0.209155936794815,-4.85084817141953,1.22934627159927e-06,3.49867354250494e-06,"ENSG00000249934",NA
9.72809742965297,-3.70236846174091,0.31442596945123,-11.7750084962851,5.25118096926065e-32,5.98867127439367e-31,"ENSG00000249955",NA
0.511739825386108,-2.02741629777955,0.268370325351324,-7.55454722918958,4.2031942726265e-14,2.0444166253963e-13,"ENSG00000249984",NA
1.98023617033535,-2.26145830222689,0.257766616565352,-8.77327844994053,1.73538199366133e-18,1.06319886593752e-17,"ENSG00000250048",NA
21.9398312561453,-1.19759902682011,0.0953589369504992,-12.5588546298684,3.55440810422507e-36,4.79369316323648e-35,"ENSG00000250073","ESAM-AS1"
0.670777502738454,-1.10917031287981,0.234830741866283,-4.72327559869221,2.32076009546342e-06,6.42963142159558e-06,"ENSG00000250115",NA
0.492116780293701,-1.46960655394288,0.440299833626486,-3.3377404252884,0.000844626141557043,0.00176537991632484,"ENSG00000250125","LINC02232"
0.943716418669827,-1.67741120656157,0.230251683773328,-7.28512026089198,3.2138348639444e-13,1.48825467167578e-12,"ENSG00000250126","LOC101927414"
194.842443219669,-1.22608382646958,0.144600371178217,-8.47911949657763,2.26904541015888e-17,1.31181326898409e-16,"ENSG00000250208","FZD10-AS1"
12.4469151994688,-1.10040286303785,0.115131862953551,-9.55776129047605,1.20331395138971e-21,8.62132068357727e-21,"ENSG00000250240",NA
8.45056191942319,-2.84121102566928,0.305227577147822,-9.30850040556224,1.29649843664261e-20,8.8495854252098e-20,"ENSG00000250266","LINC01612"
3.24668416504786,-1.02479660486364,0.312807968323577,-3.27612052325841,0.00105243638485721,0.00216888451473284,"ENSG00000250280",NA
2.51229083451793,-2.92810225277811,0.172949868696734,-16.9303525631032,2.68765429753214e-64,9.06161276528957e-63,"ENSG00000250282",NA
112.92059847352,-1.29999259072025,0.115115826980952,-11.2929092794108,1.42248891164901e-29,1.46751601544151e-28,"ENSG00000250303","LINC02762"
412.922175309635,-1.95581930054975,0.148702742943471,-13.1525435364246,1.64544674039989e-39,2.50901824737616e-38,"ENSG00000250305","TRMT9B"
10.5483655528536,-1.90323986751955,0.114635041482813,-16.6026011148162,6.67352121943652e-62,2.08292118321305e-60,"ENSG00000250327","RPSAP70"
3.40861386915964,-1.31357508754044,0.230179521137182,-5.70674176855888,1.15159290657213e-08,3.89171306721243e-08,"ENSG00000250331","LINC01340"
23.8052550965554,-1.91575690578806,0.118587457247775,-16.1548021203061,1.05055143415987e-58,3.01208373492516e-57,"ENSG00000250334","LINC00989"
2.08844839943186,-2.70566579719986,0.209260051512347,-12.9296814066789,3.0608455837341e-38,4.46544189758528e-37,"ENSG00000250343",NA
0.413841161745229,-1.10213581272238,0.385001434621779,-2.86267975547962,0.00420074904423437,0.00796178046954936,"ENSG00000250344",NA
0.295715694095095,-1.24689090816551,0.404091068004295,-3.08566807557413,0.0020309540268743,0.0040279425188371,"ENSG00000250348",NA
0.443492485969521,-1.14774557982631,0.320160139702303,-3.58491091643552,0.00033719328042483,0.000740202981221242,"ENSG00000250425","OR7E35P"
0.617888175308676,-1.23248457786186,0.234490920542864,-5.25600127718616,1.47221267550579e-07,4.54381944749613e-07,"ENSG00000250427","LINC02148"
67.8726979672297,-1.01436457403403,0.114499495714939,-8.85911826685609,8.06497749610307e-19,5.01288365124933e-18,"ENSG00000250451","HOXC-AS1"
0.791655922184111,-1.3571216120014,0.276913514942233,-4.90088615676453,9.54053321783932e-07,2.74065803133878e-06,"ENSG00000250523",NA
39.9633860064686,-3.41287266731886,0.433055515576728,-7.88091259563734,3.2499859437041e-15,1.68787887873023e-14,"ENSG00000250538",NA
0.762835288474332,-4.42607359622597,0.444640597509872,-9.95427232918763,2.41583708478024e-23,1.88414056213285e-22,"ENSG00000250572",NA
23.6629256784525,-1.80073649086378,0.127479518441496,-14.1256926044177,2.6379349365737e-45,4.96790341239175e-44,"ENSG00000250602",NA
0.357488243818166,-1.04747290458031,0.400857693683353,-2.61307920762458,0.00897305037847605,0.0162146435195107,"ENSG00000250619",NA
27.6807441404284,-1.58068356403086,0.230611083912616,-6.85432606799516,7.16494869481918e-12,3.04373729356966e-11,"ENSG00000250620",NA
0.713266223178156,-3.35786205626787,0.333816890949715,-10.0589938595219,8.3850889703098e-24,6.68212928422392e-23,"ENSG00000250626","LOC101930028"
0.347800669228751,-1.34902040447851,0.474163621919396,-2.84505251376672,0.0044404101806288,0.00838748035617118,"ENSG00000250646",NA
23.96476047504,-1.37797001117272,0.095213766813732,-14.472382064964,1.8109033865379e-47,3.64692649218289e-46,"ENSG00000250654",NA
0.902309967059067,-1.10632610387765,0.219990629834014,-5.02896920979039,4.93123559491359e-07,1.45352219362809e-06,"ENSG00000250662",NA
1.86517248341876,-2.20204929480132,0.215864488417491,-10.2010724920278,1.96094984202094e-24,1.6112005990606e-23,"ENSG00000250685","ADAD2-AS1"
0.872751223615997,-3.11509556459582,0.291783355821841,-10.6760564043203,1.31750311075449e-26,1.19119784933474e-25,"ENSG00000250692",NA
0.646920672974887,-1.81460821410694,0.210763311875917,-8.60969681087217,7.32540576570346e-18,4.34141749424608e-17,"ENSG00000250699",NA
3337.48967090508,-1.47450362451993,0.109325673044218,-13.487258605063,1.85884611449527e-41,3.0209402084623e-40,"ENSG00000250722","SELENOP"
0.20747684519004,-1.60761226630423,0.637302241003015,-2.522527245117,0.0116514923972915,0.0207056009181839,"ENSG00000250739","LINC01262"
3.04477155014168,-1.38140333190534,0.17188365995552,-8.03685081096611,9.21767849213646e-16,4.93539312201897e-15,"ENSG00000250748","LOC105369187"
107.631799086955,-1.12225925378857,0.0930816378269165,-12.0567201006432,1.78761075930268e-33,2.17151195431519e-32,"ENSG00000250802","ZBED3-AS1"
0.624592329493013,-4.01816563923324,0.382054078466478,-10.5172693231327,7.19280111915104e-26,6.29649372590036e-25,"ENSG00000250821","EXOC1L"
1.13953328010556,-1.08255681229744,0.256576254270516,-4.21924006715006,2.45127153107105e-05,6.11032357198823e-05,"ENSG00000250829",NA
0.737365852225545,-1.75012626293903,0.284831674417805,-6.14442290000325,8.02547601318804e-10,2.95837928592628e-09,"ENSG00000250831",NA
2.30166329274194,-1.23338368812257,0.223568937053316,-5.51679363143563,3.45240436744816e-08,1.12344422498432e-07,"ENSG00000250853",NA
0.909587839037464,-2.62172839248288,0.362918822934781,-7.22400775821436,5.04773760147779e-13,2.30760599701146e-12,"ENSG00000250921",NA
1.83120517467627,-1.664970232255,0.207818146952154,-8.01166912838623,1.13161975574373e-15,6.03270307084481e-15,"ENSG00000250927","MESTP3"
9.89359783316832,-3.73780471366285,0.18583710535493,-20.1133390800724,5.63965277832915e-90,4.10008747511001e-88,"ENSG00000250934","LOC105374088"
24.7839882005063,-3.45038841091459,0.237278251482125,-14.5415283084827,6.61002406572125e-48,1.35567745286261e-46,"ENSG00000250961",NA
0.324801128935241,-3.60090958766845,0.631739425767656,-5.69999186498898,1.19813145366509e-08,4.04385191582207e-08,"ENSG00000250968",NA
1.34226192856443,-1.50313004159061,0.197988860789579,-7.59199298180784,3.1502208573128e-14,1.5422755086231e-13,"ENSG00000250969",NA
10.3006689529996,-2.72584583208996,0.161598852960548,-16.8679776010257,7.74013547497833e-64,2.56985371175476e-62,"ENSG00000250971",NA
2.02441571518805,-1.27519257376902,0.16894060658484,-7.54817091963402,4.41413399325725e-14,2.14396958249143e-13,"ENSG00000251008","LTO1P1"
0.274201347541627,-2.37308916510372,0.599685230531279,-3.95722463099737,7.58256195572967e-05,0.0001791059228413,"ENSG00000251061",NA
0.440499299846875,-1.08308870175402,0.444455059546137,-2.43689137628455,0.0148141286607974,0.0258709959954364,"ENSG00000251074",NA
2.5457762977005,-2.01529564796841,0.172643995833909,-11.673129078333,1.74870751818275e-31,1.95201717605162e-30,"ENSG00000251189",NA
13.6529455636954,-1.10688229999248,0.2140430652829,-5.17130652436469,2.32462879612327e-07,7.0511532524385e-07,"ENSG00000251209","LINC00923"
10.2319475642033,-2.46301835106815,0.139416336042339,-17.6666409474437,7.57767993604675e-70,3.07927604525869e-68,"ENSG00000251257","EGFLAM-AS5"
6.01519068169072,-1.40192936881248,0.150730035917209,-9.30092904364806,1.39223782674767e-20,9.48955957881362e-20,"ENSG00000251314",NA
0.505994822537829,-1.58843394709411,0.443901398991514,-3.57834859431133,0.000345772078507783,0.000758270713658987,"ENSG00000251321","PCAT4"
1743.64113436605,-1.36015592278792,0.0788081878280444,-17.2590686358086,9.56411122128369e-67,3.48188881923785e-65,"ENSG00000251322","SHANK3"
13.9118202617556,-1.18966664084723,0.136966593448703,-8.68581608764909,3.76032873454352e-18,2.26271476603844e-17,"ENSG00000251323","LINC02728"
1.27448022694174,-4.0874286269251,0.414576716582353,-9.85928168041043,6.2494871974162e-23,4.77837426792547e-22,"ENSG00000251325",NA
27.594805485245,-1.06305364416158,0.105709473270284,-10.0563706475341,8.61146397928917e-24,6.85568692668235e-23,"ENSG00000251359","WWC2-AS2"
0.806105071941928,-1.17423073979299,0.211061939311786,-5.56344144103777,2.6450564987505e-08,8.68750646844014e-08,"ENSG00000251388",NA
1.05139780411681,-1.47972037113831,0.207937494073251,-7.11617872348235,1.10960394398076e-12,4.97390764933739e-12,"ENSG00000251399",NA
0.681094882494204,-1.90475737259771,0.268606320306991,-7.09126043802976,1.32895973589476e-12,5.92945250015997e-12,"ENSG00000251443","LINC02160"
2.45132916133386,-3.70298751391677,0.211998064388959,-17.4670817141179,2.55219534888099e-68,9.77423494523486e-67,"ENSG00000251448",NA
11.0735749636346,-1.19583751315074,0.132474801117018,-9.02690551763447,1.76594774402235e-19,1.13642117415864e-18,"ENSG00000251450",NA
8.72279403178486,-1.26794932014443,0.181110067649308,-7.00098750224984,2.5416461880927e-12,1.11246362937622e-11,"ENSG00000251468","LOC100422204"
1.17154980231619,-1.72833118984594,0.265941091980662,-6.49892491970219,8.08960193436192e-11,3.19753179337744e-10,"ENSG00000251491","OR7E28P"
0.795850366412796,-1.00419964792713,0.455007218605634,-2.20699717908761,0.0273142564209066,0.045501600317303,"ENSG00000251511",NA
0.67002582690243,-1.56755039689405,0.168656235215091,-9.29435188029019,1.48105757248956e-20,1.00834827764637e-19,"ENSG00000251548",NA
3.10144858348715,-2.07453886021064,0.178446580768823,-11.6255455905776,3.05634457429074e-31,3.37006832115695e-30,"ENSG00000251576","LINC01267"
2.35332815421612,-2.16430774324353,0.151152168173188,-14.3187343549296,1.67139406962449e-46,3.25249755790858e-45,"ENSG00000251632","LINC02172"
0.958870894610472,-1.58314727043185,0.326701529222896,-4.84585203564116,1.26069450828211e-06,3.58349889598315e-06,"ENSG00000251679",NA
0.193059413930867,-1.2402823463901,0.511768815230427,-2.42352075679261,0.0153708748329936,0.026758424957259,"ENSG00000251767","RNU7-8P"
0.462172290886119,-1.15618540187829,0.258135600109462,-4.47898469404457,7.4998910555153e-06,1.97689139783086e-05,"ENSG00000251787","RNU7-47P"
0.624319142733785,-2.29501231792346,0.268782787717612,-8.5385390091818,1.35929505337113e-17,7.95259812028461e-17,"ENSG00000251985","RNU6-1161P"
0.916018890135948,-1.96289755927565,0.182131012699601,-10.7773933180351,4.40183083675135e-27,4.06499065899686e-26,"ENSG00000252002","RNA5SP154"
0.379506148668954,-1.32215882600121,0.319339477661259,-4.14029244265159,3.46863333937164e-05,8.50471971797828e-05,"ENSG00000252003","RNU7-154P"
7.18974924177035,-1.36330043437065,0.107883061200799,-12.6368349136218,1.32272064530273e-36,1.82206860599349e-35,"ENSG00000252061","RNU6-415P"
0.338431712409293,-2.5705749061376,0.389760470826483,-6.59526837261541,4.24487287167914e-11,1.71102018578283e-10,"ENSG00000252081","RNU6-277P"
0.396065533091041,-2.09761995133439,0.369876546739298,-5.67113532833122,1.41854285654866e-08,4.76360750383728e-08,"ENSG00000252210",NA
0.841526274994835,-1.36844848274571,0.218377888344691,-6.26642419302876,3.69433104810875e-10,1.39619310968597e-09,"ENSG00000252339","RNU6-1061P"
1.0846478108598,-3.82400493325898,0.218822056561022,-17.4754089846176,2.20558453654479e-68,8.46033267781113e-67,"ENSG00000252410",NA
0.817356900201729,-1.58870631834458,0.250308531686063,-6.34699228045944,2.19565143857319e-10,8.4269534905104e-10,"ENSG00000252469","RNU7-160P"
0.148434698327963,-1.54184630942857,0.649603999824301,-2.37351726566584,0.0176195692620606,0.0303805356418816,"ENSG00000252512","RNA5SP206"
0.358000153780449,-2.55228064040105,0.355635875957594,-7.17666808369296,7.1430819705732e-13,3.23708907690278e-12,"ENSG00000252608","RNU6-1191P"
0.180642318186175,-1.62262704746761,0.59428201044876,-2.73039906801539,0.00632576999718395,0.0116901693564159,"ENSG00000252769","RNU6-943P"
0.159539273499626,-1.72616894840158,0.602634998504736,-2.8643689010505,0.00417841076387738,0.00792288992351151,"ENSG00000252955","RNU4ATAC9P"
7.82652160035908,-1.85768001971194,0.138533020697577,-13.4096550436688,5.30851648448428e-41,8.52315766660998e-40,"ENSG00000253105",NA
0.5943724034993,-2.96154626730689,0.397401573139947,-7.45227615458878,9.17434349399487e-14,4.3722550163861e-13,"ENSG00000253139",NA
0.213674015073843,-2.67632254532776,0.746969450623467,-3.58290763175648,0.000339790785083039,0.000745768313405489,"ENSG00000253156","H2AZP7"
22.0853259120523,-3.28817171118981,0.13849191030931,-23.7426987890192,1.30714592504074e-124,2.1373843436417e-122,"ENSG00000253177","LOC101926956"
5.55057822836707,-1.46305446259206,0.161586254445545,-9.05432499572614,1.37415044285028e-19,8.88828779761806e-19,"ENSG00000253187","HOXA10-AS"
5.92423876441573,-1.54818947480568,0.201244802817729,-7.69306562519236,1.43650784474258e-14,7.19982119903934e-14,"ENSG00000253190",NA
21.4243656569818,-1.04046028913408,0.13582580565809,-7.66025486904305,1.85564455306199e-14,9.22527036808134e-14,"ENSG00000253194",NA
0.518127741948564,-1.98379693778864,0.32214788258071,-6.15803190105286,7.36545215794613e-10,2.72367098554491e-09,"ENSG00000253220",NA
28.168567355451,-2.02298619610701,0.122403809497714,-16.5271506206249,2.33944299032233e-61,7.19863286232132e-60,"ENSG00000253250","C8orf88"
186.601239817981,-1.38586458732807,0.14107251366797,-9.82377467654579,8.89491306439919e-23,6.74937099960984e-22,"ENSG00000253293","HOXA10"
1.32556792031161,-1.41209605763112,0.164244199344884,-8.59753990255669,8.14430670517658e-18,4.81245355506919e-17,"ENSG00000253295","LOC101928093"
150.099432867302,-1.165824552305,0.108174592686109,-10.7772492907635,4.40872673237596e-27,4.07057424837411e-26,"ENSG00000253305","PCDHGB6"
0.826247753496463,-1.86518250839883,0.258448255890246,-7.21685082367479,5.32052866487298e-13,2.42906926180736e-12,"ENSG00000253343",NA
1.35214548462938,-3.18947103018662,0.30206624857007,-10.5588460984471,4.62309724294774e-26,4.08206024529351e-25,"ENSG00000253389",NA
0.221031744468088,-2.70738548790094,0.665057676150581,-4.07090329905153,4.68311881210764e-05,0.000113180095988739,"ENSG00000253397","LOC105379342"
0.369791438653834,-1.44789169561833,0.391060131282313,-3.7024784164793,0.000213503528971113,0.000479444765549849,"ENSG00000253398",NA
1.08679138781012,-3.64427368859227,0.216647102084419,-16.8212436424478,1.70540843003634e-63,5.60398613738278e-62,"ENSG00000253428",NA
9.10604352362375,-5.08285254565236,0.26744816878276,-19.0050003661869,1.55044934154477e-80,8.60741922982736e-79,"ENSG00000253434","LINC02237"
1.41161671772983,-1.07859172516386,0.20747144706012,-5.19874778167094,2.00635544149037e-07,6.12023998483405e-07,"ENSG00000253455",NA
2.85011935678234,-1.96826615818112,0.339230040718756,-5.80215759786718,6.54669847212515e-09,2.25470723743452e-08,"ENSG00000253474","LOC105375826"
1.37537422619601,-1.8240640999473,0.257140707509071,-7.09364191153183,1.30627870355914e-12,5.8315144136711e-12,"ENSG00000253505","LINC02949"
1.60993920342431,-1.36943657880372,0.352183434992821,-3.8884184851898,0.000100899545841444,0.000235031428871348,"ENSG00000253509",NA
35.8974849053314,-1.12180885782288,0.103768936260102,-10.8106423584319,3.06516142615351e-27,2.85149289178669e-26,"ENSG00000253520",NA
4.90129410549023,-1.28046559955527,0.0970262059362316,-13.1971108959658,9.11649020803514e-40,1.40080515031098e-38,"ENSG00000253541",NA
98.5312988082118,-1.53827641839266,0.120615775358407,-12.7535259282769,2.97957651354302e-37,4.20351916265742e-36,"ENSG00000253552",NA
0.694787528125137,-1.50302081374299,0.340310177359185,-4.41662022983405,1.00256146745701e-05,2.60905594274118e-05,"ENSG00000253595","LINC01300"
1.47570943826838,-1.49426169938718,0.215105678050832,-6.94663996286546,3.74088781780547e-12,1.62122058209914e-11,"ENSG00000253608","LOC101929268"
0.831686188783555,-1.05521795434002,0.351786661536227,-2.99959626022193,0.00270337685827783,0.00526306575968511,"ENSG00000253631",NA
41.4793619918684,-1.29583994443364,0.179464914094941,-7.22057540310138,5.17680552175345e-13,2.36548166473255e-12,"ENSG00000253641","LINC03022"
2.28715938285491,-2.32812615387482,0.226100624402669,-10.2968585780135,7.27999230321464e-25,6.09443353568082e-24,"ENSG00000253647","KCNIP1-OT1"
37.9722580101533,-1.49374612509666,0.178088311066912,-8.38767079179846,4.95868481801214e-17,2.81949429896702e-16,"ENSG00000253649","PRSS51"
40.1221652312426,-1.00547626316976,0.155999541651854,-6.44537959870223,1.15311437744781e-10,4.51316966126333e-10,"ENSG00000253661","ZFHX4-AS1"
1.12827404308176,-1.71730599828788,0.254328072456549,-6.75232577237921,1.45493730256602e-11,6.04667298455394e-11,"ENSG00000253678",NA
70.5980843227341,-3.12562814157082,0.167403866061035,-18.6711825426494,8.49508372943055e-78,4.39050120255682e-76,"ENSG00000253686","LINC01484"
2.87711663050616,-1.70065058920118,0.125011169263226,-13.6039891413244,3.79174721450284e-42,6.33854183694456e-41,"ENSG00000253688",NA
1.66961647517473,-1.66276076773649,0.187624821288761,-8.86215776950665,7.8480428568059e-19,4.87931135828667e-18,"ENSG00000253702",NA
0.505966042148503,-1.00230747600956,0.419344943999211,-2.39017422375657,0.0168403819986707,0.0291345358594704,"ENSG00000253715",NA
0.635723494173733,-1.83805529785837,0.237614982836194,-7.73543518139796,1.03049993166116e-14,5.2046438673715e-14,"ENSG00000253745",NA
26.3699338362228,-1.12904986579152,0.121168915992845,-9.31798272304587,1.18573173304908e-20,8.10737938210096e-20,"ENSG00000253771",NA
0.59825086153359,-2.70383896976397,0.318987743055906,-8.47630991667944,2.32449033509085e-17,1.34321953870706e-16,"ENSG00000253775","LOC105379311"
0.536521298240357,-1.73072275481899,0.290875548189091,-5.95004552838486,2.68067911238691e-09,9.51977883585032e-09,"ENSG00000253813",NA
5.22901071015952,-1.54281177179393,0.148104670710252,-10.4170365755192,2.07312216348105e-25,1.78172064367033e-24,"ENSG00000253829",NA
23.1280216432566,-1.44444903087447,0.277388474976507,-5.20731451080226,1.91593200739578e-07,5.85111566001606e-07,"ENSG00000253831","ETV3L"
15.4967260025746,-1.42342117250654,0.165466962687522,-8.60244939163244,7.80325656441274e-18,4.61548175309894e-17,"ENSG00000253853",NA
0.23141633333042,-1.69613156745832,0.469636390922885,-3.6115846221483,0.000304331744845235,0.000671511716277585,"ENSG00000253855",NA
8.60678965640887,-1.31788351848023,0.172496082721516,-7.64007795242441,2.17090265669726e-14,1.07512865704327e-13,"ENSG00000253875",NA
0.534890154499699,-1.14465760695783,0.425176683494885,-2.69219280217562,0.00709838962697866,0.0130270377318834,"ENSG00000253888","LOC105379340"
5.25449094417311,-1.59784702630775,0.190305458308028,-8.39622279105354,4.61070433583709e-17,2.62599672765044e-16,"ENSG00000254040",NA
2.60383068158743,-1.73588445756409,0.175371904387178,-9.8983041988966,4.23393148111428e-23,3.26541624694438e-22,"ENSG00000254041","LINC03084"
45.6891533501709,-2.10916910850116,0.101728220862901,-20.7333726139149,1.73215276659059e-95,1.416167901832e-93,"ENSG00000254109","RBPMS-AS1"
244.476389032261,-1.70191183076205,0.108675458031395,-15.6604983460974,2.81681362145525e-55,7.34640939596739e-54,"ENSG00000254122","PCDHGB7"
3.71083959647661,-4.07394080573859,0.311610627605517,-13.0738185569717,4.64728170216365e-39,6.97966352196427e-38,"ENSG00000254135","LOC124901122"
2.38262138909794,-1.96088259180693,0.208504364018436,-9.40451582890391,5.22702995949476e-21,3.63939842115091e-20,"ENSG00000254139","LINC03018"
0.900867123462954,-1.97691871441939,0.201281017279249,-9.82168483219006,9.08128844980871e-23,6.88424888655594e-22,"ENSG00000254152","PPIAP84"
5.40575762780634,-1.19856266002802,0.145655039640124,-8.2287757635394,1.89136457784909e-16,1.04648662576221e-15,"ENSG00000254192",NA
38.5451786205655,-3.88152084112751,0.185156121067662,-20.9635026848994,1.41297106363759e-97,1.22636673295067e-95,"ENSG00000254211","LINC01485"
48.8226720428922,-1.65437783308062,0.131625857542641,-12.5687905398426,3.1348283641921e-36,4.23427197430064e-35,"ENSG00000254245","PCDHGA3"
4.91991722276606,-1.87810455010629,0.268974171454341,-6.98247173678941,2.90031329950199e-12,1.26528874685067e-11,"ENSG00000254254","PENK-AS1"
0.788177397678017,-2.3159065774667,0.455094891473496,-5.08884327391219,3.60254185677993e-07,1.07443837374456e-06,"ENSG00000254302",NA
20.5908716838826,-1.42548230863345,0.169048666202516,-8.43237832427354,3.38709894504418e-17,1.94133162408263e-16,"ENSG00000254319","LINC03021"
1.00427338506995,-1.15671290792311,0.286890155479939,-4.03190170812253,5.53273278210725e-05,0.000132656004199158,"ENSG00000254350",NA
18.3838421980717,-1.75283155454925,0.204073273723904,-8.58922642129366,8.75568227594312e-18,5.16288908111304e-17,"ENSG00000254366",NA
16.2332081874932,-1.81656896237961,0.170681734546802,-10.6430191092386,1.87939079655623e-26,1.68585682574441e-25,"ENSG00000254369","HOXA-AS3"
2.38227055040305,-1.12892979129775,0.17561357273894,-6.42848826369457,1.28879201573556e-10,5.02735918204612e-10,"ENSG00000254398","LOC100419574"
4.24116508250056,-1.49881187627242,0.33412184106832,-4.4858243073249,7.26325754934293e-06,1.9173655253128e-05,"ENSG00000254399",NA
0.225271755189741,-1.51098533550818,0.448172144672144,-3.37143964316106,0.000747764217917269,0.00157184028081855,"ENSG00000254403","OR10Y1P"
10.2173473402594,-1.5986974836311,0.310737240323535,-5.14485319482969,2.67730094592998e-07,8.07466516824224e-07,"ENSG00000254404",NA
0.933576174108815,-1.44934364317475,0.220663702497807,-6.56811078020028,5.09576262937135e-11,2.04504931791909e-10,"ENSG00000254418",NA
0.571060361187017,-2.03520862413401,0.317537088984723,-6.40935718923822,1.46134460242177e-10,5.67734511044657e-10,"ENSG00000254447",NA
0.611389977425107,-2.75838189506985,0.464406066867086,-5.9395905692578,2.85734785846123e-09,1.01284060298074e-08,"ENSG00000254456",NA
0.555727903527806,-2.06797308652682,0.315130834011176,-6.56226831314603,5.2995344427526e-11,2.12398105364127e-10,"ENSG00000254460",NA
0.535575013253701,-1.71251813709664,0.239916482904542,-7.13797616722325,9.47150479223809e-13,4.26324496989973e-12,"ENSG00000254499",NA
14.7959545480976,-1.10581764464566,0.204757963138535,-5.4006087367527,6.64151393573132e-08,2.11032585661817e-07,"ENSG00000254506","KIAA1191P2"
27.9287069768687,-1.56652303934859,0.146962169189689,-10.6593625283703,1.57674455365983e-26,1.41915896234909e-25,"ENSG00000254510",NA
9.35200681645834,-1.42869360586732,0.124659875760028,-11.4607334329257,2.07748020845613e-30,2.21823215482802e-29,"ENSG00000254528","FXYD6-AS1"
2.25753153115897,-2.45422179284706,0.287099611974602,-8.54832849117248,1.24883862889531e-17,7.31977718502253e-17,"ENSG00000254529","MRGPRX7P"
0.30606239664306,-2.04635649163952,0.680793697104461,-3.00583936123828,0.00264848874352142,0.00516439135946728,"ENSG00000254530","LINC02755"
2.40536267593674,-1.23229946166747,0.226941522891878,-5.4300308113054,5.6344323378992e-08,1.79951772087694e-07,"ENSG00000254532","ARL14EP-DT"
0.327562388226884,-1.58410482448256,0.336175455007261,-4.71213707273289,2.45132395589e-06,6.77646591233569e-06,"ENSG00000254567","UBTFL9"
0.234538799907913,-1.79372730234968,0.591069796626239,-3.03471318038593,0.00240764534247413,0.00472089254145598,"ENSG00000254573",NA
21.9163101539857,-1.51810405415296,0.143293770287863,-10.5943478987484,3.16539388670558e-26,2.81414030640313e-25,"ENSG00000254602","MIR130AHG"
4.60998908530442,-1.18427711435019,0.230889048878289,-5.12920435206292,2.90969350377432e-07,8.74770430257452e-07,"ENSG00000254620",NA
1.52152526246153,-1.53141704945345,0.168271792918833,-9.10085417698105,8.96241479830296e-20,5.84282613942978e-19,"ENSG00000254636","ARMS2"
0.537378918841258,-1.16470244083743,0.453199476810953,-2.56995539587367,0.0101711609939911,0.0182243286294219,"ENSG00000254661","LINC02682"
4.22550418042604,-1.36722678732695,0.285843332149119,-4.78313339355314,1.72583511144649e-06,4.84386410014067e-06,"ENSG00000254675","LOC124902723"
0.22282680432521,-1.26531277940252,0.453973997414896,-2.78719218855639,0.00531669370469337,0.0099330367880151,"ENSG00000254699",NA
32.6372655506022,-1.41184392552033,0.104753109604953,-13.4778235304394,2.11246816718198e-41,3.42382780411667e-40,"ENSG00000254703","SENCR"
0.671712311935521,-2.57083897120854,0.233236499035834,-11.0224556698287,2.97821515706645e-28,2.89718351624474e-27,"ENSG00000254707",NA
0.626356161835287,-1.77984492410128,0.255911728323827,-6.95491736841812,3.52768745785827e-12,1.53117871087144e-11,"ENSG00000254743","OR10V3P"
2.2295188055122,-1.36411000064308,0.164583296528267,-8.28826514851581,1.14912188167528e-16,6.4180962171908e-16,"ENSG00000254744",NA
0.531340436674519,-3.03759757567769,0.445061980806569,-6.82511134780097,8.78571439908603e-12,3.70661832388351e-11,"ENSG00000254754",NA
1.97920231518633,-1.79353346115892,0.259179614924154,-6.9200406123135,4.51514185027879e-12,1.94340531890088e-11,"ENSG00000254781","GVINP2"
34.9039261869334,-1.09679385655842,0.115251798922523,-9.51650097275909,1.79108295634348e-21,1.27366773139301e-20,"ENSG00000254810",NA
7.67995558232076,-2.36663730298564,0.218549215463007,-10.8288528877663,2.51283455077963e-27,2.34769702277403e-26,"ENSG00000254814",NA
1.84347258871843,-2.84003752494416,0.328740681892725,-8.63914228258164,5.66366055141044e-18,3.37915288939071e-17,"ENSG00000254826",NA
6.4377355276171,-2.35295874556133,0.113328309535044,-20.7623210406553,9.48720203560145e-96,7.78307961516551e-94,"ENSG00000254847",NA
42.7818966878948,-1.22427119213094,0.239919948334924,-5.10283200970799,3.34608007729098e-07,1.00050362917688e-06,"ENSG00000254851",NA
8.78783373481167,-3.02583319775104,0.136212041023088,-22.2141388898075,2.5074221515258e-109,2.88082962301201e-107,"ENSG00000254862","LGR4-AS1"
0.866178714902832,-2.74919956557842,0.256110359571155,-10.7344332739286,7.01480498574654e-27,6.4149514576659e-26,"ENSG00000254863","LINC02744"
2.31797422963584,-1.45255587552771,0.306104488368023,-4.74529427278874,2.08203427037235e-06,5.79337100090251e-06,"ENSG00000254933",NA
9.57243929600052,-2.87818391703671,0.237233756659056,-12.1322696970699,7.12469444032783e-34,8.80206577194704e-33,"ENSG00000254951","LOC283299"
1.80896665728033,-1.29442897299275,0.171658620496382,-7.54071638959743,4.67396626077259e-14,2.26489049816542e-13,"ENSG00000254952",NA
0.208485200392103,-1.42468455649132,0.490320753216755,-2.90561749047875,0.00366529214777948,0.00700427373459834,"ENSG00000254959","INMT-MINDY4"
2.66792152075281,-2.31251769161778,0.160066461259504,-14.4472344388789,2.60955202669601e-47,5.23988422460209e-46,"ENSG00000254965","C1DP5"
0.963420945160138,-1.42447606995018,0.247989289330751,-5.74410319814382,9.24094200943346e-09,3.145978339174e-08,"ENSG00000254979",NA
2.7978312778885,-1.06509447292791,0.141225257365997,-7.54181293624861,4.63482284519528e-14,2.24660423425036e-13,"ENSG00000254990",NA
1.72981015598451,-1.47830090585463,0.228395565337034,-6.47254645103622,9.63648819879152e-11,3.7895768661586e-10,"ENSG00000254991",NA
10.1827518236816,-1.19959609445393,0.12016979649386,-9.98250916165294,1.81809957679685e-23,1.42631653388467e-22,"ENSG00000255008","LINC02739"
7.17131073320065,-2.7028498885644,0.311712663528062,-8.67096594014723,4.28469874963892e-18,2.57339748144918e-17,"ENSG00000255021",NA
1.20686419365246,-1.46884350356706,0.397969371028054,-3.69084560395357,0.000223509780988444,0.00050081159887552,"ENSG00000255042",NA
2.22467606199068,-1.20116261403442,0.181380327074422,-6.62234230916107,3.53551143411723e-11,1.43183730184748e-10,"ENSG00000255045",NA
3.20037544710832,-1.39628498129452,0.272983307852229,-5.11490974404322,3.13891008915716e-07,9.40848238060057e-07,"ENSG00000255084","NARS2-AS1"
7.99107578670832,-1.27184839988372,0.16246537499941,-7.82842744115995,4.94009916908156e-15,2.54003167193279e-14,"ENSG00000255122",NA
12.1609431568256,-1.00557183669545,0.205991240137082,-4.88162426725655,1.05215586568749e-06,3.01217732447491e-06,"ENSG00000255151","GLYATL1B"
19.3790181476877,-1.36131161872276,0.139255631037614,-9.77563067704648,1.43262264996332e-22,1.07345872942982e-21,"ENSG00000255176",NA
11.375644712782,-2.31348185272308,0.168537741691003,-13.7267880150229,7.01762798193864e-43,1.2076672292194e-41,"ENSG00000255191",NA
7.90768094925447,-3.55226105196139,0.273312974292201,-12.9970450951357,1.27162403656471e-38,1.87919517556494e-37,"ENSG00000255216",NA
0.323495389495859,-1.07563202072712,0.450582607353469,-2.3872027086108,0.0169771274716304,0.0293530919222596,"ENSG00000255219",NA
886.706815792065,-1.6087123234497,0.105081506381739,-15.3091859723213,6.63896326385847e-53,1.60886560430682e-51,"ENSG00000255248","MIR100HG"
17.371624465527,-1.85592497884545,0.167746949245349,-11.0638374479821,1.87883317358489e-28,1.84381190795682e-27,"ENSG00000255274","SMIM35"
103.420741492215,-1.37440836815504,0.142774098205372,-9.62645455605005,6.18259209741065e-22,4.4900407365006e-21,"ENSG00000255310",NA
6.44127189386478,-1.05462521014879,0.140092408446602,-7.52806823612268,5.14964804727711e-14,2.48910046352952e-13,"ENSG00000255328",NA
1.2383954156229,-1.28555544338715,0.196595234203364,-6.53909769784825,6.1891087112708e-11,2.46404997435157e-10,"ENSG00000255342",NA
12.4320357955585,-1.19370583091412,0.154065315036454,-7.74805043323132,9.33140811679702e-15,4.72737403907947e-14,"ENSG00000255362","LINC02761"
55.4828725667146,-1.59790753288983,0.0915246850382914,-17.4587602483561,2.95277219376556e-68,1.12902885716926e-66,"ENSG00000255389",NA
23.6640879520378,-2.21182818509555,0.124649100495982,-17.7444375955754,1.90295728179169e-70,7.8527720388148e-69,"ENSG00000255398","HCAR3"
0.318458135126256,-1.62540705589816,0.532029845924282,-3.05510502530996,0.00224981722579765,0.00443155627545801,"ENSG00000255403",NA
8.54673014854977,-1.19608420835672,0.105518900870956,-11.3352603039285,8.77707499862606e-30,9.16542421935864e-29,"ENSG00000255410",NA
0.357597118081603,-1.60441115071972,0.360364851397705,-4.45218545731327,8.50007010780007e-06,2.22601074094437e-05,"ENSG00000255470",NA
103.012985972075,-3.18648415214856,0.119359294652483,-26.6965732448911,5.15838378326954e-157,1.55432809469461e-154,"ENSG00000255471",NA
0.335231607220824,-1.31434396927625,0.357384496289841,-3.67767483738384,0.000235369738826427,0.000526219029447651,"ENSG00000255479",NA
1.08049103548451,-1.52169465934577,0.314260584366884,-4.84214290637629,1.28446330082632e-06,3.64867999185279e-06,"ENSG00000255480",NA
18.4934144988533,-1.07762228258205,0.130180117616039,-8.27793293105214,1.25331779640008e-16,6.98539502390969e-16,"ENSG00000255507",NA
1.8818164841059,-1.48143611667113,0.252210958258696,-5.8737975815928,4.2592339808995e-09,1.48822068890386e-08,"ENSG00000255532","NOX4P1"
0.422877410064601,-1.75123295855918,0.322510153348747,-5.43000876212875,5.63512851717753e-08,1.79962009903997e-07,"ENSG00000255542","SLC1A2-AS2"
41.1205580462763,-2.08421551202,0.27104929198042,-7.68943352255852,1.47787898862901e-14,7.39479711177191e-14,"ENSG00000255545","B3GAT1-DT"
1.5584405886587,-1.28279608079154,0.28501774549423,-4.50075864071948,6.77113576747065e-06,1.79338335242147e-05,"ENSG00000255548",NA
1.69292728986645,-1.21619279280963,0.220169189550733,-5.52390093859787,3.31554446605399e-08,1.08067035423258e-07,"ENSG00000255553","LINC02733"
3.22410809403389,-2.27506608145864,0.309082246046919,-7.3607142129842,1.82928825248744e-13,8.57713840053565e-13,"ENSG00000255595",NA
96.5430182408602,-1.66421911258852,0.0881708058026057,-18.8749450278851,1.83314528596406e-79,9.8349373628822e-78,"ENSG00000255642",NA
0.969963309072007,-1.04220196443922,0.216488654684511,-4.81411816225669,1.47851309349143e-06,4.17613266767918e-06,"ENSG00000255644",NA
1.79806798503283,-3.089061704377,0.27333106024901,-11.3015392453488,1.28937945129279e-29,1.33421532422111e-28,"ENSG00000255648",NA
5.82839598414048,-1.13784153220303,0.164160570669303,-6.93127178812737,4.17073862023906e-12,1.80099222438624e-11,"ENSG00000255652","LINC02963"
0.314796714180378,-1.00941674496221,0.280768782413737,-3.59518866835682,0.000324156572744349,0.000712858780876791,"ENSG00000255850","RXYLT1-AS1"
0.496201986448031,-1.85323200394374,0.414878713582765,-4.4669247740859,7.93520170604661e-06,2.08452414594085e-05,"ENSG00000255892",NA
16.1015666341762,-1.70149759338924,0.119333558749243,-14.2583327877166,3.97845964611472e-46,7.65801533328069e-45,"ENSG00000255920","CCND2-AS1"
9.41746900906644,-2.16593509827826,0.222154802864957,-9.74966586517997,1.85076419241952e-22,1.37643763518813e-21,"ENSG00000255960",NA
8.49024691903261,-1.86595854521713,0.114502018193012,-16.2962939401798,1.04860701858943e-59,3.08781575049904e-58,"ENSG00000255967",NA
2.5669696508488,-2.38476718826457,0.258530581248933,-9.22431372236128,2.85382486455557e-20,1.91360040952914e-19,"ENSG00000255986",NA
0.533631217104712,-1.04090702281155,0.234481126984793,-4.43919319305838,9.02967355273929e-06,2.35909946510928e-05,"ENSG00000255991","RPL7AP74"
3.31994065658301,-1.58435546564183,0.119724978089595,-13.2332909216003,5.63643237773751e-40,8.71663896763732e-39,"ENSG00000255993","PSMC1P9"
0.631528986841291,-1.2262191716014,0.256148796327419,-4.78713618483687,1.69178040354853e-06,4.75190239397373e-06,"ENSG00000256072",NA
190.314901531857,-2.01368373117333,0.249045868887709,-8.08559379108301,6.18620496305515e-16,3.33537114314621e-15,"ENSG00000256124","LINC01152"
26.3347147717417,-1.2461804587871,0.146547525104153,-8.50359265979704,1.83811695210417e-17,1.06744464454922e-16,"ENSG00000256139",NA
1469.50490775323,-1.43462739568167,0.0820193921947535,-17.4913195195982,1.66848947632335e-68,6.44136428772376e-67,"ENSG00000256235","SMIM3"
2.14850262193413,-1.83233758292862,0.182328606974873,-10.0496439551098,9.21999335114403e-24,7.32432235870188e-23,"ENSG00000256249",NA
19.0199332193206,-1.22977013587961,0.20202656405975,-6.08717047484855,1.14923585234819e-09,4.18865649950567e-09,"ENSG00000256340",NA
1.91478845655527,-1.22638125169965,0.149322411652561,-8.21297511958994,2.15774270812585e-16,1.19167092964046e-15,"ENSG00000256407",NA
3.54498255903417,-3.07586156170549,0.167996358350992,-18.3090966488639,7.00217902545709e-75,3.32152868425395e-73,"ENSG00000256508","MRGPRF-AS1"
1.71371786114763,-3.60406530983239,0.634012250632252,-5.68453575816293,1.31168477007346e-08,4.41502672958453e-08,"ENSG00000256513",NA
1.76691944038159,-1.22217064126476,0.266468304310786,-4.58655165170911,4.50626956109578e-06,1.21529580816581e-05,"ENSG00000256609","HSPB8-AS1"
7.28976450965355,-2.35288392997365,0.227564457097718,-10.3394174994705,4.67369687656738e-25,3.94011644125186e-24,"ENSG00000256654",NA
1.6744198797675,-2.85576495386965,0.277934893744861,-10.274942147031,9.13992572813529e-25,7.61952047389876e-24,"ENSG00000256713","PGA5"
2.64561336668341,-1.85347310861613,0.241461343076592,-7.67606559708487,1.64049143988059e-14,8.18537230625692e-14,"ENSG00000256757",NA
0.490522417454043,-1.35818087259453,0.440843668879634,-3.08086736517331,0.00206398567329546,0.00408939057969419,"ENSG00000256810",NA
42.2575942072589,-1.02799506719899,0.129287578504821,-7.95122840946908,1.84671100667487e-15,9.72156074385153e-15,"ENSG00000256894",NA
0.694334478075042,-1.31376870951176,0.278074672357628,-4.72451769293876,2.30662133946837e-06,6.39193871096823e-06,"ENSG00000256906",NA
0.978923878385738,-2.30624878246224,0.270681586657255,-8.52015392307596,1.59341410303455e-17,9.27925971513132e-17,"ENSG00000256947",NA
1.05583582475014,-1.8456271871469,0.20799044074795,-8.8736154436227,7.08087673990009e-19,4.41150591168548e-18,"ENSG00000256984",NA
6.22572814363102,-1.341202638425,0.170665721895155,-7.85865271321995,3.88287128640936e-15,2.00742811408085e-14,"ENSG00000256988","KCNA6-AS1"
3.65868982619214,-1.21427318734915,0.209015204904317,-5.80949691150469,6.26608500384139e-09,2.16194823947891e-08,"ENSG00000257008","GPR142"
105.203783081407,-1.4050511716057,0.238030979626895,-5.90280800342905,3.57366084634865e-09,1.25680166739018e-08,"ENSG00000257017","HP"
0.875814189051167,-1.0817197271694,0.343425863113087,-3.14979110007564,0.0016338724505842,0.003285437299903,"ENSG00000257022",NA
1.44209524735097,-3.46431721041014,0.620765942639863,-5.58071403801217,2.39533183363499e-08,7.89273371041624e-08,"ENSG00000257046","SLCO1B3-SLCO1B7"
0.768225401764575,-1.238520958681,0.303311033419347,-4.08333631888906,4.43937015777025e-05,0.000107549668415641,"ENSG00000257198",NA
22.3396155253935,-1.8241683459859,0.123556782438612,-14.7638058387625,2.50723819246213e-49,5.4280064076304e-48,"ENSG00000257219","LNCOG"
1.97737698085564,-1.29524742456385,0.157128753932139,-8.24322342124114,1.67632136939384e-16,9.30189446463505e-16,"ENSG00000257231",NA
14.8086069617053,-1.21796790259899,0.123646270537272,-9.85042166906152,6.82570022433015e-23,5.20399900935164e-22,"ENSG00000257252",NA
4.78388609892194,-1.70215378063804,0.177743467125507,-9.5764632487794,1.00425038345681e-21,7.22210085130829e-21,"ENSG00000257259","LINC02388"
0.325368307488694,-1.49819489676995,0.314168694135972,-4.76875934723635,1.85363930157358e-06,5.18616321761215e-06,"ENSG00000257319",NA
2.04820176733911,-1.58021325054485,0.204731559803814,-7.7184643738323,1.17739559509791e-14,5.93030098414014e-14,"ENSG00000257336",NA
2.04934496930575,-1.22956716680802,0.231809160438434,-5.3042216471621,1.13154758960246e-07,3.52280492675637e-07,"ENSG00000257341",NA
202.313308111342,-1.02482272717508,0.0916051904976065,-11.1873871077409,4.70082450349129e-29,4.73641434200352e-28,"ENSG00000257354","MIRLET7IHG"
1.70363014077326,-2.04502372177565,0.228193356789491,-8.96180217753752,3.19414507061518e-19,2.02583386726467e-18,"ENSG00000257456",NA
3.13821006879468,-1.69184770082655,0.143370885748896,-11.8004969557745,3.88013177199744e-32,4.45796434523735e-31,"ENSG00000257551","HLX-AS1"
0.317082189809277,-1.40406857195573,0.403083981854515,-3.48331522750139,0.000495244852586091,0.0010652411281045,"ENSG00000257572","SSBL3P"
4.88155106246246,-1.15508064165192,0.153347932813262,-7.53241742787958,4.98094242392195e-14,2.40925746118224e-13,"ENSG00000257595","LINC02356"
0.409759321163273,-2.35310819376098,0.36797851570602,-6.39468907375256,1.6087437277935e-10,6.22877905273852e-10,"ENSG00000257662","EIF4A1P12"
0.37548726459774,-1.20444339149656,0.318374703551536,-3.78310015858906,0.000154887050676685,0.000353212366029795,"ENSG00000257677","LINC02464"
274.595169422079,-1.53990783208418,0.267777031098136,-5.75070918431323,8.88698693448469e-09,3.02978398940555e-08,"ENSG00000257743","MGAM2"
0.34398536141817,-2.13197104344066,0.945394569955868,-2.25511242733305,0.0241262727952659,0.0405760427430472,"ENSG00000257750","LINC02445"
0.322107454503328,-3.24269233090687,0.451120033142801,-7.18809206568843,6.57029550873004e-13,2.98513852843296e-12,"ENSG00000257766",NA
23.9725959950851,-1.10541833594099,0.173317226768192,-6.37800613680171,1.79408326834598e-10,6.92511516165451e-10,"ENSG00000257829",NA
0.61810632189664,-3.60950071446897,0.305651169365449,-11.8092161137892,3.49807331918106e-32,4.02770230045577e-31,"ENSG00000257940",NA
0.789851807578774,-1.01271296530079,0.339099679080625,-2.98647574083962,0.00282213228351032,0.00547890257326281,"ENSG00000257943",NA
8.41752610045379,-1.02632753495591,0.141868567814247,-7.23435466198339,4.67747949547244e-13,2.14447887682378e-12,"ENSG00000258100","LINC02823"
0.253581365873615,-2.2695553904396,0.44797754084807,-5.06622583387347,4.05780480054737e-07,1.204146348679e-06,"ENSG00000258133","LOC101060021"
27.7268834960256,-1.71305239371008,0.137583943371636,-12.4509615855598,1.38170354159456e-35,1.82512866495162e-34,"ENSG00000258168",NA
0.361570927520951,-2.51692358092245,0.331296280632263,-7.59719842347466,3.02610362402819e-14,1.48348127112648e-13,"ENSG00000258179",NA
2.5186517760329,-2.57637548019455,0.215850421916699,-11.9359297856218,7.68948293505661e-33,9.0583508094065e-32,"ENSG00000258231","LOC100506869"
0.731622574049334,-1.87549426926657,0.240272601003993,-7.80569345580688,5.91752555477608e-15,3.02861499123301e-14,"ENSG00000258285",NA
26.8252506044498,-2.71088900747061,0.0936536860843758,-28.9458869246031,3.16155104217759e-184,1.99302513724643e-181,"ENSG00000258311",NA
70.4769337409253,-1.19415537434777,0.102664334162222,-11.6316477780965,2.84551045348301e-31,3.14338035108072e-30,"ENSG00000258376",NA
0.191362753786463,-1.55613273638836,0.530023633617629,-2.93596858269719,0.0033250799680403,0.00639443588764143,"ENSG00000258399",NA
16.6097873781438,-1.02063735277316,0.0919194686749468,-11.1036037031765,1.2048574073109e-28,1.19044583180584e-27,"ENSG00000258424",NA
1.35988223265704,-1.24745067647197,0.26344608812207,-4.73512696796606,2.18918006544415e-06,6.07880010058126e-06,"ENSG00000258425",NA
500.850814771181,-1.43041211973687,0.0885694953544007,-16.1501667590319,1.132551009461e-58,3.23968869951141e-57,"ENSG00000258441","LINC00641"
2.19606640094606,-1.02155118150409,0.15888672984218,-6.42943046608605,1.28082932769103e-10,4.99751877919027e-10,"ENSG00000258461",NA
5.96510453515712,-1.12795481016333,0.151973601987335,-7.42204432489092,1.15326201269619e-13,5.46354029746607e-13,"ENSG00000258471","LOC101929718"
14.9970433530942,-2.35330227052069,0.157191123048337,-14.9709616222861,1.13665747803859e-50,2.56631761417667e-49,"ENSG00000258479","LINC00640"
0.815716069253088,-1.53726441477066,0.2689006180338,-5.71684968971483,1.08517025215209e-08,3.6752797102083e-08,"ENSG00000258489","LOC105370993"
98.9001146501011,-1.76972809749231,0.170756235471424,-10.364061333435,3.61288158342618e-25,3.06957185071729e-24,"ENSG00000258498","DIO3OS"
4.81150684040157,-1.20447669258949,0.159019863825842,-7.57437884558014,3.60849967181381e-14,1.76159791396576e-13,"ENSG00000258535",NA
1.01397336342179,-1.1791860472853,0.262736695668878,-4.488090421794,7.18644279152933e-06,1.89802907465364e-05,"ENSG00000258537","FRMD6-AS1"
114.595515799058,-3.1680989456983,0.186976525656035,-16.9438325724716,2.13734885029084e-64,7.24189415964882e-63,"ENSG00000258545","RHOXF1-AS1"
5.40827464543199,-3.03556150334039,0.438420319159326,-6.92386135104573,4.39496079601974e-12,1.89474103965901e-11,"ENSG00000258548","LINC00645"
20.506802313558,-2.38761867305599,0.143456402927644,-16.6435141571217,3.37233052422351e-62,1.06364947607339e-60,"ENSG00000258572","SYNE3-AS1"
1.61205153462493,-1.7503733248821,0.272896811580833,-6.41404827979691,1.41705298389875e-10,5.51197600540627e-10,"ENSG00000258584","FAM181A-AS1"
1.23354146090033,-1.18403167310184,0.208597853347834,-5.67614505182602,1.37763974132433e-08,4.63047004397703e-08,"ENSG00000258586","LINC02274"
4.79492636374473,-2.2346833625621,0.226593410940812,-9.86208448552734,6.07743763361403e-23,4.6497929898826e-22,"ENSG00000258604",NA
0.967269997188961,-1.7633481240864,0.367620409329205,-4.79665459081548,1.6133745330961e-06,4.54179293029168e-06,"ENSG00000258631",NA
20.64085026767,-1.90167180327427,0.149184893309882,-12.7470802242972,3.23641215720822e-37,4.55646507351884e-36,"ENSG00000258636",NA
89.8190847941496,-1.09376560433073,0.0893839500329917,-12.2367114445829,1.97889255811899e-34,2.50089006751466e-33,"ENSG00000258655",NA
4.3886371867779,-2.0661956622702,0.172768130246451,-11.9593565047142,5.80097053669354e-33,6.88272655802347e-32,"ENSG00000258675",NA
0.276384350506788,-1.04355406346784,0.352393243286753,-2.96133391700327,0.00306309646327853,0.00591912844575785,"ENSG00000258694",NA
0.449431559146012,-1.48710797232734,0.503294347192933,-2.95474801300972,0.00312924523773623,0.00603842997180372,"ENSG00000258739",NA
19.8543071452152,-1.23472348154991,0.126590530473477,-9.7536796546453,1.77900479314476e-22,1.3247143245192e-21,"ENSG00000258789",NA
10.2645911757498,-1.08415591567949,0.154151666412618,-7.03304700435431,2.02071253297525e-12,8.90392140668116e-12,"ENSG00000258794","DUX4L27"
2.85093252408147,-1.11632031229205,0.16577148982397,-6.73409108814458,1.64957818619956e-11,6.83661685993262e-11,"ENSG00000258806","OR11H7"
0.571223270641018,-1.29219449331291,0.341397354652708,-3.785016127695,0.00015369861069967,0.000350535556653554,"ENSG00000258808",NA
47.0988758355435,-1.26317363513237,0.122088356447444,-10.3463890569789,4.34567997965321e-25,3.67263234830103e-24,"ENSG00000258818","RNASE4"
38.7800649317804,-2.08230722369388,0.127891166175466,-16.2818690763752,1.32751585595548e-59,3.8971375403693e-58,"ENSG00000258819","LINC02289"
0.777373442815137,-1.00739627097652,0.250271435661295,-4.02521473661051,5.69233473065506e-05,0.000136298544127984,"ENSG00000258820",NA
2.55130019263242,-1.29690730585138,0.176157324098613,-7.362210526798,1.80889385290407e-13,8.4840043556176e-13,"ENSG00000258847",NA
4.38406479200645,-1.13776361886889,0.17219102298084,-6.60756640603436,3.90688954514411e-11,1.57903727102965e-10,"ENSG00000258851",NA
1.00578373105831,-2.06168941567884,0.241754277526358,-8.52803696701521,1.48851978944959e-17,8.68847260142909e-17,"ENSG00000258871",NA
0.412500045980803,-2.05982398018761,0.355777919289768,-5.78963411866479,7.05399123589731e-09,2.42488857079601e-08,"ENSG00000258873","DUXA"
0.553606249880414,-1.41350252082554,0.31597880520984,-4.47340928416651,7.69822257156733e-06,2.02638230538866e-05,"ENSG00000258918",NA
0.348957692074284,-1.36313073349019,0.347510443327978,-3.92256048605619,8.76128886956513e-05,0.000205388926819428,"ENSG00000258933",NA
3.02014507342544,-2.8230169820509,0.161349486729952,-17.4962873403851,1.52917822277511e-68,5.90830069783513e-67,"ENSG00000258942",NA
4.56864664254936,-1.08337148438878,0.114277520066295,-9.48018021182368,2.53844296564558e-21,1.79032537147181e-20,"ENSG00000258943",NA
2.67071699546517,-1.22287901942677,0.200631615895441,-6.09514614119479,1.09337517966092e-09,3.99113179867085e-09,"ENSG00000258987",NA
0.543324125608869,-1.30714990705681,0.297913223597446,-4.38768676083708,1.14562608566307e-05,2.96014161169871e-05,"ENSG00000259000","DOCK11P1"
35.8148715769232,-1.19509129981196,0.132289973026837,-9.03387666100378,1.65695447291725e-19,1.06699850534228e-18,"ENSG00000259030","FPGT-TNNI3K"
1.21873804428761,-1.74634983723931,0.186220988322186,-9.37783572611001,6.73407658705775e-21,4.66632353609975e-20,"ENSG00000259056","DUXAP1"
0.248493334831353,-1.9957127401891,0.520143626763617,-3.83684935756422,0.000124622864065758,0.000287549673347644,"ENSG00000259058",NA
0.488441728482239,-1.27943370118601,0.2707522273695,-4.72547802696355,2.29574659016689e-06,6.36438023000207e-06,"ENSG00000259067",NA
80.4981396431673,-1.42977483462908,0.155041554658689,-9.22188143544234,2.91932149436842e-20,1.95697065615211e-19,"ENSG00000259070","LINC00639"
0.460359851606359,-1.55487809467133,0.427994453498649,-3.63293982424526,0.000280210384029365,0.000621119621488242,"ENSG00000259107","LINC00911"
0.364274356243231,-1.24781462552877,0.493572926323829,-2.5281261572076,0.0114673138255782,0.0204070650539876,"ENSG00000259123",NA
36.4325957349002,-2.3404989199747,0.131954454294404,-17.7371725152438,2.16561517089693e-70,8.92896926313873e-69,"ENSG00000259134","LINC00924"
0.464118707400997,-2.19935897225075,0.348331421182545,-6.31398386279416,2.71942307665597e-10,1.0378997817461e-09,"ENSG00000259170","LOC104613533"
2.59689705083861,-1.2567312149329,0.210526205377992,-5.96947640165024,2.38016182615161e-09,8.48527071143117e-09,"ENSG00000259188","LOC102724587"
8.04246971084988,-1.70668531314476,0.139151275896426,-12.264963451827,1.39675299173241e-34,1.77408366473754e-33,"ENSG00000259236",NA
3.53650197998999,-1.45296535674761,0.137402410335144,-10.5745259723146,3.9115047263026e-26,3.46780517093186e-25,"ENSG00000259244",NA
0.559390194455991,-1.45905102190814,0.390256148131145,-3.7387009247522,0.000184973623771305,0.000418279431485496,"ENSG00000259283",NA
0.775233487858275,-2.38567507575211,0.228232331094854,-10.4528357761925,1.42208340095752e-25,1.22959782963138e-24,"ENSG00000259285",NA
0.434205524271994,-1.35997036716299,0.322489488404081,-4.21709983135617,2.47464436638594e-05,6.16698109719378e-05,"ENSG00000259289","SMASR"
23.0463834660171,-3.67697825760271,0.13037827515613,-28.2023845859247,5.46679148814883e-175,2.61913980197211e-172,"ENSG00000259347",NA
8.77551251153452,-1.06968784250004,0.171951178701911,-6.22088112786024,4.94370619856201e-10,1.85229501816772e-09,"ENSG00000259351","LOC101928988"
6.56943328097598,-1.47230288783726,0.207152980416436,-7.10732177194613,1.1831637413535e-12,5.29769858394825e-12,"ENSG00000259353",NA
74.1970445940682,-1.33752848955426,0.119185261900023,-11.2222641309143,3.17047682541918e-29,3.21680526695962e-28,"ENSG00000259363",NA
18.4285004049065,-2.02366258209171,0.102380488419786,-19.7660961900688,5.83177224113311e-87,3.87517625620925e-85,"ENSG00000259407",NA
11.4321459025391,-1.98408742411488,0.235835667595513,-8.41300827963744,3.9962674617145e-17,2.2822884025598e-16,"ENSG00000259430",NA
0.625962627737991,-1.45010639711096,0.344726609494749,-4.20654036320643,2.59309787217664e-05,6.44909255896921e-05,"ENSG00000259434",NA
0.356878529541068,-1.36379142529314,0.352869903806304,-3.86485617102031,0.000111154680261376,0.000257877135795968,"ENSG00000259437",NA
2.78872478231327,-2.331038599798,0.230314441107568,-10.1211135028623,4.45320173276293e-24,3.59603733383907e-23,"ENSG00000259441",NA
4.37941353515078,-2.3249878559431,0.324703018785395,-7.16035183362355,8.04702627138797e-13,3.63641792739292e-12,"ENSG00000259446","RYR3-DT"
28.5642476311725,-1.31230139814804,0.12057228310885,-10.8839391965674,1.37490027155462e-27,1.29924007909629e-26,"ENSG00000259448","LINC02352"
1.32283989853654,-1.80039117416661,0.227777018425364,-7.90418272489835,2.69697169104034e-15,1.40815075978359e-14,"ENSG00000259483",NA
1.38789876174386,-1.48479578713328,0.210288062429557,-7.06077068749758,1.65581651949248e-12,7.33859106835198e-12,"ENSG00000259511","UBE2Q2P7"
4.51070098737254,-1.01973352833291,0.165955829299612,-6.14460807213896,8.01611966627401e-10,2.95515768860563e-09,"ENSG00000259561",NA
5.08864414714859,-1.37898139847889,0.149089192529029,-9.24937197047588,2.25815554620958e-20,1.5227055906953e-19,"ENSG00000259570",NA
0.807433205955533,-1.01432509555467,0.249276808193632,-4.0690712581925,4.72009109917904e-05,0.00011401036781531,"ENSG00000259579",NA
137.081340899302,-1.46163646086565,0.109930274439144,-13.2960321287544,2.44081687785493e-40,3.8253037820749e-39,"ENSG00000259583","ALDH1A3-AS1"
1.40887472056777,-1.71216416030671,0.294007238261743,-5.82354424479316,5.76125529174672e-09,1.99394452811952e-08,"ENSG00000259587",NA
0.323328375725976,-1.97355171194179,0.337924127115407,-5.84022137983592,5.21315019347913e-09,1.80973861147442e-08,"ENSG00000259604",NA
0.444217409146735,-1.55229316660931,0.558976767339105,-2.77702626890682,0.00548587450788347,0.0102267800650855,"ENSG00000259639",NA
15.2663141142026,-1.39474900288633,0.115845670087633,-12.0397163038658,2.19709913628124e-33,2.6568152352154e-32,"ENSG00000259658",NA
4.7570079097298,-1.95858891073986,0.157990471905174,-12.3968799328317,2.71698206720609e-35,3.55075315984298e-34,"ENSG00000259660",NA
2.13463784948594,-2.02567012168284,0.309566409415134,-6.54357210625649,6.00665025268282e-11,2.39595881780063e-10,"ENSG00000259664",NA
27.8238255298431,-2.0345129419366,0.168343565221101,-12.0854808989253,1.26030592335808e-33,1.54191156251495e-32,"ENSG00000259683",NA
15.8502889059821,-1.18099715497994,0.0989650281104608,-11.9334797102443,7.91925370794512e-33,9.3221485294263e-32,"ENSG00000259687",NA
8.9453989529503,-1.09237793371438,0.107449391565981,-10.1664413152455,2.79950456671542e-24,2.28413255775436e-23,"ENSG00000259705","FBN1-DT"
2.51803285183069,-1.31864040464471,0.205214390544384,-6.42567220138255,1.31288046167611e-10,5.11882347972838e-10,"ENSG00000259719","LINC02284"
43.693844284116,-1.61677373089281,0.0908796906722227,-17.7902644576999,8.4082141284797e-71,3.51209711329959e-69,"ENSG00000259728",NA
3.1454038506971,-2.79370723982399,0.153991645774351,-18.141940270693,1.48688015632299e-73,6.77152360165728e-72,"ENSG00000259744",NA
1.14573849498937,-1.26005770047766,0.353532270495936,-3.56419429182533,0.000364975545250997,0.000798227808498826,"ENSG00000259759",NA
1.16890499950319,-3.77301566508172,0.505311370651616,-7.4667143551832,8.22219851073969e-14,3.92982372954448e-13,"ENSG00000259791",NA
380.155558444753,-1.15886249295379,0.115405102531736,-10.0416919835508,9.99448860657991e-24,7.93037345381324e-23,"ENSG00000259820",NA
15.8461487209408,-1.06951546237806,0.136783121772074,-7.81906019194551,5.32191599955514e-15,2.73078071691857e-14,"ENSG00000259869",NA
10.3114235895231,-1.06066262684573,0.15768449043908,-6.72648669436205,1.73808533518628e-11,7.19161140070599e-11,"ENSG00000259883","EHD4-AS1"
38.3361597004905,-1.25718259966781,0.190477000076496,-6.60018059483779,4.1065722575757e-11,1.65652838983288e-10,"ENSG00000259884","NR4A1AS"
2.49830867317312,-1.60324771482872,0.192311607788617,-8.3367183773481,7.63806866009075e-17,4.3087232957135e-16,"ENSG00000259887","FIGNL2-DT"
2.38541136105378,-1.49516225263379,0.316704262870625,-4.72100450774346,2.34682737191044e-06,6.49921961781671e-06,"ENSG00000259905","PWRN1"
20.849970766286,-5.28705287212018,0.229090546994936,-23.078441871445,7.62355110926982e-118,1.04355523898605e-115,"ENSG00000259916","AQP7B"
13.3308130963404,-2.35950569214443,0.127414617622397,-18.518328086476,1.46929413562224e-76,7.32506576874731e-75,"ENSG00000259920",NA
1.39846317894048,-1.70974536429072,0.224543062087829,-7.61433173839039,2.65059225901605e-14,1.30406526113636e-13,"ENSG00000259928",NA
0.250857249063286,-1.54149427079471,0.41430146097813,-3.72070681854556,0.000198665968308786,0.000447636106931004,"ENSG00000259929",NA
50.4980941723982,-1.13387445749227,0.114968169554795,-9.86250770002783,6.0518694625858e-23,4.63097054707692e-22,"ENSG00000259969",NA
87.0301680967802,-1.34405221485387,0.108974217648899,-12.3336716138145,5.96647928461905e-35,7.69044989308848e-34,"ENSG00000260025","CRIM1-DT"
2.73121663061951,-1.17474670650679,0.391898766669065,-2.99757694185038,0.00272135154539305,0.00529633799974737,"ENSG00000260026","LINC02189"
0.901515901070716,-1.49630990636623,0.197918927745753,-7.56021631386561,4.02399594963564e-14,1.9588462299029e-13,"ENSG00000260035",NA
0.611077639041634,-2.44066003846517,0.34642268817275,-7.04532388262077,1.85030608321431e-12,8.1756123256292e-12,"ENSG00000260062",NA
1.8611694003292,-1.16918724301169,0.169765324363467,-6.88707925128729,5.69494996651067e-12,2.43550119702831e-11,"ENSG00000260070",NA
0.651890953511492,-1.19550724548612,0.240435656651917,-4.97225437413752,6.61787916041953e-07,1.92836997065868e-06,"ENSG00000260096",NA
4.3808736583064,-4.91345028838662,0.266792997475967,-18.4167138375857,9.6486297322751e-76,4.71219011695515e-74,"ENSG00000260102","LINC01070"
14.1437287566565,-3.26799430464739,0.128624923396723,-25.4071623006358,2.10174820565892e-142,4.72745335836239e-140,"ENSG00000260105",NA
2.12476148594733,-1.35498537418624,0.13705804020472,-9.886215884616,4.77746441229408e-23,3.67396982332278e-22,"ENSG00000260128",NA
1.20733214776639,-1.91879478790178,0.222180499518926,-8.63619801043039,5.81147470533385e-18,3.46346253430209e-17,"ENSG00000260166",NA
9.26295893173149,-3.4603822506043,0.185827513332588,-18.621474229228,2.15207132763107e-77,1.10273515836155e-75,"ENSG00000260192","LINC02240"
49.1251915858452,-1.37047382418767,0.20641852413626,-6.63929669065455,3.15183410304066e-11,1.28013200980568e-10,"ENSG00000260230","FRRS1L"
4.67583653195807,-1.53869806551879,0.131403000767917,-11.7097635253888,1.13595998623038e-31,1.27755499859853e-30,"ENSG00000260266","PPIAP46"
3.09417310665985,-1.77985256877456,0.176485212807118,-10.0849954535272,6.43681640090971e-24,5.15267959511419e-23,"ENSG00000260271",NA
10.620527820209,-1.81853574868832,0.13346353516551,-13.6257124197492,2.81648297856834e-42,4.73465612291961e-41,"ENSG00000260306",NA
1055.14080519796,-1.77340819753751,0.161657585305821,-10.9701514728345,5.31832251835107e-28,5.11751017983932e-27,"ENSG00000260314","MRC1"
57.1088602123944,-1.18617180282352,0.0776181329552744,-15.2821480968503,1.00570214399146e-52,2.42248314321925e-51,"ENSG00000260329","TMEM263-DT"
0.689712949653926,-3.28715164692655,0.70426104213619,-4.6675187895611,3.04858878000811e-06,8.35906189264513e-06,"ENSG00000260343","LINC01043"
0.774054578540195,-2.27071051915723,0.199920963526566,-11.3580410933518,6.76444270715371e-30,7.08381311693408e-29,"ENSG00000260347",NA
8.04894295629962,-1.04071331267096,0.175719655580097,-5.92257769476778,3.16933984862412e-09,1.11953898213951e-08,"ENSG00000260409",NA
7.86469841801268,-1.24613592868407,0.151668834420325,-8.21616341581826,2.10117089601717e-16,1.16096295269499e-15,"ENSG00000260439","LMF1-AS1"
2.72173745483874,-1.19897804922713,0.115681526137302,-10.3644729565901,3.59736090888327e-25,3.05692729947849e-24,"ENSG00000260461",NA
4.5175845962334,-1.13304675908961,0.16984216195318,-6.67117484881023,2.53763662608251e-11,1.03806498254451e-10,"ENSG00000260473",NA
0.959241166827456,-1.10709968273721,0.290937588766962,-3.8052823886706,0.000141642497860169,0.000324476048220365,"ENSG00000260492","CISTR"
3.49968218538364,-1.20851656782889,0.138885449964245,-8.70153474060826,3.27425517322565e-18,1.97718131269525e-17,"ENSG00000260510",NA
118.11776557231,-1.15178324031899,0.154282190974571,-7.4654322254785,8.30266179929227e-14,3.9670941139333e-13,"ENSG00000260549",NA
25.5459760375208,-1.80619410809701,0.139290240509738,-12.9671260634426,1.87945971829316e-38,2.76042045074878e-37,"ENSG00000260578",NA
13.4630958965196,-1.97765406364191,0.122653754506899,-16.1238771009711,1.73381863725141e-58,4.92104567006606e-57,"ENSG00000260633",NA
32.8829681036205,-1.0213030013293,0.110758481317842,-9.22099137851554,2.94365851616083e-20,1.97245705607364e-19,"ENSG00000260645",NA
0.632956313633649,-1.71832498865696,0.478191756416779,-3.59338061687393,0.000326415238443569,0.000717635058329988,"ENSG00000260676","LINC01541"
0.983377542422791,-1.16965969089845,0.266936248135429,-4.3817941514823,1.17705992382655e-05,3.03743083865831e-05,"ENSG00000260677",NA
2.48722990241839,-1.93278478582342,0.142360593420682,-13.5766839641638,5.50634706491857e-42,9.16003777361975e-41,"ENSG00000260693",NA
0.367536953812565,-2.4728724473473,0.405839418746422,-6.09322883170304,1.10655704908075e-09,4.03894165941328e-09,"ENSG00000260706",NA
0.932586049447136,-3.42868416881632,0.22720447586911,-15.0907421858693,1.86334472462268e-51,4.31061543972344e-50,"ENSG00000260721",NA
1.1902231549877,-3.20613945698292,0.379125243323033,-8.45667629219597,2.75106230434388e-17,1.58303380976598e-16,"ENSG00000260746",NA
1.61779248705004,-1.36539505359532,0.469277687352671,-2.90956738492703,0.00361929355810743,0.00692161721095828,"ENSG00000260761",NA
2.79692057272842,-1.43122031716162,0.263267009527381,-5.43638308396848,5.43729884625192e-08,1.73794774650697e-07,"ENSG00000260762",NA
1.48076988788145,-1.0166192087586,0.220627807274368,-4.60784713095733,4.0685960144647e-06,1.10264981928388e-05,"ENSG00000260771",NA
4.70019680336387,-1.51070928742821,0.230824206259966,-6.54484775191547,5.9556026717157e-11,2.37638814026734e-10,"ENSG00000260802","SERTM2"
2.14503430955617,-1.04959460218242,0.145870617190908,-7.19538055295101,6.22867941795391e-13,2.83288428815428e-12,"ENSG00000260844",NA
2.09119756755148,-1.19242553774937,0.165833527278694,-7.19049734584383,6.45557322578686e-13,2.93440714656023e-12,"ENSG00000260851",NA
9.94320228166231,-1.19121246609864,0.117271386895331,-10.1577417785793,3.06083635368079e-24,2.49014552054418e-23,"ENSG00000260868","LINC01960"
23.8943966981653,-1.97010141958887,0.288484501473867,-6.82914128670214,8.54244122980675e-12,3.60906842433899e-11,"ENSG00000260877",NA
6.56743201074215,-1.23401659699863,0.162051276102978,-7.6149761154269,2.63740234486514e-14,1.29784250557199e-13,"ENSG00000260895",NA
0.934178055531456,-1.29895384173977,0.339177312075787,-3.82971913360032,0.000128289598721563,0.000295526236885763,"ENSG00000260913","LINC01254"
269.131669525631,-1.14640849362898,0.0828238080981226,-13.8415332493624,1.4312088783712e-43,2.52000063810232e-42,"ENSG00000260917","LOC103344931"
4.86595989848679,-1.32089844829194,0.232274994965802,-5.68678711406888,1.29451662418142e-08,4.36056327529577e-08,"ENSG00000260922",NA
28.5363324271324,-3.23499936062094,0.169688612749635,-19.0643279369252,4.99655986256567e-81,2.82293847895662e-79,"ENSG00000260947",NA
0.461728344910372,-1.07375108025215,0.356104643266581,-3.01526840650695,0.00256751934394668,0.00501528322944044,"ENSG00000260951",NA
0.627848309575325,-1.49476836354447,0.452590625581975,-3.30269404414283,0.000957608077626498,0.00198550235855306,"ENSG00000260973",NA
0.296080819829028,-2.18756365077814,0.61477654377986,-3.55830695382136,0.000373252968701824,0.000815623704926084,"ENSG00000261010","RARRES2P6"
45.8981422456055,-1.66694582691293,0.196297332844826,-8.49194333287581,2.03210097543971e-17,1.17809726201981e-16,"ENSG00000261026",NA
0.318287847020531,-1.52308964931321,0.351389398536074,-4.33447809085466,1.46106337892067e-05,3.73032488590938e-05,"ENSG00000261044",NA
12.0980455269219,-3.34297813699005,0.203044801482856,-16.4642389885186,6.62910790724765e-61,2.01140316552397e-59,"ENSG00000261054",NA
11.2116262115366,-1.30905777944038,0.0913689996111627,-14.3271545602043,1.48063882346458e-46,2.88715531266537e-45,"ENSG00000261064","LINC02256"
0.503485148909174,-1.03850706126014,0.206961409923217,-5.01787778526165,5.22453939863746e-07,1.5365726371315e-06,"ENSG00000261145",NA
0.27278274946863,-1.54256007764037,0.481381430131191,-3.20444450302119,0.00135323376041173,0.00274997580002231,"ENSG00000261206","LINC00561"
2.61717991497597,-1.33098882224635,0.14600399141618,-9.11611257566516,7.78673610951421e-20,5.09439474268504e-19,"ENSG00000261215",NA
1.42994242210507,-1.68340094607702,0.142018613360869,-11.8533824985285,2.06676612884691e-32,2.39871039808759e-31,"ENSG00000261247","GOLGA8T"
0.311523741438079,-1.52900433363607,0.303110507405219,-5.0443791827777,4.54996215426472e-07,1.34502799290938e-06,"ENSG00000261279",NA
3.06059373039391,-1.67514151021649,0.277225871827791,-6.04251507686506,1.51730165588841e-09,5.48509185343799e-09,"ENSG00000261292",NA
0.600851917289512,-2.06951151529022,0.367603672125945,-5.62973569693062,1.80485978978407e-08,6.0095095231465e-08,"ENSG00000261296",NA
0.686917576666777,-3.0138013362116,0.436566467764776,-6.9034192013012,5.07655362446038e-12,2.17819885498743e-11,"ENSG00000261340","LINC01616"
11654.3027705626,-1.64453534070646,0.0812054013753221,-20.2515511635194,3.44228282221409e-91,2.56884376966164e-89,"ENSG00000261371","PECAM1"
16.1417249475165,-1.95188822956148,0.128502305719461,-15.1895191190011,4.14952575203841e-52,9.81262481639488e-51,"ENSG00000261390","MAFTRR"
1.78106349165511,-1.05838577103645,0.204441197469511,-5.17696914387467,2.25519496955906e-07,6.85138814150757e-07,"ENSG00000261395",NA
3.76609239578127,-2.47743692293295,0.279820685170646,-8.8536589831524,8.46958983729228e-19,5.25823570175811e-18,"ENSG00000261399","MAPK8IP3-AS1"
0.783439563979956,-3.0826117230793,0.454849715368261,-6.77720930436005,1.22519333480835e-11,5.12163098077549e-11,"ENSG00000261410",NA
0.836551160923909,-1.0158150208463,0.287715770915285,-3.53061988091504,0.00041458709180004,0.000899790150312113,"ENSG00000261458",NA
48.2058451210401,-2.27201041924199,0.107577938228117,-21.1196687412268,5.24615113068502e-99,4.75128734728014e-97,"ENSG00000261468",NA
1.82906183144036,-4.0026217206813,0.252426347830943,-15.8565924479562,1.26577938709375e-56,3.42812269280167e-55,"ENSG00000261472",NA
0.333744339242687,-2.42607189108171,0.335487402044156,-7.23148433085544,4.777432253007e-13,2.18821012659241e-12,"ENSG00000261480","GOLGA8M"
3.3291582070288,-2.64347980978708,0.293193441438554,-9.01616283371429,1.9479278636503e-19,1.24916642949386e-18,"ENSG00000261522",NA
3.13392930575259,-1.32349449462359,0.131827896921683,-10.0395631389755,1.02125437963671e-23,8.09937052282648e-23,"ENSG00000261592",NA
2.30970487989199,-1.15431775252523,0.151223065125402,-7.63321224555267,2.28975445704545e-14,1.13153312054716e-13,"ENSG00000261614",NA
80.9160646530175,-2.43689198138451,0.167084972604354,-14.5847465717632,3.51223815203393e-48,7.30661441007146e-47,"ENSG00000261616","TTC23-AS1"
19.3377108008404,-2.2840955894896,0.127709982164947,-17.8850200334343,1.5429771926127e-71,6.5477446676771e-70,"ENSG00000261625",NA
2.95672469050925,-1.12589600530285,0.259351895197235,-4.34119058373031,1.41712735426098e-05,3.62239617684702e-05,"ENSG00000261645",NA
4.63297891661725,-1.09150425258788,0.276260570941339,-3.9509954275004,7.78268115536628e-05,0.000183642757167848,"ENSG00000261701","HPR"
6.51452265323966,-1.59606882874627,0.228349124300126,-6.98959907833281,2.75672877286817e-12,1.20418376648536e-11,"ENSG00000261706","LINC00165"
5.9093942913632,-1.50944645739407,0.127751868377865,-11.8154550423437,3.24785624300953e-32,3.7431992447098e-31,"ENSG00000261707",NA
0.70587181394936,-1.81783370614654,0.214052429910576,-8.49246937727347,2.02292120685159e-17,1.17320124706766e-16,"ENSG00000261722",NA
46.6566967313928,-1.50605230098864,0.0679416316094605,-22.1668550682691,7.17518783216182e-109,8.22400117317878e-107,"ENSG00000261737",NA
2.48112603528895,-1.16834587670816,0.131642706351703,-8.87512805750701,6.98529946832913e-19,4.35592473679095e-18,"ENSG00000261739","GOLGA8S"
10.6641230910526,-1.39754153976631,0.103551582865043,-13.4960905579561,1.64896937669497e-41,2.68440784361047e-40,"ENSG00000261794","GOLGA8H"
6.09779475942967,-1.1473940828065,0.196286155141342,-5.84551713278139,5.049969554219e-09,1.75512543592769e-08,"ENSG00000261821",NA
0.542441601525311,-1.71072761944155,0.281075432875371,-6.08636479517615,1.15503108888717e-09,4.20881803077154e-09,"ENSG00000261856","LINC02186"
101.821143534162,-1.04488833662585,0.120314632274568,-8.68463225853801,3.79969618693265e-18,2.28554230151844e-17,"ENSG00000261888",NA
110.516621078624,-1.08059860310878,0.120810437538753,-8.94457983203768,3.73367412265742e-19,2.36052160486298e-18,"ENSG00000261934","PCDHGA9"
16.2957878580773,-1.36011377935767,0.14249450228811,-9.5450263520178,1.36073004083017e-21,9.72733158104647e-21,"ENSG00000261997",NA
46.6912103498314,-2.78794287142117,0.113155042044824,-24.6382558040744,4.91772304572878e-134,9.73587236036635e-132,"ENSG00000262097",NA
7.4616139413448,-1.38434888414481,0.112222333634738,-12.335769889179,5.81306187518005e-35,7.49875590845117e-34,"ENSG00000262115",NA
46.4410415833329,-3.4691559612832,0.15370222811953,-22.5706289604685,8.42392134780621e-113,1.04286840251523e-110,"ENSG00000262179","MYMX"
0.358938436477047,-1.23400593122551,0.297881587990515,-4.14260558885166,3.43382189035444e-05,8.42266411491532e-05,"ENSG00000262332",NA
48.9624012581595,-1.60423428592695,0.105606813023007,-15.1906324980895,4.07964128348239e-52,9.65212908106871e-51,"ENSG00000262370",NA
357.744024614445,-1.1262876024179,0.0996875684425686,-11.2981750885695,1.33973090212298e-29,1.38392642347374e-28,"ENSG00000262454","MIR193BHG"
8.02235055909876,-1.27240915954677,0.0918110238624627,-13.8590019587724,1.12223779341929e-43,1.9832686345525e-42,"ENSG00000262497","FAM187B2P"
3.84682332716178,-1.13535365768359,0.154987880186712,-7.3254351005759,2.38124846262914e-13,1.10967429087211e-12,"ENSG00000262700","LOC100421173"
5.34620997264105,-1.23216993877015,0.117891672660726,-10.451713093563,1.43902110681533e-25,1.24401842705743e-24,"ENSG00000262728","LOC101927788"
0.679540775124714,-2.72079074266793,0.288406046397114,-9.43388939537557,3.95158124325045e-21,2.76178347723018e-20,"ENSG00000262855",NA
4.3411729167011,-1.22383074286513,0.136731981061576,-8.95058151987125,3.53614523788747e-19,2.23711499203999e-18,"ENSG00000262898",NA
1.52872241269286,-1.24493607586167,0.157846479748788,-7.88700563891564,3.09523428417507e-15,1.60995195478046e-14,"ENSG00000262950",NA
0.793582435937542,-3.74518592958558,0.290693440023144,-12.8836272648168,5.56569989715348e-38,8.05353917464884e-37,"ENSG00000262995",NA
1.72891312673093,-1.39280286013072,0.267414054391732,-5.2084130854634,1.90462529554026e-07,5.81695658247808e-07,"ENSG00000263096",NA
0.140308703615099,-1.69540076575816,0.601711758897912,-2.81762943915777,0.00483796097110489,0.00909110096194051,"ENSG00000263107",NA
203.567768012137,-3.18691347991086,0.127730725328059,-24.9502496108567,2.12209700366067e-137,4.43972346923068e-135,"ENSG00000263155","MYZAP"
1.21401745593478,-2.20471081878485,0.327924629855408,-6.72322423526702,1.77746718344548e-11,7.35075120922511e-11,"ENSG00000263207",NA
5.60083389556876,-2.6565518444339,0.211357356461942,-12.5690058245607,3.12630443263842e-36,4.22394938995225e-35,"ENSG00000263257",NA
15.0512901482163,-1.08365387315307,0.116115123628653,-9.33258165937704,1.03322962085147e-20,7.09096564030857e-20,"ENSG00000263293","MRPL45P2"
0.475659422005676,-1.07370695274945,0.292723368237146,-3.6679919311382,0.000244462896911861,0.000545363074643661,"ENSG00000263331",NA
3.16877755966973,-1.09323144885201,0.169375189716093,-6.4544957894039,1.08579796569832e-10,4.25630670402605e-10,"ENSG00000263361","MIR378H"
0.367969267453433,-1.58563477495334,0.439279807027205,-3.60962363757171,0.000306641592208256,0.000676328085935804,"ENSG00000263372","MIR548AO"
20.6251343974898,-1.85979870069609,0.117121956273572,-15.8791635647887,8.83486700967049e-57,2.40362565833795e-55,"ENSG00000263400","TMEM220-AS1"
0.435015671365132,-1.83370176215047,0.314687692102252,-5.82705268801756,5.64148056786268e-09,1.95460901074849e-08,"ENSG00000263445","MIR4450"
3.35541840153344,-1.14825123306732,0.181535308731545,-6.32522257565526,2.5286782804311e-10,9.66331470171925e-10,"ENSG00000263508",NA
14.313069494565,-2.21751944631108,0.106246874125054,-20.8713852955432,9.74679892019675e-97,8.22128761032793e-95,"ENSG00000263586","HID1-AS1"
0.282240351583308,-1.59575023410469,0.428871196286566,-3.72081465932357,0.0001985811433728,0.000447508117544255,"ENSG00000263611","LOC105372041"
0.212363416387065,-2.70953226720521,0.65518643568066,-4.13551337397626,3.54161986949962e-05,8.67568299149845e-05,"ENSG00000263684",NA
1.41025681693862,-1.16615276939333,0.188525037883188,-6.18566521713623,6.18411268617471e-10,2.30192555974385e-09,"ENSG00000263698",NA
1.31222662904327,-2.24300134562422,0.272052288866156,-8.24474351960967,1.65514851514988e-16,9.18653444865973e-16,"ENSG00000263709",NA
1515.59102276818,-1.11352155523878,0.065376135693164,-17.0325386080477,4.71152029451046e-65,1.63098943143061e-63,"ENSG00000263753","LINC00667"
0.425311981643644,-1.28963046784566,0.397526239259477,-3.24413923027576,0.00117806146729358,0.00241293338882628,"ENSG00000263870",NA
0.420546313984104,-1.05883650184618,0.384232094183223,-2.75572113281425,0.00585629032046622,0.0108758380205263,"ENSG00000264000",NA
3.28875774857002,-1.00407549963983,0.204442172843203,-4.9112934267721,9.04775732751059e-07,2.60503637957351e-06,"ENSG00000264006","AKR1C8"
0.329787354203275,-1.1075317949484,0.435337889204889,-2.54407397658682,0.0109567876983354,0.0195442756106798,"ENSG00000264015",NA
4.06841172301801,-1.0116601596535,0.157768215110572,-6.41231923010903,1.43322324115364e-10,5.57170768286847e-10,"ENSG00000264017","RN7SL336P"
0.243995564978061,-1.01990654206815,0.347258077280408,-2.93702755614979,0.00331374657136863,0.00637366406657317,"ENSG00000264101","MIR4689"
0.996448207245294,-1.96118591824799,0.191469793100827,-10.2427954116775,1.27498314916677e-24,1.05700714096868e-23,"ENSG00000264116",NA
16.2409143482243,-1.80019298012315,0.102795567113481,-17.512360023617,1.15312623338847e-68,4.47338282118554e-67,"ENSG00000264176",NA
1.5841751018611,-1.15039047062123,0.199511507927804,-5.76603566666196,8.11578910698424e-09,2.77833123340918e-08,"ENSG00000264215",NA
0.456492633665538,-1.29760250135738,0.247126373200412,-5.25076496107141,1.5146885309211e-07,4.66739950581618e-07,"ENSG00000264266","MIR4322"
0.535348723856812,-3.63459380305688,0.449842023198189,-8.07971157789225,6.49201335966287e-16,3.49356801147308e-15,"ENSG00000264319","MIR4801"
1.58564714141544,-1.21905401709699,0.149886524428615,-8.1331795619664,4.18174498528767e-16,2.27512380473691e-15,"ENSG00000264324",NA
12.2510424344336,-2.03764782750479,0.150496476666384,-13.5395051940106,9.14025103063776e-42,1.50536069741442e-40,"ENSG00000264345",NA
0.569670069953113,-1.07187784967464,0.321727389859874,-3.33163381004487,0.000863377819038565,0.00180174367584884,"ENSG00000264377","MIR4671"
0.761426681414852,-1.47689971691573,0.342146186412498,-4.3165751236378,1.5846876463702e-05,4.0264311167584e-05,"ENSG00000264717","NPY4R2"
16.2950689020414,-1.21028882120476,0.167408591407857,-7.22955023411038,4.84596236103456e-13,2.21853852572542e-12,"ENSG00000264727",NA
0.457626317584637,-1.73359942575107,0.329571627554237,-5.26015979778408,1.4393026474551e-07,4.44539645690908e-07,"ENSG00000264790",NA
19.8273085423573,-1.81632896207663,0.151157039606249,-12.0161718356486,2.92197796807998e-33,3.51209143127727e-32,"ENSG00000264968",NA
5.10597439500725,-1.35946893990905,0.194255400087462,-6.99835854909034,2.58978641184558e-12,1.1329133216903e-11,"ENSG00000265096","C1QTNF1-AS1"
35.0190759602491,-1.41601849532671,0.133906395530935,-10.5746890558307,3.90470578908467e-26,3.4624181816592e-25,"ENSG00000265158","LRRC37A7P"
0.312114664424654,-1.24652699126225,0.392407858234012,-3.17661067459788,0.00149006922201382,0.00301207613293458,"ENSG00000265174",NA
1.10466713905405,-1.58045599647422,0.262051731623847,-6.0310839645312,1.62863535744732e-09,5.87294294560447e-09,"ENSG00000265215","MIR4269"
0.209616165725123,-1.70134018975489,0.645674496170904,-2.63498124805067,0.00841419314636916,0.0152617548891704,"ENSG00000265331","MIR4524B"
2.10086828137786,-2.55331273001386,0.227186001905709,-11.2388646685793,2.6273953416883e-29,2.67598875043126e-28,"ENSG00000265374","LOC105372040"
0.550768877265533,-1.0412255659517,0.248716158553792,-4.18640096407932,2.83412508402286e-05,7.01575554280951e-05,"ENSG00000265390","MIR4999"
17.8364597036684,-1.33483053790871,0.08443329029832,-15.809291965201,2.68467038958892e-56,7.16959634142727e-55,"ENSG00000265399",NA
15.056467474629,-1.19529013552642,0.132241343217215,-9.03870231840492,1.58542663075173e-19,1.022037000529e-18,"ENSG00000265413",NA
20.493923597041,-1.00565597231071,0.148544759413127,-6.77005352651869,1.28734758926451e-11,5.37301359017882e-11,"ENSG00000265485","LINC01915"
0.681478563979723,-1.3484076773055,0.278386794344014,-4.84364813526038,1.27476599806153e-06,3.62199258493226e-06,"ENSG00000265533","DSEL-AS1"
0.203616377341691,-2.48597956321216,0.545386553122066,-4.55819739042183,5.1594535695689e-06,1.38341963576251e-05,"ENSG00000265538","MIR4421"
1.36914653678922,-3.07327442005697,0.251163798214346,-12.2361361068214,1.99296576054275e-34,2.518011328787e-33,"ENSG00000265554",NA
0.336598458895199,-1.0631908307233,0.321053216245365,-3.31157196665724,0.000927733741718159,0.00192706367074429,"ENSG00000265810","MIR3907"
5.46710408755032,-1.19456420249571,0.130629801952386,-9.14465294015469,5.98216367160174e-20,3.94067732031403e-19,"ENSG00000265888",NA
12.632276059356,-1.60888386375988,0.110772948396275,-14.5241585337633,8.5181881537462e-48,1.73514623488937e-46,"ENSG00000265939","UBE2CP2"
42594.3437052176,-2.04688519833075,0.0877036925015593,-23.3386433335672,1.79740765283653e-120,2.6415276272208e-118,"ENSG00000265972","TXNIP"
4.39433785895955,-1.91306066510176,0.348578197920523,-5.48818221137842,4.06091053455052e-08,1.3132515943997e-07,"ENSG00000265992","ESRG"
7.3483736879635,-1.13499810873807,0.140942128640727,-8.05293718552577,8.08303932484938e-16,4.33611481417012e-15,"ENSG00000265996","MIR3671"
0.209581797092385,-1.39837827409868,0.564407509957822,-2.4776039464875,0.0132267874914625,0.0232959116504657,"ENSG00000266114",NA
21.1716896364086,-2.01412090090784,0.179294621246985,-11.2335823958339,2.78935038317550e-29,2.83792263448583e-28,"ENSG00000266265","KLF14"
0.526614842187634,-1.84268535781695,0.328332181252427,-5.6122593611994,1.99701814975437e-08,6.62400578473636e-08,"ENSG00000266288",NA
14.6418805998183,-1.13925312970053,0.243165632402289,-4.6850910568471,2.7983549646665e-06,7.69451253197726e-06,"ENSG00000266302",NA
0.80418088818147,-1.58214120883304,0.259428895433728,-6.09855431172356,1.07032032655272e-09,3.91055035805238e-09,"ENSG00000266441",NA
179.375200846528,-3.07925174361115,0.211598330872276,-14.5523442028937,5.64354558452955e-48,1.16093717885277e-46,"ENSG00000266524","GDF10"
0.544650127864274,-1.26816393586829,0.279581666898283,-4.53593381117392,5.73491652631208e-06,1.53043976369193e-05,"ENSG00000266553","RN7SL356P"
0.547019648315587,-2.58040844560509,0.220321969832978,-11.711988811471,1.10653189247306e-31,1.24504328248907e-30,"ENSG00000266559","MIR4530"
4.31506153642156,-1.09357874531231,0.189882100204995,-5.75925136772605,8.4487806391057e-09,2.88716890456173e-08,"ENSG00000266588",NA
24.2629788179306,-1.37963899568843,0.0755799144176842,-18.2540428408532,1.9214882396367e-74,8.99008804306583e-73,"ENSG00000266601",NA
0.14250350213503,-1.50479972738423,0.641583686601914,-2.34544574434904,0.0190043442917942,0.0325666404971693,"ENSG00000266738","MIR4757"
2.90501077066194,-3.42814216485811,0.195686601800937,-17.5185328648376,1.03459131730757e-68,4.02985935058584e-67,"ENSG00000266964","FXYD1"
49.1804988019532,-1.33356562538803,0.233495288182702,-5.71131707096619,1.12105156320439e-08,3.79117529421348e-08,"ENSG00000266968",NA
2.19892858694723,-1.0603287304214,0.23775350726169,-4.45978165636194,8.20431913071553e-06,2.15179793919407e-05,"ENSG00000266988","LOC112268408"
2.12025093166623,-2.44783968550069,0.288840978607963,-8.4746966905381,2.35692801713646e-17,1.36130706812547e-16,"ENSG00000267014",NA
2.39423898687742,-1.03321725583606,0.161176694226389,-6.41046313051193,1.45078237384811e-10,5.6367703823099e-10,"ENSG00000267026","LOC102724684"
7.44851520496928,-3.27550392650817,0.170060820933824,-19.2607792231156,1.14640346077766e-82,6.75574290354956e-81,"ENSG00000267069",NA
5.25872050854635,-1.12317660252994,0.151137047612549,-7.43151080606844,1.07364229081955e-13,5.09541378436501e-13,"ENSG00000267072",NA
1.86180128918022,-1.86671929950574,0.224458166353482,-8.31655773470941,9.05548901763994e-17,5.08614863816096e-16,"ENSG00000267079","LOC101927511"
19.4627420496868,-1.09217636451821,0.0909594295968499,-12.007291265556,3.2532718457598e-33,3.90441518362605e-32,"ENSG00000267082",NA
6.00043041538362,-1.91712961704646,0.195324198381476,-9.81511575591993,9.69266825059684e-23,7.33263438948515e-22,"ENSG00000267097",NA
437.042692915091,-1.19636443861785,0.114418149040498,-10.4560722984112,1.37435254836903e-25,1.18961572885926e-24,"ENSG00000267107","PCAT19"
3.58705181659353,-3.22775835556499,0.203635229248922,-15.8506873661797,1.39051566036796e-56,3.75745094688262e-55,"ENSG00000267122","DOT1L-AS1"
3.79196885320402,-1.07866567403241,0.15071711903861,-7.15688888503821,8.25285361020996e-13,3.7276724471119e-12,"ENSG00000267130",NA
6.87396270529794,-1.38383378612735,0.177088123245224,-7.81437942177001,5.52344802465827e-15,2.83297714229074e-14,"ENSG00000267203",NA
1.94094901773628,-2.45195756905791,0.238708846004536,-10.2717499166802,9.44751976664437e-25,7.87183777425968e-24,"ENSG00000267206","LCN6"
0.29647674427144,-1.77584130073221,0.411293853541115,-4.31769472225942,1.57667293872387e-05,4.00670452947864e-05,"ENSG00000267250",NA
0.263810510997469,-1.332330362783,0.333214294823902,-3.99841898585747,6.37669993647479e-05,0.000151654352919587,"ENSG00000267271","LOC101060119"
90.2294095007526,-2.09544990116587,0.118398969415982,-17.698210647457,4.32842644186994e-70,1.77395133301958e-68,"ENSG00000267272","LINC01140"
184.882280136815,-1.01056539064658,0.112107343230095,-9.01426580569696,1.98193537070754e-19,1.27046459206045e-18,"ENSG00000267296","CEBPA-DT"
3.2181569074733,-1.76701192398606,0.174924074460462,-10.1015936739197,5.43516385133694e-24,4.37057234168434e-23,"ENSG00000267299",NA
8.31648250965369,-1.21223819241393,0.279634531269851,-4.33508045987391,1.45706817882086e-05,3.72071935013898e-05,"ENSG00000267304",NA
21.1244993709444,-1.53499563489242,0.118076289279338,-13.0000328115073,1.22290808465256e-38,1.80831871406494e-37,"ENSG00000267325",NA
4.89525434770458,-1.19686961848077,0.117295085463685,-10.2039195738626,1.90428705972329e-24,1.56544943430581e-23,"ENSG00000267336",NA
3.62298725105831,-3.00827705009409,0.224576843864616,-13.3953127060046,6.44042088733693e-41,1.0295647804882e-39,"ENSG00000267339","LINC00906"
7.54197206888354,-2.63841260962598,0.244880343100768,-10.7742931760769,4.55265298527838e-27,4.19941479639367e-26,"ENSG00000267361","SEC24AP1"
48.3086369032906,-1.22369740099643,0.104429209825086,-11.7179609330192,1.03124296400413e-31,1.16278772429837e-30,"ENSG00000267364",NA
26.3300481149418,-2.18227841662286,0.121106079257677,-18.019561280484,1.36824199913876e-72,6.04170268928459e-71,"ENSG00000267365","KCNJ2-AS1"
0.447570282897147,-1.00558483862845,0.302643639892506,-3.32266965526063,0.000891604344044218,0.00185636278836897,"ENSG00000267373",NA
3.56520083018592,-1.72155337736332,0.150861042048174,-11.4115172080913,3.66283994975476e-30,3.87387774818434e-29,"ENSG00000267405",NA
3.78604667784939,-1.20325745657265,0.273966867837428,-4.39198165117787,1.1232218059325e-05,2.90585651073094e-05,"ENSG00000267417",NA
4.12175359219647,-1.0584671760274,0.20405964754369,-5.18704794783487,2.13653736920605e-07,6.50575221549905e-07,"ENSG00000267440","LINC02594"
0.535827040546051,-1.15368955575264,0.26011079258737,-4.43537749539984,9.19110869251202e-06,2.40049071880861e-05,"ENSG00000267446",NA
4.99215365061998,-1.31603131162759,0.146488156693394,-8.98387515642033,2.61394307446677e-19,1.6660105453998e-18,"ENSG00000267505",NA
1132.10401364332,-1.65256973236107,0.115277627948192,-14.3355632985765,1.3117784691339e-46,2.56101493301569e-45,"ENSG00000267519",NA
17.4377610433729,-1.91708377089151,0.125613539883414,-15.2617605766927,1.37488072310672e-52,3.29847448392805e-51,"ENSG00000267532","ALOX12-AS1"
12.386196727866,-1.17985480976256,0.0965117408671727,-12.2249873348194,2.28617326502812e-34,2.88162486523276e-33,"ENSG00000267543",NA
1.07254171278126,-1.10485355279478,0.173688121044234,-6.36113480963616,2.00268574252331e-10,7.70548296854256e-10,"ENSG00000267570",NA
3.26923150593747,-1.12354591175672,0.122336533496061,-9.18405875700983,4.15141927540703e-20,2.76127304574137e-19,"ENSG00000267581",NA
15.1957670220866,-1.56564959416511,0.101395896899057,-15.44095611407,8.68038788279426e-54,2.15480509567188e-52,"ENSG00000267583",NA
9.61595719701316,-2.5107719140078,0.247429959335433,-10.1474046261472,3.40292791773367e-24,2.7637612567998e-23,"ENSG00000267594",NA
5.95186300895592,-4.11214878856715,0.333469661024798,-12.3314030305784,6.13687720522625e-35,7.90795553798789e-34,"ENSG00000267603","LINC01028"
6.26331724139422,-1.01221261572212,0.144531993972657,-7.00338096707925,2.49858202212006e-12,1.09461470994671e-11,"ENSG00000267612",NA
1.6073066805917,-1.49807034766911,0.195221107335745,-7.67371094301142,1.67090389321082e-14,8.3319114824865e-14,"ENSG00000267650",NA
29.3212406051744,-5.02318792210074,0.279573240663467,-17.9673416174595,3.51142931970249e-72,1.5363705817986e-70,"ENSG00000267653",NA
0.241278973836004,-2.96818688970283,0.638138272845365,-4.65132247352619,3.29813123359823e-06,9.01080448230447e-06,"ENSG00000267663","PPIAP56"
0.374007962206631,-2.67658784010307,0.375788824345531,-7.12258499109063,1.05921395446653e-12,4.75693106097593e-12,"ENSG00000267683",NA
2.68197724777822,-3.34596867347143,0.219556541311798,-15.2396674381918,1.92849437646709e-52,4.60359569389827e-51,"ENSG00000267714",NA
0.491625572250479,-1.47394469407846,0.34411413572946,-4.28330179158133,1.84140138048188e-05,4.6469075659145e-05,"ENSG00000267772","LINC01999"
0.553147564783985,-1.12095271426547,0.395945801688813,-2.83107614598846,0.00463916751604183,0.00874120091609565,"ENSG00000267774",NA
1.29414115855445,-1.10757745136425,0.24221747734049,-4.57265703336224,4.81578051756533e-06,1.29467507208661e-05,"ENSG00000267784",NA
72.0910075911517,-1.08477509264541,0.100838357875836,-10.7575640410678,5.4594223175103e-27,5.01266621755306e-26,"ENSG00000267904",NA
15.1447617347074,-1.08951515272932,0.106063722889426,-10.2722695663358,9.39675793890698e-25,7.83090403292805e-24,"ENSG00000268062","SRP14P4"
83.1365448743316,-1.06297704049201,0.084845407081913,-12.5283981425862,5.22064767683262e-36,6.99248616709675e-35,"ENSG00000268087",NA
1.04322147057381,-1.51321695533679,0.223562488699992,-6.76865320356781,1.2998669803785e-11,5.4233760367442e-11,"ENSG00000268108",NA
3.23333746390688,-1.13970412928373,0.252268396141757,-4.51782366207812,6.2478481372432e-06,1.66084671949909e-05,"ENSG00000268278",NA
1.22499517711477,-2.05648509417407,0.236879706722233,-8.68155876512255,3.90381270150754e-18,2.34728497150133e-17,"ENSG00000268287",NA
4.94656520080985,-2.93031700104517,0.27186304634858,-10.7786513849622,4.34204868167334e-27,4.01055624328069e-26,"ENSG00000268297",NA
1.63606209447032,-2.34893482170882,0.365055408598145,-6.43446108832904,1.23912176015995e-10,4.8410930057297e-10,"ENSG00000268433","MTDHP3"
34.2370401064879,-1.14915859258517,0.195937824621545,-5.86491451971958,4.49364135972195e-09,1.5672297994051e-08,"ENSG00000268555",NA
0.461169985817388,-1.67640769178979,0.359139108118669,-4.66785057347712,3.04367124308228e-06,8.34653364181056e-06,"ENSG00000268673",NA
18.1900515478612,-1.45260236879188,0.101419845656755,-14.3226639656707,1.57950497256006e-46,3.07493227287089e-45,"ENSG00000268798",NA
2.41291371424436,-1.93627399939755,0.210148738154987,-9.21382643739469,3.14701823987841e-20,2.10607129309365e-19,"ENSG00000268926",NA
24.8185774655403,-1.68797830996478,0.198042834960498,-8.52329906457595,1.55071694290521e-17,9.03940244976136e-17,"ENSG00000269067","ZNF728"
0.847522174310748,-1.83444186930715,0.224693779027462,-8.16418628609626,3.23609176236753e-16,1.77028038747463e-15,"ENSG00000269097","TPRG1LP1"
359.904841803643,-1.72286217227193,0.146474908768204,-11.7621658669086,6.1145345304915e-32,6.9501150499608e-31,"ENSG00000269113","TRABD2B"
0.469564648134714,-3.20362855209929,0.280444378359697,-11.4234008570153,3.19482486705371e-30,3.38787205357555e-29,"ENSG00000269124",NA
0.440122930445947,-3.65807969549737,0.434456670951514,-8.4198953315315,3.76820812202699e-17,2.15435383205624e-16,"ENSG00000269186","LINC01082"
23.407132233207,-2.0904688147296,0.206371771244372,-10.1296257822695,4.08208675500109e-24,3.30303625117552e-23,"ENSG00000269289","ZNF276-AS1"
0.566876732958785,-1.36131008542886,0.229553288259601,-5.93025739578757,3.02460166334141e-09,1.06959452089376e-08,"ENSG00000269387",NA
0.64411217423429,-2.5704474362846,0.436663099542445,-5.886568933757,3.94295342918321e-09,1.38140328184401e-08,"ENSG00000269495",NA
0.459449078872464,-1.02811306292469,0.343288529627405,-2.99489488926581,0.00274539430457439,0.00533965985191244,"ENSG00000269543",NA
0.595946253491443,-1.91955396123846,0.409868941271702,-4.68333598365041,2.82243310298327e-06,7.7580476169781e-06,"ENSG00000269707","POU3F3"
3.40181516303988,-3.27311883262738,0.202209079881328,-16.1868044429474,6.24907133332506e-59,1.79923682439666e-57,"ENSG00000269736",NA
4.07823000405135,-1.00558739909923,0.140586133557039,-7.15282064920893,8.50126483754892e-13,3.8373431163272e-12,"ENSG00000269901",NA
1.81244974686027,-1.38929160820972,0.319119520751415,-4.3535149618501,1.33971947406697e-05,3.43552748501571e-05,"ENSG00000269902",NA
80.6090333776698,-1.07560290590995,0.137514113695352,-7.82176372305197,5.20883091381287e-15,2.67447314415148e-14,"ENSG00000269918",NA
8.23837858295236,-1.20904188028193,0.120806311461258,-10.0081019415088,1.40420667234696e-23,1.10778102539343e-22,"ENSG00000269976",NA
0.540646866047147,-2.2010473718973,0.509965120693458,-4.31607434034761,1.58828508778461e-05,4.03492966518695e-05,"ENSG00000269993",NA
18.7742097368345,-1.06340296911674,0.233255267583211,-4.55896657826768,5.1405950501088e-06,1.3788260488787e-05,"ENSG00000269994","LINC02893"
2.12452835042056,-1.2258661792134,0.146059827917573,-8.39290444669845,4.74277061289731e-17,2.69960960037912e-16,"ENSG00000270016",NA
3.14509055907615,-1.13124039856029,0.135418727918924,-8.35364809539172,6.61863374869157e-17,3.7446710309378e-16,"ENSG00000270030",NA
86.3950879549115,-1.12510843512536,0.147678008522795,-7.61865931413676,2.56323991274229e-14,1.26264470717133e-13,"ENSG00000270069",NA
9.74548592876404,-1.70459014708198,0.190908064522158,-8.92885353664113,4.3044631101279e-19,2.71315389562199e-18,"ENSG00000270076",NA
2.4826119525194,-1.483722250097,0.158843679079622,-9.34076986062042,9.56361721808231e-21,6.57661692146295e-20,"ENSG00000270077",NA
1.05907716870499,-1.53961150162471,0.317769007682614,-4.84506501389986,1.26570225582828e-06,3.59666637465793e-06,"ENSG00000270182",NA
0.578474577161395,-3.33379044001974,0.314581974142839,-10.5975253321603,3.0596938476152e-26,2.7216845941189e-25,"ENSG00000270212",NA
1.47355474113793,-1.17152568662313,0.398329574604546,-2.94109642194205,0.00327052711412549,0.00629559058370173,"ENSG00000270321",NA
6.80661672475705,-2.10936218948528,0.110726064138189,-19.0502769686885,6.53554993093696e-81,3.68808241685736e-79,"ENSG00000270412",NA
2.28744510579693,-1.28846452869166,0.189106488756589,-6.8134337280733,9.52962694626046e-12,4.01093232887058e-11,"ENSG00000270457",NA
1.36129449246854,-1.611643883462,0.203099518748357,-7.93524225657494,2.10084845923128e-15,1.10266925593526e-14,"ENSG00000270490","LETM1P1"
3.66814556438712,-3.37883785615791,0.166043341436609,-20.349131900889,4.72569126213425e-92,3.6399978837436e-90,"ENSG00000270513",NA
0.482822889549673,-1.17336367541973,0.382585831164589,-3.06692924787104,0.00216270041110938,0.0042724301787997,"ENSG00000270542",NA
339.992248120447,-1.30036247849835,0.174293142359338,-7.46077820903253,8.6012932390204e-14,4.10446174383932e-13,"ENSG00000270547","LINC01235"
51.3463227777386,-1.3907729846189,0.15803290960047,-8.80052761247626,1.3617440510923e-18,8.37929071253944e-18,"ENSG00000270607",NA
37.7301740734448,-1.48249083691957,0.201219134346782,-7.36754405455615,1.73800011582084e-13,8.15868955016427e-13,"ENSG00000270765","GAS2L2"
1.27710773868339,-1.26070195606718,0.144673318546062,-8.71412896819529,2.93002671148824e-18,1.77513378537433e-17,"ENSG00000270775",NA
0.67000001476225,-1.01648389865099,0.293996198779324,-3.45747292948494,0.000545267020955226,0.00116759376839031,"ENSG00000270777",NA
2.29356038313102,-1.63497661918208,0.182516151763732,-8.95798318878961,3.3067089420448e-19,2.09500694807414e-18,"ENSG00000270792",NA
3.11808444913919,-1.60914211820365,0.177756028463894,-9.05253190065788,1.39691025014958e-19,9.02940772863821e-19,"ENSG00000270823",NA
336.333592090866,-1.44087004199887,0.156385700812296,-9.21356642272743,3.15465361869983e-20,2.11088624122778e-19,"ENSG00000270885","RASL10B"
22.0842302360189,-1.63248358040978,0.109097907594743,-14.963472869469,1.27210585693552e-50,2.86268631309444e-49,"ENSG00000270953",NA
180.412040846855,-1.0221439302527,0.0703731428393468,-14.5246309744347,8.45966453135706e-48,1.72395800807025e-46,"ENSG00000270959","LPP-AS2"
7.15445012090562,-1.80949671965634,0.200857280242457,-9.00886797566944,2.0819434424795e-19,1.3333232232214e-18,"ENSG00000271075",NA
2.59987194195605,-1.43442447653779,0.138762594041561,-10.3372561348065,4.78028715599272e-25,4.02714186115019e-24,"ENSG00000271155",NA
0.931049492110835,-1.4554951682933,0.206261464434781,-7.05655403098102,1.70682292907157e-12,7.55835904721499e-12,"ENSG00000271236","SUMO2P15"
9.44470693661184,-4.7908792054152,0.312888152142193,-15.3117948781837,6.37792756812907e-53,1.54717220146361e-51,"ENSG00000271239",NA
1.62982166343506,-1.77702602180294,0.179240088854161,-9.91422194199433,3.61058567656375e-23,2.79365568094589e-22,"ENSG00000271318",NA
9.22570073820982,-2.50308368752084,0.141307780602551,-17.7137003839946,3.28732493231575e-70,1.35189474255148e-68,"ENSG00000271334","LINC02104"
1.54870901581443,-1.53415626911228,0.174489547607079,-8.79225311860476,1.46590051428187e-18,9.00747641903867e-18,"ENSG00000271390",NA
1.56382404381802,-1.46456858257454,0.180921174448808,-8.09506453313977,5.72340019825508e-16,3.09141041148141e-15,"ENSG00000271392",NA
0.211258239940688,-1.40782671353881,0.432211904914716,-3.25726037975887,0.00112493191383269,0.00231053279566682,"ENSG00000271429",NA
1.47154991699725,-1.15385643162491,0.318511375689231,-3.62265375648848,0.00029159602610939,0.00064513348468718,"ENSG00000271443",NA
371.851885315007,-1.95859140686371,0.12142745292781,-16.1297248656621,1.57721505473384e-58,4.48187267332729e-57,"ENSG00000271447","MMP28"
0.853010948467605,-2.28315677459179,0.327669177504868,-6.96787165633812,3.21771555257655e-12,1.40057011105608e-11,"ENSG00000271461","CKAP2LP1"
46.0366800111229,-1.15871770892425,0.144991224120221,-7.99164029378416,1.33155073017768e-15,7.07414010676566e-15,"ENSG00000271474",NA
1.15167760824294,-1.16683804496327,0.196279520132971,-5.94477734698343,2.76832879978591e-09,9.82303605375078e-09,"ENSG00000271499",NA
5.83014686042198,-1.00282404735632,0.11529099844711,-8.69819899960682,3.37192845151155e-18,2.03513595505062e-17,"ENSG00000271551","LOC115308161"
6.30933305771857,-1.3259522908824,0.197953100049007,-6.69831536133626,2.10835891961868e-11,8.66753696918918e-11,"ENSG00000271579",NA
3.00478537235398,-1.44723674023604,0.159324048309169,-9.08360511545423,1.05036824518974e-19,6.82810619091456e-19,"ENSG00000271584","LINC02550"
1361.63766169363,-1.05242703924863,0.0732305752101243,-14.3714157130249,7.82158738822159e-47,1.53957375418939e-45,"ENSG00000271601","LIX1L"
92.1663229994284,-1.03024071017671,0.0811811261961153,-12.6906432375412,6.663624964469e-37,9.28874809565637e-36,"ENSG00000271614","ATP2B1-AS1"
5.2758866431371,-1.11709894129645,0.142653973703783,-7.83082947002987,4.8466168417612e-15,2.49276879107653e-14,"ENSG00000271730",NA
27.5450929634034,-1.25889239544975,0.0982058340307069,-12.8189165936529,1.28483234030319e-37,1.83859968410771e-36,"ENSG00000271755",NA
0.729222398274912,-1.06164775460235,0.206060299860975,-5.15212175910948,2.57555717704367e-07,7.7797707806672e-07,"ENSG00000271787",NA
4.44195451373053,-1.13406669575946,0.141826186806742,-7.99617278933674,1.28346234527896e-15,6.82320028432259e-15,"ENSG00000271817","LOC124900922"
0.696797647307924,-2.14445697279946,0.18941537925023,-11.3214512004672,1.02756635143141e-29,1.06883855616758e-28,"ENSG00000271820","LOC285804"
6.04033135959715,-2.86562014930663,0.166375151085422,-17.223847014482,1.75897985157248e-66,6.36982046022961e-65,"ENSG00000271880",NA
33.4301263177438,-1.00347840578184,0.0890791040175146,-11.2650258087973,1.95294716311603e-29,1.99969434889696e-28,"ENSG00000271895",NA
12.2541164474909,-1.40926683901467,0.102882890176822,-13.6977765359488,1.04681012665338e-42,1.79116689885584e-41,"ENSG00000271967",NA
7.98245335589433,-1.22939219574189,0.104692393052659,-11.7428989814333,7.68077000499959e-32,8.6994253177194e-31,"ENSG00000272123",NA
93.7621795978809,-2.05260406344638,0.121152996477874,-16.9422475969981,2.19572747565603e-64,7.42394519115599e-63,"ENSG00000272143","FGF14-AS2"
0.49472561924967,-1.7588268368689,0.394708890048566,-4.45601019184668,8.34990640748004e-06,2.18818518751979e-05,"ENSG00000272167",NA
4.22331647878626,-2.30233797390433,0.215535059335902,-10.6819650640513,1.23626622569613e-26,1.11922741634734e-25,"ENSG00000272180",NA
2.82149586749104,-1.06872809640553,0.176827882408137,-6.043889017111,1.50443016970507e-09,5.44061363455387e-09,"ENSG00000272254",NA
2.96595221010362,-1.08940204311043,0.171114369318597,-6.36651408907731,1.93372545327441e-10,7.4473301017988e-10,"ENSG00000272256",NA
84.3937311972948,-1.41530661777039,0.089346044389311,-15.840730582357,1.62916954910485e-56,4.39243180065355e-55,"ENSG00000272316",NA
2.1654248721838,-2.50150371413576,0.185288442061999,-13.5005922997546,1.55123980529238e-41,2.52960854566229e-40,"ENSG00000272411",NA
1.95426024680666,-1.17759096345553,0.173712666765409,-6.77895852606886,1.21045266141664e-11,5.06482261386938e-11,"ENSG00000272414","FAM47E-STBD1"
22.9049700367266,-1.03184699641677,0.0961065340757415,-10.7364916063206,6.86020430156885e-27,6.274768768388e-26,"ENSG00000272416",NA
0.419020086709518,-1.57587486322881,0.287437973559744,-5.48248668647557,4.19388571021256e-08,1.35378698542167e-07,"ENSG00000272435","RNA5SP357"
19.6352644341721,-2.41685642668404,0.12340765606974,-19.5843313426051,2.10350329175618e-85,1.34911436021471e-83,"ENSG00000272482",NA
11.4779446488034,-1.10412224387104,0.137226978605501,-8.04595608743351,8.55746754022423e-16,4.58548562635212e-15,"ENSG00000272491",NA
100.919121277356,-1.23332129440399,0.0842991312555032,-14.6302966120244,1.80000706751475e-48,3.7708062354452e-47,"ENSG00000272501",NA
44.6049433289079,-1.58311986268743,0.135116043151609,-11.7167423331888,1.04618073297773e-31,1.17879865750148e-30,"ENSG00000272505",NA
1.57709832215585,-2.22744341012056,0.185252442739786,-12.0238274711947,2.66342171353561e-33,3.20775601547238e-32,"ENSG00000272508",NA
4.46738199334576,-1.21046157380131,0.14777139729081,-8.19144703233164,2.58104003105681e-16,1.41923135415967e-15,"ENSG00000272537","LOC105375168"
4.23021822971104,-1.32810375970955,0.181667561581058,-7.3106268843542,2.65898927523403e-13,1.23561761567859e-12,"ENSG00000272541",NA
4.96184043591617,-1.11445159574651,0.128210014771648,-8.69239113443233,3.54889842744273e-18,2.13817559933075e-17,"ENSG00000272564",NA
0.541881027813956,-1.62603889695588,0.242394970230288,-6.708220452805,1.97012146945006e-11,8.11874415975851e-11,"ENSG00000272592",NA
3.20556164643874,-1.27306358241533,0.156211972015786,-8.14959036741866,3.65159074006382e-16,1.99075685430653e-15,"ENSG00000272597",NA
3.53503913128745,-1.03163971630034,0.138315072144541,-7.45862110545888,8.74326347640177e-14,4.17054712419762e-13,"ENSG00000272625",NA
855.72956803841,-1.33389846928896,0.135850022664854,-9.81890501836516,9.33519956380456e-23,7.0733735742824e-22,"ENSG00000272636","DOC2B"
7.98625071748724,-1.06180070760366,0.113452521377039,-9.35898730778274,8.05045741770222e-21,5.56170772020174e-20,"ENSG00000272650",NA
28.5819935720224,-1.01311440980139,0.114609113209422,-8.83973692345181,9.59442478030405e-19,5.94578827091408e-18,"ENSG00000272690","LINC02018"
16.1570896621781,-2.75005405397859,0.142581826620112,-19.2875496069054,6.83363254486947e-83,4.08228597537028e-81,"ENSG00000272701","MESTIT1"
41.3177142578092,-1.45498999975367,0.075875336971055,-19.1760598085874,5.86608558045476e-82,3.38607421879021e-80,"ENSG00000272777",NA
9.12750388880668,-1.36034840647445,0.127983048027745,-10.6291296186316,2.18138738972905e-26,1.95236820179187e-25,"ENSG00000272783",NA
6.63184124251673,-1.22615827194976,0.125440047437708,-9.77485497650708,1.44363930438916e-22,1.08086824618354e-21,"ENSG00000272784",NA
12.664360715216,-2.41694803985487,0.161940895791107,-14.9248775489829,2.27052009296285e-50,5.06899429887467e-49,"ENSG00000272789",NA
0.917649428839806,-3.47526701112932,0.249641146483719,-13.9210505162296,4.71916434200668e-44,8.47115637413038e-43,"ENSG00000272797",NA
171.501136933521,-1.388004284664,0.164939752175754,-8.41521989911194,3.9215856528716e-17,2.23990425165806e-16,"ENSG00000272808","GCAWKR"
10.3291215937951,-1.63337172337396,0.131260269941816,-12.4437632506621,1.51208355680257e-35,1.99515073551119e-34,"ENSG00000272823",NA
0.77491616253589,-2.38650039625697,0.17481782541917,-13.6513561505226,1.98156212720132e-42,3.35228253934376e-41,"ENSG00000272855",NA
1.33032128808109,-1.49393950088099,0.205587886211283,-7.2666708550409,3.68455109844251e-13,1.69996311629061e-12,"ENSG00000272856","SCPPPQ1"
20.2419197498058,-1.66860053887566,0.079715267317856,-20.9320070673827,2.73725024534834e-97,2.36291277936286e-95,"ENSG00000272914",NA
17.4628911381758,-1.22716004588737,0.10887063983904,-11.2717262220712,1.80986311819456e-29,1.85539205769553e-28,"ENSG00000272950",NA
44.4315761599513,-2.77589787605577,0.211534385952864,-13.1226791500192,2.44148439538039e-39,3.70749658899126e-38,"ENSG00000273079","GRIN2B"
0.919491642227338,-1.32226949562602,0.187057029782579,-7.06880408163716,1.56274595094819e-12,6.93701088760567e-12,"ENSG00000273115",NA
1.781219417371,-1.69600715290465,0.281695267655519,-6.02071581471745,1.73647404658616e-09,6.25005420869528e-09,"ENSG00000273124","LOC124902479"
7.16205559269068,-1.08864292579432,0.159746962810283,-6.81479576602155,9.43977749988004e-12,3.97521086419313e-11,"ENSG00000273160",NA
3.99505163355532,-1.14184583338817,0.156897746906491,-7.27764327978969,3.39702138894014e-13,1.57050366442268e-12,"ENSG00000273172","LOC124903889"
0.274821479716979,-2.88786143597806,0.437401209896079,-6.60231698184872,4.04780845435034e-11,1.63323650874115e-10,"ENSG00000273177",NA
1.44609920091741,-1.13949106903859,0.191900124075703,-5.93793815677303,2.8862886952499e-09,1.02279653394543e-08,"ENSG00000273180",NA
3.27468716308166,-1.5433465569729,0.170086917123689,-9.07386989588719,1.14863244550506e-19,7.45273299893656e-19,"ENSG00000273258",NA
2.44456824677704,-1.41497416545318,0.171480158029399,-8.25153289869601,1.56375574173355e-16,8.68833788547537e-16,"ENSG00000273348",NA
9.02396663765466,-1.88284497337421,0.184665753482914,-10.195961827586,2.06688384372907e-24,1.69533307572436e-23,"ENSG00000273409","LINC02712"
16.2248347897515,-1.10302814454208,0.182778388174814,-6.03478428471049,1.59175175946213e-09,5.74339710768418e-09,"ENSG00000273442",NA
1.17260222551108,-1.28969277850409,0.194661880667481,-6.62529702313481,3.4655062964948e-11,1.404198297235e-10,"ENSG00000273509",NA
6.28538421433661,-1.0486420502738,0.105240686618003,-9.96422661209067,2.18568299915479e-23,1.70825566867057e-22,"ENSG00000273682","BLVRBP1"
11.5300789398905,-2.264830933778,0.136080583091476,-16.6433070929417,3.38401428376522e-62,1.06663239694205e-60,"ENSG00000273771",NA
2.371858022199,-1.03117536444633,0.218201400592031,-4.72579626734069,2.29215373285962e-06,6.355309906582e-06,"ENSG00000273777","CEACAM20"
1.71631746825242,-1.57600923306492,0.184106644840289,-8.56030609015817,1.12568253214734e-17,6.61005639357508e-17,"ENSG00000273866",NA
1.14823681583712,-1.92463320365028,0.174798369519288,-11.0105901384733,3.39770799721671e-28,3.29856514988151e-27,"ENSG00000273923",NA
0.24391839908104,-1.0895120730543,0.445937594241396,-2.44319404132705,0.0145579076278854,0.0254550859289047,"ENSG00000273956",NA
0.359307453307573,-1.09755653969352,0.265681701330833,-4.1310957216689,3.61038194408484e-05,8.8346391001126e-05,"ENSG00000274017",NA
46.307267680683,-2.92021367926332,0.117538004521816,-24.8448464915134,2.93973316841214e-136,5.96790746180618e-134,"ENSG00000274021",NA
6.52164095819389,-1.06029493727615,0.123134288672442,-8.61088287192453,7.25000353884843e-18,4.2993893990126e-17,"ENSG00000274031",NA
4.5909572871444,-2.44211760021963,0.185066898542068,-13.1958638711639,9.26862159107249e-40,1.42372446434204e-38,"ENSG00000274080",NA
0.80871913303943,-1.20443984070224,0.206154081252898,-5.84242540037179,5.14462270728823e-09,1.78659665052319e-08,"ENSG00000274092",NA
1249.25635771535,-1.68067025416429,0.0776332090708905,-21.6488571614963,6.23061493257962e-104,6.33776563524181e-102,"ENSG00000274180","NATD1"
25.6480677716788,-1.45885571678253,0.276603111298548,-5.27418404635345,1.33348034563809e-07,4.13294367702944e-07,"ENSG00000274209","ANTXRL"
45.4537356604188,-1.07169582385006,0.0804738786891517,-13.317312913296,1.83597312701197e-40,2.88776994468626e-39,"ENSG00000274220",NA
2.67365210707471,-1.13409688914561,0.265508507657498,-4.27141449873454,1.94236998222408e-05,4.89166031583029e-05,"ENSG00000274238",NA
4.45528956542011,-1.50235514036312,0.16390879574804,-9.16579939170887,4.91810892575982e-20,3.25586014416406e-19,"ENSG00000274248","LOC101928796"
1.60579674353834,-1.10540479564428,0.173306291324,-6.37833045297645,1.79028893791347e-10,6.91158283766596e-10,"ENSG00000274275",NA
77.0649121056854,-1.1239242563489,0.134396001379308,-8.36278047571394,6.12571327115158e-17,3.47152735771081e-16,"ENSG00000274286","ADRA2B"
5.47024119455771,-2.54949926926544,0.24574359173287,-10.3746317504662,3.23457034189709e-25,2.75355138588661e-24,"ENSG00000274312",NA
11.2514628728357,-1.51196248644077,0.103012620300977,-14.6774490545254,8.99097533664232e-49,1.90432196453817e-47,"ENSG00000274340",NA
0.554492345701394,-1.62554142922111,0.36336797826496,-4.47354067076267,7.6934916555451e-06,2.02524827042399e-05,"ENSG00000274486","LOC100420802"
4.25007346213615,-2.2396705105642,0.174204131778803,-12.8565866245241,7.89883345477666e-38,1.13780249795054e-36,"ENSG00000274642",NA
0.206832391569237,-1.46053372174914,0.671690671982943,-2.17441418002338,0.0296740441147243,0.0491150229232516,"ENSG00000274664",NA
0.334057360721925,-2.2661607738713,0.345549539455333,-6.55813570882861,5.44846157845486e-11,2.18093236046263e-10,"ENSG00000274682",NA
1.23372282555004,-1.44571916894535,0.257905509267473,-5.60561568867456,2.07515956742856e-08,6.87367912579525e-08,"ENSG00000274719",NA
0.293899887202363,-2.08675040496276,0.73701603501958,-2.83135007355344,0.00463519583856817,0.00873440442972669,"ENSG00000274730",NA
16.2537709247185,-2.00366214062399,0.150931409210753,-13.2753159272911,3.2191056435157e-40,5.02205637840563e-39,"ENSG00000274736","CCL23"
0.515297459371003,-1.76644302113132,0.379071443978455,-4.6599211024498,3.16330611194762e-06,8.66171319788596e-06,"ENSG00000274742",NA
1.38425042649365,-1.12288602360674,0.164048767563783,-6.84483059691477,7.65664219158249e-12,3.24685543811929e-11,"ENSG00000274759","RNA5SP527"
20.1579703451498,-1.30951040544644,0.084858411670271,-15.4317100646984,1.00180189545532e-53,2.4804304295227e-52,"ENSG00000274818",NA
1.13423811085084,-2.22294445383405,0.196531910421246,-11.3108576061231,1.15950600578146e-29,1.20320408787069e-28,"ENSG00000274824","MIR7152"
0.304868618440146,-1.4608385179413,0.383818355736408,-3.80606736522144,0.000141193940088623,0.000323494891188652,"ENSG00000274893",NA
6.02601837530328,-1.12107229598733,0.160216727972429,-6.99722376168017,2.61084139243016e-12,1.14160272986519e-11,"ENSG00000275005",NA
3.22534010401977,-2.86379164654364,0.169027202468215,-16.9427855677974,2.1757366594316e-64,7.36154967184801e-63,"ENSG00000275025",NA
0.796183536427946,-2.81481832048689,0.257761263407082,-10.9202534286211,9.22380757609806e-28,8.77681471640234e-27,"ENSG00000275026","GXYLT1P4"
0.795552518000537,-1.62437878726531,0.237973113766439,-6.82589205795566,8.73806152931825e-12,3.68813785454707e-11,"ENSG00000275040",NA
0.784278266459267,-1.0323475042629,0.234165497435419,-4.40862345464713,1.04029714217711e-05,2.70241479594998e-05,"ENSG00000275064",NA
4.36118533205117,-2.11305879978933,0.130262828249246,-16.2215025436588,3.55393064287065e-59,1.02943662091858e-57,"ENSG00000275088",NA
11.6253233600126,-1.71858106589454,0.090468098065982,-18.9965424567797,1.82156185025786e-80,1.00891362133935e-78,"ENSG00000275120","LOC105370947"
276.919831669757,-1.11271932313393,0.0961436243802163,-11.573511299444,5.61372466586342e-31,6.12092737236041e-30,"ENSG00000275131",NA
7.49309885189002,-2.36315039729238,0.162762956820725,-14.518969447669,9.18811987052158e-48,1.8700204885161e-46,"ENSG00000275152","CCL16"
1.64851266719754,-2.12480077749477,0.179465443603041,-11.8396095361657,2.43584345473852e-32,2.82023344409189e-31,"ENSG00000275344","MIR6503"
1.92060276509696,-1.27872346547844,0.154192761589042,-8.2930187662539,1.10409913545722e-16,6.17670553587428e-16,"ENSG00000275392",NA
0.424662359416649,-1.18183444673713,0.489294073082861,-2.41538680264575,0.015718507435039,0.0273209146427484,"ENSG00000275427","LOC286083"
6.42181898300872,-1.96148201276995,0.370921281408758,-5.28813554541882,1.23569400097372e-07,3.8375639843554e-07,"ENSG00000275465","LOC158434"
9.6404373526772,-1.08562668196328,0.126267701550135,-8.5978177208859,8.12462061684862e-18,4.8014132694365e-17,"ENSG00000275540",NA
0.887513764727438,-1.29453536031859,0.298864254354641,-4.3315162032809,1.48086047432698e-05,3.77905749041257e-05,"ENSG00000275567",NA
3.30424910677299,-1.80167373199639,0.150727319199132,-11.9531996028943,6.24728428053607e-33,7.39213114054046e-32,"ENSG00000275569",NA
1.58380429592701,-1.02635580774716,0.259421741482453,-3.95632147823116,7.6112719284518e-05,0.000179766348578815,"ENSG00000275598","LOC100533643"
2.61682139843791,-2.93451410050331,0.23139888111161,-12.6816261444579,7.47644861889507e-37,1.04005996902225e-35,"ENSG00000275612",NA
3.76566915597444,-1.19724243980805,0.172973735643976,-6.92152733679918,4.46799892081434e-12,1.92449724261633e-11,"ENSG00000275630",NA
0.655022570117771,-1.62996323343971,0.243020712788646,-6.70709592913293,1.98535756512623e-11,8.17590518696902e-11,"ENSG00000275695","UBE2Q2P6"
0.247945656192,-2.78107830535282,0.468968325498643,-5.9302049928335,3.02556713470752e-09,1.06985697412235e-08,"ENSG00000275816","MIR6500"
0.40112891702886,-2.62482580097362,0.388566955127376,-6.75514416843084,1.42693296649659e-11,5.93389101856192e-11,"ENSG00000275826",NA
4.54963854079562,-1.83992446177269,0.158151931707301,-11.6339044481475,2.7712539561045e-31,3.0627630227674e-30,"ENSG00000275830","LINC03082"
0.782217540845036,-1.57647425995069,0.316562590246235,-4.97997649919544,6.35919948809952e-07,1.85570256715098e-06,"ENSG00000276087",NA
3.11120567916954,-1.37064477974981,0.277616700315042,-4.93718417585969,7.92586135780006e-07,2.2941518707842e-06,"ENSG00000276128","GXYLT1P5"
118.654396747785,-1.43387261297574,0.0833952657343123,-17.1936931952935,2.96057868410843e-66,1.0672785910883e-64,"ENSG00000276141",NA
0.300476090626851,-1.34948583086772,0.349553855100619,-3.86059490169054,0.00011311129783498,0.000262213300395504,"ENSG00000276269",NA
8.54745060009146,-3.01647808735108,0.213848939490685,-14.1056490368168,3.50549184129701e-45,6.56303689396404e-44,"ENSG00000276289","LOC102723475"
0.844881781318295,-2.23163823715418,0.272529765539415,-8.18860366586792,2.64274247308653e-16,1.45232612853379e-15,"ENSG00000276308",NA
17.7722621527964,-3.58310594162838,0.182872007574937,-19.5935178332862,1.75625581523973e-85,1.1309437648943e-83,"ENSG00000276365","MIR145"
15.1452453843786,-2.80806347911972,0.174584448577956,-16.0842704031903,3.2890417930491e-58,9.2911552066617e-57,"ENSG00000276386",NA
33.0940695097564,-3.34981817496259,0.190449263994351,-17.5890318749772,2.98941218715858e-69,1.18365899079973e-67,"ENSG00000276409","CCL14"
2.11740621595351,-1.47357162330541,0.213226918192835,-6.91081424331594,4.81879714516068e-12,2.07112739952138e-11,"ENSG00000276412",NA
0.195193231889806,-1.25985665853529,0.560376915110848,-2.24823083278882,0.02456147457397,0.0412601769578857,"ENSG00000276474","LOC100421603"
10.6048259594521,-1.26449617046957,0.179426286936615,-7.04744099684943,1.82238058867714e-12,8.05593781172925e-12,"ENSG00000276476","LINC00540"
1.82853037908683,-1.03357217244163,0.27821702848235,-3.71498530510401,0.000203215503646575,0.000457413896157266,"ENSG00000276542",NA
938.41950139409,-1.02847291823071,0.0893857267046844,-11.5060083544279,1.23042790395222e-30,1.32560829499327e-29,"ENSG00000276550",NA
24.9394094354336,-1.33963455201871,0.163436030260661,-8.19669047199785,2.47095619127202e-16,1.36073001291773e-15,"ENSG00000276649",NA
3.42124140363185,-3.07304256164336,0.220150038757301,-13.9588554196493,2.77860331979627e-44,5.0330013251962e-43,"ENSG00000276668",NA
1.92134297510688,-1.24398294203851,0.205214974885421,-6.06185266320391,1.34562454911828e-09,4.8828957167505e-09,"ENSG00000276724",NA
12.3470061115966,-1.15789107077782,0.163390173418066,-7.08666284241667,1.37384538157401e-12,6.1211691835963e-12,"ENSG00000276772",NA
2.99909385268042,-2.7693205976926,0.186417643469318,-14.855464033094,6.41223961239306e-50,1.41181249921761e-48,"ENSG00000276778","LINC02227"
0.582547032324067,-1.43342389274419,0.278044645709878,-5.15537312032932,2.53126389730761e-07,7.64983620261199e-07,"ENSG00000276822",NA
1.22507315302655,-1.04746166122647,0.184847871918855,-5.66661466184628,1.45646379724767e-08,4.88718171495559e-08,"ENSG00000276868",NA
1.90478159351798,-1.09602366225266,0.236414757333455,-4.63602050318186,3.55180751575354e-06,9.67133265585406e-06,"ENSG00000276972",NA
3.38122596086037,-1.02179182443837,0.109550968893032,-9.32709071186826,1.08816721038122e-20,7.45411653551103e-20,"ENSG00000277051",NA
0.979283059644883,-1.22503997744994,0.207542503333676,-5.90259805954247,3.57821303444097e-09,1.25831023546731e-08,"ENSG00000277087",NA
3.43600315333156,-1.04104502952488,0.215821415696609,-4.82364100042941,1.40961035726327e-06,3.98974609892381e-06,"ENSG00000277089","CCL3-AS1"
5.29493879016094,-1.88381913818162,0.15329204734431,-12.2890859037871,1.03671671502971e-34,1.32345051471019e-33,"ENSG00000277135",NA
0.385945828450477,-1.83734487569987,0.300621863633136,-6.11181386973928,9.85050346849006e-10,3.61001775549115e-09,"ENSG00000277136",NA
0.473024925541424,-1.10230485368142,0.301342430793932,-3.65798089162962,0.000254209993835381,0.000565974292701943,"ENSG00000277138","MIR6509"
0.523127913355949,-3.58107459426446,0.326138585798955,-10.9802235926539,4.75744832037956e-28,4.58979760429691e-27,"ENSG00000277199",NA
1.97009618567044,-1.62398610107938,0.186748659632689,-8.69610579413825,3.43468234656329e-18,2.07248905823485e-17,"ENSG00000277214",NA
5.42605812309304,-3.71527082361286,0.257732231123379,-14.4152355621922,4.15020783620992e-47,8.27106728089921e-46,"ENSG00000277270","LOC105372703"
1.74566292270207,-2.40743191028468,0.172643381674145,-13.9445363438755,3.39648080085497e-44,6.1244032807287e-43,"ENSG00000277288",NA
0.330940282758148,-1.50227330713453,0.354764593403148,-4.23456380673077,2.28995759665379e-05,5.72997693924286e-05,"ENSG00000277387","MIR8058"
6.97754858671944,-1.14938382707065,0.10197532974705,-11.2711950029649,1.82081690192926e-29,1.86599652987018e-28,"ENSG00000277423",NA
3.95992291273486,-1.13952791625282,0.122255919896537,-9.3208403913461,1.15422409968679e-20,7.89758306426648e-20,"ENSG00000277425",NA
3.52915079589419,-1.04018222026822,0.135706609390176,-7.66493411737625,1.78923021926934e-14,8.90433362472153e-14,"ENSG00000277435",NA
0.331934475273512,-2.39070258540984,0.502099340175021,-4.76141351744555,1.92241678607373e-06,5.3698104139921e-06,"ENSG00000277448","LINC02338"
69.8063599700246,-1.08641729355836,0.0877816346818238,-12.3763620658948,3.50890598987417e-35,4.57197949346945e-34,"ENSG00000277449","CEBPB-AS1"
0.19333821059155,-1.88956016521308,0.480766226034141,-3.93030970748535,8.48365137747658e-05,0.000199309438285148,"ENSG00000277478","MIR6165"
402.671354292308,-3.52098736053448,0.152409989459422,-23.1020773180481,4.41264322799637e-118,6.05758558891994e-116,"ENSG00000277494","GPIHBP1"
1.39619589350503,-2.10247216608428,0.242749519178006,-8.6610765417935,4.67329601308969e-18,2.8015216715106e-17,"ENSG00000277526","LINC03021"
27.86465087041,-3.07877322059044,0.197655169780454,-15.5764871923673,1.05178063580808e-54,2.68894398407499e-53,"ENSG00000277531","PNMA8C"
3.36060976398603,-1.69434259629107,0.148430247386704,-11.4150762807584,3.51595371170787e-30,3.72181489898197e-29,"ENSG00000277561",NA
6.47617352108937,-1.05297046079532,0.158208715288631,-6.65557810057632,2.82188657386073e-11,1.15060924045674e-10,"ENSG00000277587",NA
7.26022602794215,-3.67144004820647,0.188533522358743,-19.4736723860727,1.83623106563925e-84,1.14848342499708e-82,"ENSG00000277631","PGM5P3-AS1"
200.763358666344,-2.73638679684428,0.170666033718933,-16.0335758511315,7.44713172459135e-58,2.08163407774313e-56,"ENSG00000277639","CHD9NB"
0.558850151240448,-1.62479674939976,0.209632127532407,-7.75070485867477,9.13838621658535e-15,4.63203643288832e-14,"ENSG00000277672",NA
3.70767026953226,-1.59776241098723,0.132786555939457,-12.0325615773611,2.39609348900715e-33,2.89306550046201e-32,"ENSG00000277684",NA
0.606084243466457,-1.19099953691107,0.288983801403686,-4.12133666705886,3.7668048377745e-05,9.19955241768752e-05,"ENSG00000277695",NA
7.02609602004499,-1.34867818456864,0.144933920204422,-9.30546957307443,1.33401549850104e-20,9.09918600984976e-20,"ENSG00000277702",NA
0.183513381081129,-1.53761015655615,0.481864304325251,-3.19096090487394,0.00141800466585953,0.00287404194692149,"ENSG00000277723",NA
22.4683114058319,-5.68992898046611,0.286855799823993,-19.8355026600727,1.4703930806105e-87,1.0020843882226e-85,"ENSG00000277737",NA
5.73460376487546,-1.22452941281001,0.105010922684469,-11.6609718447044,2.01726624389592e-31,2.24395694787679e-30,"ENSG00000277763",NA
12.1355416736139,-1.84383197127949,0.109629895510086,-16.8186967861322,1.78031985936325e-63,5.84613601522231e-62,"ENSG00000277851","LINC02391"
1.57818201500614,-2.17172565484347,0.197028518209151,-11.02239246675,2.98030747567975e-28,2.89863035241204e-27,"ENSG00000277863",NA
50.9967870965184,-1.07050204903547,0.0883203076255025,-12.1206784466222,8.20768673340536e-34,1.01165493027386e-32,"ENSG00000277879",NA
0.634714592695119,-2.10438743480052,0.201425443314496,-10.4474757516846,1.50476989710637e-25,1.30062287155631e-24,"ENSG00000277892","MIR6746"
0.281713369532793,-2.13073878541784,0.477092346913436,-4.46609298850153,7.96609961084689e-06,2.0921819556829e-05,"ENSG00000277912","MIR8089"
48.117446801303,-2.07467826079265,0.0983276977355487,-21.0996322355932,8.01570923907179e-99,7.23225291231506e-97,"ENSG00000277954",NA
2.10999440730749,-1.12092196717651,0.199125381442828,-5.62922696772507,1.81019069080035e-08,6.02684058347774e-08,"ENSG00000277968",NA
7.51630238479424,-2.36320188618654,0.256850531268611,-9.20068911095665,3.55661473993174e-20,2.37289252458056e-19,"ENSG00000277987","LINC02351"
17.040837721482,-1.58568599484765,0.107085889192828,-14.8076091705446,1.30810893002739e-49,2.85779748461524e-48,"ENSG00000278058","LOC101928230"
0.153920892046264,-1.7165280561858,0.602454730156184,-2.84922330303688,0.0043826108477586,0.00828745207278633,"ENSG00000278068",NA
1.4136408807769,-1.73862354261124,0.183679033521001,-9.46555254175187,2.92013069901128e-21,2.05347808292427e-20,"ENSG00000278108","MIR6757"
0.444985473085476,-1.62430783212405,0.30246048300631,-5.37031421751105,7.85995694897781e-08,2.4816827298374e-07,"ENSG00000278131","OTOP1P1"
0.794168783332255,-1.0439442153508,0.243781592716792,-4.28229303007129,1.84977161051598e-05,4.6675387296477e-05,"ENSG00000278146",NA
1.16444578855776,-1.77346474882559,0.189990735738537,-9.33448013626415,1.01488060656723e-20,6.96703393905083e-20,"ENSG00000278177",NA
10.2455505438468,-1.77013230960972,0.213640170703159,-8.28557805296468,1.17536795987509e-16,6.5616265389904e-16,"ENSG00000278192",NA
0.220465015203518,-1.18430666895499,0.446608464700673,-2.65177837538019,0.00800690790541708,0.0145759920111153,"ENSG00000278213",NA
3.83725970606733,-1.69331739299124,0.125281536127879,-13.5160969870517,1.25668372722425e-41,2.05487090004484e-40,"ENSG00000278214","LINC02139"
2.9183003077386,-1.04240944682731,0.145982467691419,-7.14064821147414,9.28918098445738e-13,4.18353695210898e-12,"ENSG00000278281","MIR7856"
0.500400201393639,-1.00680564100306,0.314327001067647,-3.20305171869845,0.00135979558399564,0.00276272449977656,"ENSG00000278367",NA
5.94820678978721,-1.7188678255931,0.181155674897312,-9.48834656472915,2.3472775397691e-21,1.65818441359979e-20,"ENSG00000278456",NA
55.3938185965106,-1.15127198375633,0.0845603820251337,-13.6147916575653,3.2707713777568e-42,5.48678769987145e-41,"ENSG00000278727",NA
0.504005343146406,-3.10726736845153,0.322045907299853,-9.64852307704813,4.98687506710041e-22,3.63710130103183e-21,"ENSG00000278783","MIR6071"
6.98686470214975,-2.14760073208614,0.304202178540778,-7.0597809075133,1.66765330371966e-12,7.389684589457e-12,"ENSG00000278928",NA
4.00494919837053,-2.88417308973298,0.186267140847524,-15.4840680788349,4.44456333023782e-54,1.11311567774017e-52,"ENSG00000278931",NA
41.6033503693221,-1.61785365417595,0.119847830110583,-13.4992319233745,1.58014898950565e-41,2.57499789412299e-40,"ENSG00000278934",NA
34.7391026679591,-1.07829978216915,0.106157582314302,-10.157538996853,3.06720761088323e-24,2.49490520606818e-23,"ENSG00000278948",NA
15.6836452549452,-1.04918597681655,0.121013086988492,-8.67002076326114,4.32041595135214e-18,2.59414057423236e-17,"ENSG00000278959",NA
153.452346514242,-1.41331451335937,0.114878713374987,-12.3026666284643,8.76324747700464e-35,1.12168631211139e-33,"ENSG00000278962",NA
1.206819327621,-1.22645968249787,0.25867890058501,-4.74124360249019,2.12410348246447e-06,5.90665725491164e-06,"ENSG00000278973",NA
45.1718980413313,-1.33813777133773,0.119367885290419,-11.210199192874,3.63374698901148e-29,3.67517032390838e-28,"ENSG00000278989",NA
2.93127397607459,-2.79514031296427,0.272186620083782,-10.2692054154018,9.70002780506133e-25,8.07942162970251e-24,"ENSG00000279000","OR10A6"
11.2727411127615,-1.61380675088067,0.110044794286414,-14.6649985703131,1.08019437977284e-48,2.28284573157992e-47,"ENSG00000279019",NA
51.8890164429617,-2.22803507046952,0.0985891156757221,-22.5991992645308,4.41301208826773e-113,5.49162101685473e-111,"ENSG00000279026",NA
4.75050046866146,-3.01164507678668,0.204134376864893,-14.7532479489231,2.93207299463956e-49,6.33343630176651e-48,"ENSG00000279036",NA
1.82763888882059,-1.12821627642908,0.187711811528927,-6.01036379777952,1.85107468638206e-09,6.65004410802073e-09,"ENSG00000279074",NA
19.8452957022567,-1.28023755672744,0.101763821836132,-12.5804783431678,2.70387653377151e-36,3.66561190529126e-35,"ENSG00000279086",NA
0.58971998781994,-1.05738387093561,0.380338866127175,-2.78010996273532,0.00543404941889999,0.0101376623830653,"ENSG00000279091",NA
131.969838040946,-1.96996873179539,0.0967480718639867,-20.3618397125771,3.64632150333103e-92,2.81766553588048e-90,"ENSG00000279118",NA
0.9632968835299,-1.56480543617899,0.173867033211789,-9.00001229257123,2.25692409618968e-19,1.4432625927449e-18,"ENSG00000279137",NA
48.424204759401,-3.61346696679378,0.120461197731763,-29.9969370621739,1.07589391568149e-197,1.030921550006e-194,"ENSG00000279204",NA
3.83380125703759,-2.15175233338982,0.179538949311161,-11.9848776081483,4.26473755723567e-33,5.09662200965729e-32,"ENSG00000279208",NA
74.9550342775716,-1.12428072880774,0.0862227252628535,-13.0392622754653,7.31615153390868e-39,1.08856155276262e-37,"ENSG00000279267",NA
9.49790398611196,-1.03859294292012,0.138685460862535,-7.48883795360187,6.94860670842019e-14,3.33474654312743e-13,"ENSG00000279302",NA
10.833167903066,-1.11813563631025,0.123868022121147,-9.02683046974527,1.7671588375567e-19,1.13704780966078e-18,"ENSG00000279311",NA
3.1130108930706,-1.76235669675301,0.248211746586616,-7.10021471984615,1.24563207459855e-12,5.5690773324017e-12,"ENSG00000279317",NA
1.50613127024721,-1.63660000420082,0.204930589215509,-7.98611866811031,1.39253643499348e-15,7.38830792918467e-15,"ENSG00000279378",NA
0.317948446966075,-1.19931277890448,0.382444275307435,-3.13591510276991,0.0017131878952481,0.00343354244138618,"ENSG00000279391",NA
18.7315193048064,-1.26024661002156,0.18412300073443,-6.84459087129085,7.66947412821663e-12,3.25143354997663e-11,"ENSG00000279400",NA
1.63801138138455,-1.83312295985733,0.191866675842293,-9.55414978557341,1.24602792495166e-21,8.92068109450601e-21,"ENSG00000279430",NA
0.62748509271654,-1.29421773883869,0.341882298254479,-3.78556522360613,0.000153359602439978,0.000349779041840396,"ENSG00000279440",NA
2.62655577463671,-2.24098936115058,0.194314015073342,-11.5328241264776,9.01374835478936e-31,9.75047829482859e-30,"ENSG00000279444",NA
5.8153584964337,-1.52047003757128,0.112216540103749,-13.5494289537491,7.98488924702362e-42,1.31915877181001e-40,"ENSG00000279447",NA
23.3487843645075,-1.15104825563706,0.120341582913672,-9.56484224129552,1.1237272542547e-21,8.05954681906326e-21,"ENSG00000279456",NA
2.61773608842859,-2.2125316248147,0.25277182257599,-8.75307857603295,2.07610031408767e-18,1.26756679046694e-17,"ENSG00000279484",NA
1.95499066900319,-2.06048482068195,0.154471000806602,-13.3389750174641,1.37334796093649e-40,2.17295577306694e-39,"ENSG00000279499",NA
0.272530800439961,-1.10945060758205,0.423511014784512,-2.6196499473492,0.00880200668213376,0.0159217752828297,"ENSG00000279525",NA
5.42988941387802,-1.96791588511851,0.146009938093957,-13.4779584924703,2.10860818430974e-41,3.41872819324128e-40,"ENSG00000279526",NA
0.710064203209741,-2.24497195578708,0.171794615234743,-13.0677667208574,5.03212570353381e-39,7.54818855530072e-38,"ENSG00000279571",NA
0.796487267093811,-2.72252719770896,0.258895100092293,-10.5159471799135,7.29441280643124e-26,6.38194517085684e-25,"ENSG00000279581",NA
4.71140188727194,-2.94712073229519,0.20583701392287,-14.3177394392221,1.69549089627124e-46,3.29804989201604e-45,"ENSG00000279587",NA
3.86198676249314,-1.77052440698474,0.1792007517477,-9.88011707382504,5.07735556499514e-23,3.89771038485687e-22,"ENSG00000279588",NA
4.80879785209824,-1.79077629898365,0.154934779897351,-11.5582589020367,6.70545672246371e-31,7.2913851923113e-30,"ENSG00000279622",NA
0.533907283702282,-1.62081830018719,0.240272970955299,-6.74573712450048,1.5225205850425e-11,6.31768242069863e-11,"ENSG00000279663",NA
0.495625834069385,-1.50065644158809,0.577949888508999,-2.59651653443433,0.00941743730240271,0.0169620083142148,"ENSG00000279676",NA
0.546021746249038,-4.34692028152355,0.457220863504861,-9.50726580629306,1.95739559433588e-21,1.38849308446302e-20,"ENSG00000279688","LOC112267859"
3.02904715808944,-2.76790824028463,0.165184121194398,-16.756503108596,5.07615725109784e-63,1.63880521496023e-61,"ENSG00000279711",NA
21.6987120013587,-1.30897612063034,0.183096671061414,-7.14909841365321,8.73496925250754e-13,3.94060618538264e-12,"ENSG00000279778",NA
0.629800161395474,-2.15162960206318,0.366354044576959,-5.87308816133785,4.27750840367632e-09,1.49402513392238e-08,"ENSG00000279796",NA
2.39508425481737,-1.34282954982133,0.138326801129166,-9.70765996798722,2.79684175295673e-22,2.06530037583473e-21,"ENSG00000279803",NA
23.0040613396653,-1.61790754903136,0.104001346456167,-15.556601949507,1.43518849103217e-54,3.65744045773144e-53,"ENSG00000279805",NA
128.608779335776,-1.92843433056951,0.176557680838,-10.9224040631738,9.00793977329568e-28,8.57481411759578e-27,"ENSG00000279806",NA
65.6261823157571,-1.04534211338449,0.106329107793276,-9.83119425225341,8.26329717714067e-23,6.27706624000015e-22,"ENSG00000279833",NA
2.47393616796662,-1.02784435645494,0.193505421619354,-5.31170831211548,1.0860233428115e-07,3.38547585100522e-07,"ENSG00000279858",NA
1.24610027434243,-1.65697617892576,0.184756937549042,-8.96841115092597,3.00822265926808e-19,1.91171173372508e-18,"ENSG00000279875",NA
1.22981611334904,-2.77117607691741,0.377885560652696,-7.33337381859988,2.24429786881632e-13,1.04717871927337e-12,"ENSG00000279940",NA
0.404306657771351,-1.2341509771076,0.286159958224687,-4.31280108078074,1.61199141288771e-05,4.09124906454682e-05,"ENSG00000279960",NA
0.448251653990989,-2.5003220596901,0.368852513143156,-6.77864992265808,1.21304057816002e-11,5.07392824337756e-11,"ENSG00000279976",NA
1.87488402031835,-1.35741889286916,0.244302585069943,-5.55630179877355,2.75550279312377e-08,9.04034368407586e-08,"ENSG00000280048",NA
14.3014714039731,-1.19376303669656,0.0914968288241661,-13.0470427449531,6.60622833006175e-39,9.85995013374636e-38,"ENSG00000280054",NA
4.28500927299181,-1.38130556761594,0.136671423617731,-10.10676212373,5.15601903754112e-24,4.15447144447687e-23,"ENSG00000280083",NA
0.515894026718212,-1.98566908602419,0.264267008575122,-7.5138743073929,5.74027005044479e-14,2.76676396495785e-13,"ENSG00000280134",NA
0.301173133327752,-1.5264185144358,0.289680604780768,-5.26931554700048,1.36933393007358e-07,4.24022677028344e-07,"ENSG00000280143",NA
0.602333842955508,-1.22925147425511,0.233850880093855,-5.25656124861173,1.46773909647381e-07,4.53059597397462e-07,"ENSG00000280164",NA
3.07301811543079,-1.10307234412148,0.182624584799779,-6.04010870349595,1.54010436067197e-09,5.56416559232289e-09,"ENSG00000280168",NA
1.1918482085424,-2.59302464664631,0.256549281427818,-10.1073159597832,5.1269624126858e-24,4.13175389725444e-23,"ENSG00000280200",NA
42.5066167776461,-1.89372168824205,0.131496731667744,-14.4012833187897,5.07915645229174e-47,1.00762892600123e-45,"ENSG00000280241",NA
31.8248584680977,-1.08132130555889,0.157878097864318,-6.84909002696622,7.43212168407286e-12,3.15443789762518e-11,"ENSG00000280255",NA
1.05027036813687,-1.04250011011763,0.353310935467735,-2.95065905259202,0.00317096733872883,0.00611401501925701,"ENSG00000280268",NA
0.346936897770081,-1.52913454385302,0.438910612283174,-3.48393158210187,0.000494105779033984,0.00106293421370923,"ENSG00000280281",NA
30.5202668468878,-1.69103871978864,0.153864565578328,-10.9904363843135,4.24866875990096e-28,4.10638935418308e-27,"ENSG00000280294",NA
5.93086225517884,-3.66426693727003,0.196596626443076,-18.6385036384692,1.56559225167138e-77,8.05666216730138e-76,"ENSG00000280302",NA
13.1497844191365,-2.21997140706101,0.135860394412977,-16.3400924651589,5.11752382332759e-60,1.51533106536233e-58,"ENSG00000280304",NA
0.803195375798489,-2.3350559864187,0.337181454510802,-6.92522069402217,4.35296369178626e-12,1.87748010869175e-11,"ENSG00000280323",NA
295.991564075931,-3.59241161384345,0.122974172515391,-29.2127325629601,1.33639552932565e-187,9.41569261911646e-185,"ENSG00000280339",NA
0.404469374374869,-1.7983672199423,0.303879377156168,-5.91802983398274,3.25820876747706e-09,1.14957494697567e-08,"ENSG00000280345",NA
13.1710241254918,-3.34180508211371,0.240146657507697,-13.9156843438748,5.08706865004309e-44,9.11108258032016e-43,"ENSG00000280362",NA
11.0075434618089,-1.09459040622907,0.128400354001192,-8.52482389743965,1.53042477668488e-17,8.92437330221186e-17,"ENSG00000280401",NA
16.7155998906461,-1.04405831471488,0.13091286326514,-7.97521564095906,1.521149949477e-15,8.0501816060359e-15,"ENSG00000280422",NA
5.46103027042063,-3.45382293757312,0.225168092982334,-15.3388648090744,4.20483885492271e-53,1.0241679183495e-51,"ENSG00000280429",NA
0.163738613146844,-2.0277521020636,0.588862579525087,-3.44350646919858,0.000574222856044452,0.00122543505715322,"ENSG00000280436",NA
0.758185926597397,-1.39127881501266,0.291318653153882,-4.77579722393456,1.78996693609291e-06,5.01768860266873e-06,"ENSG00000280444",NA
4.80495183284692,-2.7750167120936,0.199626118363507,-13.9010703350975,6.24011774049183e-44,1.11180379675331e-42,"ENSG00000281128","PTENP1-AS"
31.4376977771122,-1.5455860462475,0.110231478374491,-14.021276581238,1.15517849298961e-44,2.11967068552786e-43,"ENSG00000281392","LINC00506"
0.366105020047961,-1.42602655226024,0.329989045080526,-4.32143604013354,1.55016988947931e-05,3.94228140585772e-05,"ENSG00000281548",NA
10.827013864918,-1.40256302424573,0.221326339979341,-6.33708136309778,2.34158354429818e-10,8.96836418637187e-10,"ENSG00000281560","LSINCT5"
6.19013430960657,-1.72955095564581,0.186437432411558,-9.27684388952458,1.74572977037199e-20,1.18383458313549e-19,"ENSG00000281692","PACRG-AS1"
42.2640425741269,-4.726048971205,0.233935802196708,-20.202332976938,9.33797872832512e-91,6.88280862883164e-89,"ENSG00000281769",NA
4.60065620247356,-1.27988740704293,0.12221556196538,-10.4723767289593,1.1570094924929e-25,1.00524424346648e-24,"ENSG00000281852","LINC00891"
0.50971798121714,-1.10637102719142,0.25734975410033,-4.29909494593918,1.71496997110305e-05,4.33996467967184e-05,"ENSG00000281904",NA
0.394263988189022,-2.42301515345551,0.337080760260526,-7.18823332302559,6.56350312820887e-13,2.98233530797124e-12,"ENSG00000281961",NA
7.77092806025243,-1.27942309891674,0.229661771604832,-5.57090146077156,2.53424638856512e-08,8.33441409089476e-08,"ENSG00000281969",NA
5.1914601659063,-2.70037408382381,0.159621740879796,-16.917332619855,3.35274803926683e-64,1.12722918288613e-62,"ENSG00000281974",NA
0.47139900277741,-1.96455277863293,0.323888791776214,-6.06551640104394,1.31530346455938e-09,4.77576271216672e-09,"ENSG00000282012","LOC124905092"
1.82992309675956,-1.0924280642861,0.206360118866194,-5.29379450975428,1.19804050699245e-07,3.72449034391072e-07,"ENSG00000282024",NA
0.361282103527399,-1.86025142358354,0.362993010281423,-5.12475824848891,2.9791975249679e-07,8.94936067598045e-07,"ENSG00000282111",NA
1.70101179963287,-2.42678068957539,0.252431649141729,-9.61361500361179,7.00456323585075e-22,5.07468054785437e-21,"ENSG00000282142",NA
0.220312741609522,-1.98692475894584,0.484645005845983,-4.09975288093089,4.13591526966174e-05,0.000100569304455917,"ENSG00000282160",NA
1.25070250732069,-2.19275636572807,0.322197252508989,-6.8056333461965,1.00605642691227e-11,4.22548991087636e-11,"ENSG00000282375","LOC401442"
0.448112793333878,-1.4216105177463,0.427992370660795,-3.32157911028044,0.000895096037220973,0.00186330876138418,"ENSG00000282440",NA
0.319595303625322,-1.92215797032237,0.351647954789382,-5.46614289701653,4.59933610565253e-08,1.4790857351444e-07,"ENSG00000282527",NA
18.4510447563986,-1.65034827779497,0.177979906293789,-9.27266629228787,1.81549722196141e-20,1.22992748733274e-19,"ENSG00000282556","LOC101927825"
2.52061723248967,-1.2246589240584,0.297526675978003,-4.11613150327719,3.85284533382048e-05,9.40249694087914e-05,"ENSG00000282692",NA
0.308016950925726,-2.02270483646639,0.431675401934913,-4.68570788930745,2.78993944487601e-06,7.67313425970205e-06,"ENSG00000282828",NA
6.50463331615933,-2.69611784538427,0.132243036948874,-20.3875977714169,2.15469126700238e-92,1.67311602272421e-90,"ENSG00000282840",NA
3.67404237646819,-1.31535742136518,0.161135473524979,-8.1630530670286,3.26660903536803e-16,1.78656665393245e-15,"ENSG00000282855",NA
1.61011836611043,-1.13487817624298,0.32072681886653,-3.53845737083577,0.000402472261914922,0.000875678749697725,"ENSG00000282863",NA
1.76364720314289,-1.77716304490935,0.155371938796531,-11.4381210576039,2.69662341533477e-30,2.8665459913177e-29,"ENSG00000282897",NA
0.865645619324339,-1.20177131832676,0.331401872069252,-3.6263262812095,0.000287482065735969,0.000636472540176075,"ENSG00000282943",NA
1.78670876273493,-1.46190101621473,0.166955336599758,-8.75624011779479,2.01871424974267e-18,1.2333154769851e-17,"ENSG00000282980",NA
58.8653536672554,-1.24023658641684,0.174839266443276,-7.09358150286692,1.30684930947011e-12,5.83351816050621e-12,"ENSG00000283000",NA
11.8296695380719,-2.019799273663,0.161319342008594,-12.5205028021711,5.76686653576527e-36,7.71115198795741e-35,"ENSG00000283031",NA
0.208368301478388,-1.73724098172523,0.504395058575361,-3.44420698059966,0.000572737068536816,0.00122259102448756,"ENSG00000283040",NA
2.62060973955065,-1.92552890378411,0.198742509440307,-9.6885608881901,3.37246985663868e-22,2.47852478649424e-21,"ENSG00000283051","LINC01668"
2.81086623160555,-1.4270054391941,0.265858449588229,-5.36753840776659,7.98185145350957e-08,2.51834378095254e-07,"ENSG00000283071","LBHD2"
0.356705202504175,-2.25145765808369,0.413889056863115,-5.4397612615023,5.3352016899589e-08,1.70679429063789e-07,"ENSG00000283083","LINC02498"
6.181313411926,-1.1854382111544,0.230755792676738,-5.13719806295418,2.7886500545283e-07,8.39749994421437e-07,"ENSG00000283122","HYMAI"
4.7684232103253,-1.00257393337496,0.338112705795258,-2.96520632378146,0.00302479990212547,0.00584960697952819,"ENSG00000283142",NA
0.369424500381716,-2.70871254011919,0.440618119280779,-6.1475287138455,7.86994567158208e-10,2.90395176467574e-09,"ENSG00000283145",NA
5.51739345623359,-2.70031189081798,0.197294481901612,-13.6867076300927,1.21909125542039e-42,2.07778947161832e-41,"ENSG00000283175","LOC101929130"
111.308740221251,-1.32738216112744,0.158245974682044,-8.38809431831986,4.94085754056158e-17,2.80969121386712e-16,"ENSG00000283199","C13orf46"
6.2846116498261,-1.95268766620942,0.179520750753575,-10.8772253793091,1.47999465487038e-27,1.39662288585463e-26,"ENSG00000283213","LOC107984851"
4.2580539967182,-2.87390272930453,0.326552631434375,-8.80073364186649,1.35924614132477e-18,8.36499455759403e-18,"ENSG00000283247","CCDC201"
2.90190279325947,-1.98116805543326,0.206536397647158,-9.59234342228551,8.61066764096853e-22,6.21571623743863e-21,"ENSG00000283304",NA
0.592271643468755,-1.1055758484696,0.208418535633786,-5.30459464705295,1.12923641840461e-07,3.51583810799096e-07,"ENSG00000283313","LOC124900887"
1.35572347810506,-1.27837121728421,0.182936864479083,-6.98804596287581,2.78741080913802e-12,1.21736419203102e-11,"ENSG00000283345","MPHOSPH10P3"
0.984046273452553,-1.83808221346268,0.28850041474128,-6.37115969178424,1.8760417553535e-10,7.23215002405745e-10,"ENSG00000283378","CNTNAP3"
5.54810062275928,-2.64049514875346,0.139503893618424,-18.9277523391271,6.73764530770622e-80,3.66818848513869e-78,"ENSG00000283383","LOC124900824"
1.76627174994941,-1.51038848373543,0.305741351666376,-4.94008571461919,7.80882365311951e-07,2.26136811666438e-06,"ENSG00000283408",NA
1.48654153473062,-1.96154337268278,0.277621134230529,-7.06554051844615,1.59991992621442e-12,7.09545160278932e-12,"ENSG00000283423",NA
15.2561421663746,-1.98334090825358,0.129294898401432,-15.3396687168255,4.15309003032834e-53,1.01207804350473e-51,"ENSG00000283445",NA
0.668017379670669,-1.71419146327495,0.408941700088102,-4.19177467816475,2.76780817237853e-05,6.86187267987867e-05,"ENSG00000283458","LOC101927879"
2.70980539817392,-2.54417302945551,0.20561945295582,-12.3732117408277,3.64931785597304e-35,4.74976415321022e-34,"ENSG00000283503","LINC01902"
1.52811314777751,-1.92612873184775,0.260876260372238,-7.38330398135654,1.54408934510859e-13,7.26835532758427e-13,"ENSG00000283529",NA
0.269806424655334,-1.0397442995609,0.422356909125358,-2.4617669963398,0.0138254451289461,0.0242682302384337,"ENSG00000283629",NA
110.565253121729,-1.12177889235221,0.209389000865806,-5.35739168587532,8.44319521623318e-08,2.65812513345861e-07,"ENSG00000283646","LINC02009"
1.2680380829522,-2.66653965239103,0.333577044917506,-7.99377443088289,1.30869106797223e-15,6.95500710666108e-15,"ENSG00000283647",NA
3.56961701848374,-1.29946446772093,0.226082974672125,-5.74773252875615,9.04481661235032e-09,3.08183745037838e-08,"ENSG00000283656","MIR4483"
0.675239143105802,-2.04216413988225,0.286264419409387,-7.13383851229429,9.76078415405094e-13,4.39097811099137e-12,"ENSG00000283682","MIR548AH"
93.6921435173534,-1.1507573152826,0.132210359446244,-8.70398749464484,3.20422368238238e-18,1.93757865231528e-17,"ENSG00000283787","PRR33"
1.12569437724941,-1.331425018075,0.319663340122328,-4.16508510974543,3.11236435812971e-05,7.67044117273634e-05,"ENSG00000283796","MIR6510"
0.333328299438187,-1.67959807357222,0.29422999805563,-5.70845285889122,1.14007744652815e-08,3.85334112614913e-08,"ENSG00000283891","MIR628"
0.414208009144452,-1.15063975018643,0.268240444007584,-4.28958337898477,1.79008600740987e-05,4.52312750461509e-05,"ENSG00000283914",NA
3.78255224218837,-1.89761940724875,0.206804446445227,-9.17591202639514,4.47767828522581e-20,2.97291528055943e-19,"ENSG00000283945",NA
0.20897425196203,-1.4695097773729,0.419040071354057,-3.50684785973911,0.000453448325011009,0.000979031511999884,"ENSG00000284116","LOC105372733"
2.02784195113185,-1.06812582601371,0.322903175187137,-3.30788269701802,0.000940041755469076,0.00195119142641554,"ENSG00000284196",NA
65.7864114778549,-1.15236596677855,0.10646399456466,-10.8239970845605,2.64963945634912e-27,2.4721368325937e-26,"ENSG00000284237","LINC02767"
1.54053040481224,-1.33497105152069,0.201126400237816,-6.63747300176501,3.19106384833164e-11,1.29562600825058e-10,"ENSG00000284240","LINC02801"
3.43807558574836,-1.36213275702787,0.224643246180743,-6.06353754313154,1.33159680546176e-09,4.83345730355881e-09,"ENSG00000284418",NA
2.29251556418895,-2.07086021362928,0.258490272676919,-8.01136612292408,1.13441179851541e-15,6.04691469368862e-15,"ENSG00000284471",NA
8.26865825922526,-1.55307637217834,0.235219889923821,-6.60265750775293,4.03851823756515e-11,1.62962527382924e-10,"ENSG00000284485","MIR205"
0.651708333480917,-1.77004386604507,0.291351957100821,-6.07527707607797,1.23773817181019e-09,4.50197660275023e-09,"ENSG00000284540",NA
5.34124660820165,-2.8414323890129,0.17862799131324,-15.9069828201236,5.66799694671442e-57,1.55084942157103e-55,"ENSG00000284640","LOC105378644"
1.58669789622812,-4.04541497381165,0.29533970575983,-13.6974978132516,1.05083548189367e-42,1.79741263611302e-41,"ENSG00000284646",NA
45.3952583326367,-1.54766678137633,0.13407009010629,-11.5437140390474,7.94203969407385e-31,8.60672069086356e-30,"ENSG00000284669",NA
2.53702579804897,-1.03983978480195,0.416796956052879,-2.49483536216138,0.012601558385748,0.0222651077688888,"ENSG00000284692",NA
0.703779189078037,-1.74356057053932,0.258461593155084,-6.74591744659385,1.52063065232774e-11,6.31038670879358e-11,"ENSG00000284699",NA
7.61819311580272,-2.27716508245437,0.168231147669071,-13.5359302602738,9.59599246641344e-42,1.57824922439364e-40,"ENSG00000284708",NA
1.48960143853975,-1.36891885956552,0.2656058054462,-5.15394931698059,2.55056904971295e-07,7.70672068439377e-07,"ENSG00000284969",NA
1.79857263234962,-2.12252314895965,0.188011526656896,-11.289324578663,1.4817088518389e-29,1.527294989062e-28,"ENSG00000285000",NA
9.80613461127589,-2.97983778308912,0.201394190252697,-14.796046397119,1.55349449919407e-49,3.3877069392985e-48,"ENSG00000285051","SLC7A14-AS1"
3.73475871221539,-1.76529170666141,0.200444230741854,-8.80689706123236,1.28657744108694e-18,7.92490681440925e-18,"ENSG00000285095","LOC112268208"
0.345731485768046,-2.74894328658756,0.353418237842968,-7.7781591107615,7.35874823061224e-15,3.74861911460534e-14,"ENSG00000285218",NA
0.771047950531597,-1.52643360485894,0.332045412657179,-4.59706277115447,4.28488558975776e-06,1.15844968458492e-05,"ENSG00000285237","PRSS52P"
12.9168145546828,-2.46645604625835,0.282392572414938,-8.73413923449173,2.45518540476894e-18,1.49274026322944e-17,"ENSG00000285294","LINC00842"
2.05495673890122,-1.16947517005683,0.189001244627999,-6.18765856467581,6.10644117967163e-10,2.27372034598638e-09,"ENSG00000285303",NA
12.9900043844062,-2.34368021072245,0.178332401045988,-13.1422007272703,1.88658914947629e-39,2.87123526529254e-38,"ENSG00000285336","LINC03184"
9.11587176012427,-1.70278684302453,0.21161669990503,-8.04656174956283,8.51524320043627e-16,4.56439138210899e-15,"ENSG00000285373","LINC02478"
9.26384549078862,-1.70540401807532,0.168973207885629,-10.0927480718105,5.94805855240638e-24,4.77019560170388e-23,"ENSG00000285420","PDGFRL2P"
1.63402777490056,-1.03847170001376,0.229814957359565,-4.51872981613195,6.22117220955714e-06,1.65412265142284e-05,"ENSG00000285424",NA
1.39784140831695,-1.04702977476092,0.29549853032272,-3.54326559126177,0.000395204473281311,0.000861195593327919,"ENSG00000285476",NA
1.15580067498109,-1.6541211603002,0.176449772265376,-9.37445902629128,6.95314102597237e-21,4.8139448924037e-20,"ENSG00000285480","H2BK1"
3.31637505407789,-1.05191120043213,0.202776235819317,-5.18754673683477,2.13082459023949e-07,6.48918167546238e-07,"ENSG00000285530",NA
0.833518352470068,-2.02863888191695,0.341734930553019,-5.93629360227843,2.91537523117103e-09,1.03287456426388e-08,"ENSG00000285536",NA
0.257368807007821,-1.94832089387553,0.433749690734336,-4.49180929807012,7.06206459199387e-06,1.8667228391858e-05,"ENSG00000285556",NA
0.675595057573894,-2.25896557538697,0.433240666756698,-5.21411249848246,1.84699358490781e-07,5.64670171992428e-07,"ENSG00000285562",NA
2.03797837122589,-1.50790669559965,0.19044212357699,-7.91792628268008,2.41504468739118e-15,1.2641187695063e-14,"ENSG00000285564","DKFZp451B082"
7.0676534176052,-1.18624366964895,0.150433013337977,-7.8855275403134,3.13209501522407e-15,1.62806414429191e-14,"ENSG00000285569","LOC105373429"
6.83019788863789,-1.45753635471067,0.139341956102265,-10.4601398995788,1.31661125783642e-25,1.14155576269095e-24,"ENSG00000285572","LOC124903183"
7.62157908884671,-1.94724875675257,0.432335194911428,-4.50402553313177,6.66781899563613e-06,1.76709374975621e-05,"ENSG00000285576",NA
0.473876498881244,-1.65796550555374,0.588719933546291,-2.81622111139775,0.00485922110160029,0.00912818706781955,"ENSG00000285588",NA
1.14339343829039,-1.35045857426424,0.330313728868274,-4.08841188312459,4.3433646970896e-05,0.000105378337285442,"ENSG00000285634","LOC105376121"
0.299687824660531,-2.39248505116939,0.383700501243035,-6.23529300435809,4.50933261270298e-10,1.69418228885351e-09,"ENSG00000285654",NA
0.775419373201273,-1.13296966713616,0.217416949697321,-5.21104572901715,1.87779155438353e-07,5.73719746001627e-07,"ENSG00000285662","CTSLP2"
14.9288575437022,-1.04267037712149,0.101188167275249,-10.3042717859021,6.74001972948917e-25,5.64930624982201e-24,"ENSG00000285676",NA
1.73436279868167,-1.18546348707049,0.299767033334356,-3.95461593586324,7.66576931273538e-05,0.000180964280745579,"ENSG00000285684",NA
0.800610059263119,-1.740796235042,0.345794496087775,-5.03419300982778,4.79866002422131e-07,1.41636151897759e-06,"ENSG00000285686","LINC02834"
2.64778252352623,-3.98955231901392,0.240133464045464,-16.6138956720275,5.52835119498409e-62,1.73113271733129e-60,"ENSG00000285691",NA
0.5850401165967,-1.51471720888451,0.362465864962209,-4.17892374235691,2.92891866083417e-05,7.23844491078949e-05,"ENSG00000285698",NA
1.26300225960314,-1.83109896804436,0.175805545071432,-10.4154790299723,2.10733992139189e-25,1.80969090578751e-24,"ENSG00000285700",NA
1.32843485681213,-1.23774523073712,0.157726133408326,-7.84743278739236,4.24639855936248e-15,2.19017068553188e-14,"ENSG00000285703",NA
2.35780013030823,-2.74579549025149,0.167811833504551,-16.3623472368355,3.55170218959219e-60,1.05822171581693e-58,"ENSG00000285719",NA
0.638675502979754,-1.61178339918815,0.580376397500053,-2.77713464250242,0.00548404562524889,0.0102237684698111,"ENSG00000285724",NA
0.300539701443019,-1.43262901035464,0.341726985586655,-4.19232039253555,2.7611566651617e-05,6.84644528661095e-05,"ENSG00000285726",NA
1.17967062726241,-3.29019443265302,0.243609133968926,-13.5060388707457,1.44067056527025e-41,2.35090350075264e-40,"ENSG00000285732",NA
0.594895418141345,-1.51776814158129,0.226629632330517,-6.69713014125081,2.12552320329334e-11,8.73660060653602e-11,"ENSG00000285733",NA
0.598422810743126,-1.57599377309162,0.364480195726794,-4.32394898699227,1.53260750105206e-05,3.90176020911868e-05,"ENSG00000285762",NA
0.644395500259971,-1.37965372424771,0.267141601795856,-5.16450345050341,2.4107803018403e-07,7.29907003672704e-07,"ENSG00000285773",NA
1.14253739705966,-3.74061418285486,0.312699022542439,-11.9623468997163,5.5957698594989e-33,6.64584367795221e-32,"ENSG00000285778",NA
5.97523558251421,-2.08451131303855,0.200106120661182,-10.4170292550323,2.07328169243626e-25,1.78172064367033e-24,"ENSG00000285790",NA
9.15355760803959,-1.06236202849373,0.155483695063292,-6.8326265854518,8.33737787795797e-12,3.52647456637209e-11,"ENSG00000285791",NA
13.4228768845762,-1.61692691621868,0.147394589286041,-10.9700561197725,5.32393410672005e-28,5.12188118580236e-27,"ENSG00000285804",NA
6.75224682491554,-1.08894699998265,0.162180304195331,-6.71442198475049,1.88813162896556e-11,7.7889087604391e-11,"ENSG00000285805",NA
2.1012112916688,-3.02246141443772,0.245776013873863,-12.2976256584131,9.32758187944886e-35,1.19264597770055e-33,"ENSG00000285831",NA
0.837658661535209,-2.64259010512459,0.312791267255306,-8.44841394810317,2.95286781772806e-17,1.69711968746823e-16,"ENSG00000285838",NA
2.16270008205244,-1.35009860667084,0.160063434142498,-8.43477221330201,3.3184850327339e-17,1.90246042740554e-16,"ENSG00000285840",NA
2.52829147939525,-1.17389828343456,0.46926692270029,-2.50155769914408,0.0123648292261689,0.0218750772949948,"ENSG00000285876","LOC105373436"
0.216198293972347,-1.26198152103,0.572716974862674,-2.20349941842146,0.0275595679180997,0.0458815379441294,"ENSG00000285882",NA
0.432078810897744,-1.33339400369736,0.289262520456575,-4.60963280549694,4.03380788976506e-06,1.09365477900879e-05,"ENSG00000285885",NA
0.4727154926757,-1.36391744928699,0.436207071463666,-3.12676602126244,0.00176740526170464,0.00353584374846622,"ENSG00000285900",NA
2.20848286656297,-1.83778845157372,0.254543917059225,-7.21992681186766,5.20155613147828e-13,2.37633788747139e-12,"ENSG00000285914","LOC105377724"
11.7210337788188,-1.82052729742495,0.127095655664206,-14.3240718017529,1.54782261914712e-46,3.01570482648794e-45,"ENSG00000285918",NA
39.7895294501885,-1.28372881096959,0.0776409954535126,-16.5341621841804,2.08253522275998e-61,6.41222766853668e-60,"ENSG00000285928",NA
1.36887732353673,-1.21947819551634,0.187718354821556,-6.49631836309014,8.23093833742583e-11,3.25151925911998e-10,"ENSG00000285931",NA
0.236512133858164,-2.11438632647545,0.438166503327826,-4.82553164246223,1.39630292883275e-06,3.95371591727996e-06,"ENSG00000285935",NA
42.0853108388332,-1.30233872827211,0.137126077365266,-9.49738192249925,2.15233429623149e-21,1.52271612717736e-20,"ENSG00000285938","BCL6-AS1"
0.270444725579986,-2.22856882279043,0.557275348452453,-3.99904433056143,6.35987680749741e-05,0.000151306831784289,"ENSG00000285941",NA
3.99837451581569,-1.85932822964695,0.138841179354633,-13.3917634399935,6.75574494341645e-41,1.07925221820301e-39,"ENSG00000285955",NA
0.380452640170565,-1.63456968453148,0.381057012518638,-4.28956725852547,1.79021593731771e-05,4.52321725329034e-05,"ENSG00000286023",NA
64.2784857687758,-1.23762910957596,0.121573159737838,-10.180117982002,2.43266250923534e-24,1.989227868535e-23,"ENSG00000286039",NA
95.7120585591899,-1.27153102113535,0.0959270754679571,-13.2551838459839,4.21083740698852e-40,6.53518691832912e-39,"ENSG00000286067",NA
1.05391953391202,-1.23045817432482,0.197364944859426,-6.23443122182217,4.53422484119486e-10,1.70313376826065e-09,"ENSG00000286080",NA
18.6386247741442,-2.23199022494926,0.221044431764127,-10.0974731963888,5.66838883605997e-24,4.55200317022516e-23,"ENSG00000286081","LOC105373682"
1.31454189249887,-2.89768816356202,0.284069775634737,-10.2006211575565,1.97008442181944e-24,1.61819120100415e-23,"ENSG00000286124",NA
0.553901330288026,-1.23772687815495,0.241238086134209,-5.13072748167285,2.88624518581746e-07,8.67993263778259e-07,"ENSG00000286126","LOC112577592"
4.13232598170834,-1.44622481012148,0.165948282668403,-8.7149127840709,2.90982587425656e-18,1.76334122989669e-17,"ENSG00000286150",NA
0.392329635963041,-1.06963150761446,0.456414084257595,-2.34355499645531,0.0191009459652377,0.0327181380477132,"ENSG00000286164",NA
16.0185549001455,-1.14407505701232,0.143556685619703,-7.96950035502418,1.5931717233603e-15,8.42110075752338e-15,"ENSG00000286186",NA
9.0044522374123,-1.39677300248889,0.155796478755775,-8.96536952339246,3.09242204355846e-19,1.96261677184906e-18,"ENSG00000286196",NA
393.189914099289,-4.22481407038884,0.148866086293542,-28.3799633319984,3.57401498885149e-177,1.82160700123271e-174,"ENSG00000286214",NA
0.371072761444372,-1.190816223132,0.517333977307039,-2.30183261754959,0.0213446133539657,0.036242572504554,"ENSG00000286232",NA
16.1464497938942,-2.22680353372799,0.271686566264873,-8.19622244979544,2.48059099507263e-16,1.36556491524681e-15,"ENSG00000286250","LOC105372668"
0.833475647905759,-1.23665515007996,0.372097283785468,-3.32347266150148,0.000889041364564007,0.00185158980074168,"ENSG00000286273",NA
10.5886616103751,-1.61119008465049,0.183080585885518,-8.80044203953982,1.36278287326923e-18,8.3846060688749e-18,"ENSG00000286282",NA
56.9274794262385,-2.21209932184595,0.173623911967786,-12.7407526807505,3.50992133025924e-37,4.93717941669759e-36,"ENSG00000286288","LOC100289473"
90.1449977150624,-3.10999629380316,0.126645288336971,-24.5567469160656,3.66371757630776e-133,7.1937995524961e-131,"ENSG00000286289","LOC107984270"
0.685654737190234,-1.00000282210762,0.255276442401503,-3.91733296147553,8.95340444871116e-05,0.000209718200419356,"ENSG00000286294",NA
0.806990573292415,-2.66106809257556,0.297279129407933,-8.9514124246643,3.50962483832443e-19,2.22092360327729e-18,"ENSG00000286301",NA
34.09491169482,-1.47641676263208,0.117168221053068,-12.6008293832794,2.08935835416218e-36,2.84944943774296e-35,"ENSG00000286320",NA
23.7885592740469,-5.2696285866161,0.223245596918189,-23.6046249483129,3.45487463018501e-123,5.44483695829487e-121,"ENSG00000286322","LOC105376020"
0.454444428292365,-1.39630007418782,0.541837350100399,-2.57697272793966,0.0099669814096133,0.0178792151914997,"ENSG00000286332",NA
1.19883124480438,-1.43650274929752,0.21346855223196,-6.72934132113558,1.70432835017445e-11,7.05864205194138e-11,"ENSG00000286333",NA
2.24340508022613,-1.7755256178966,0.244495406624556,-7.26199989770388,3.81408488366838e-13,1.75806048466954e-12,"ENSG00000286364",NA
19.8583627088489,-1.46596891173247,0.095461794598967,-15.356603318542,3.19901798094395e-53,7.82363202996554e-52,"ENSG00000286373",NA
1.52209429878616,-1.25342953319294,0.224590361329218,-5.58095870978,2.39196428705779e-08,7.88217958545559e-08,"ENSG00000286376",NA
48.2971487680373,-1.31126451283674,0.122445516559777,-10.7089630529395,9.23908517194361e-27,8.39932771513887e-26,"ENSG00000286389","LOC105373289"
0.920487685938908,-1.39666320691847,0.220123700017075,-6.34490155676161,2.225677203854e-10,8.5380891053443e-10,"ENSG00000286396",NA
22.5496971139555,-1.25525934014044,0.21869494419128,-5.73977301936409,9.48035299227478e-09,3.22450455672217e-08,"ENSG00000286403",NA
0.346938552043309,-3.31535825764232,0.566940584748288,-5.84780547879507,4.98100540423818e-09,1.73203635445675e-08,"ENSG00000286405",NA
8.42146280021023,-2.89612436402548,0.166523864949103,-17.3916475269816,9.54506079887398e-68,3.58669696371806e-66,"ENSG00000286406",NA
0.619127594680821,-1.55847429703426,0.244816792554583,-6.36587989235578,1.94173338159563e-10,7.47756983459905e-10,"ENSG00000286450",NA
1.16287284693537,-2.81866191506077,0.308799842329077,-9.12779583629781,6.99080641435615e-20,4.58807582618908e-19,"ENSG00000286463",NA
3.29677596418513,-2.82618594622775,0.17376104927455,-16.2647840700032,1.75484652194159e-59,5.14218329457012e-58,"ENSG00000286492",NA
1.00093716664594,-2.51670038871007,0.345023759035314,-7.29428140179899,3.0025729214608e-13,1.39230805910944e-12,"ENSG00000286500",NA
0.953450281353721,-4.8732130216358,0.368685206133008,-13.2178154712227,6.92459665656852e-40,1.06915058271414e-38,"ENSG00000286506",NA
3.31864925590084,-1.50394481997019,0.136910479107068,-10.9848773430561,4.5185196080436e-28,4.36280278962855e-27,"ENSG00000286507",NA
3.50329053812384,-1.64954337999031,0.147961974669148,-11.1484277205599,7.2882790110039e-29,7.27916296471121e-28,"ENSG00000286508",NA
1.85299963505373,-3.21488641683984,0.220719203551713,-14.5655038850601,4.65539213998899e-48,9.64427013161479e-47,"ENSG00000286509",NA
0.486121799891116,-1.8532412801219,0.317102968154368,-5.84428865774515,5.08737458597675e-09,1.76748452802136e-08,"ENSG00000286510",NA
30.3396508059493,-1.18508560152841,0.119343684745829,-9.93002356222147,3.08182711105266e-23,2.39342416745879e-22,"ENSG00000286511",NA
3.08024339222463,-1.48301205389837,0.209302652752707,-7.08549095959412,1.38552215114365e-12,6.17147324853962e-12,"ENSG00000286518",NA
1.76315470654119,-3.2212158085399,0.324658656779621,-9.92185404970263,3.34484330997424e-23,2.59306542040236e-22,"ENSG00000286523",NA
2.0596917896658,-2.21739496897996,0.156463340239191,-14.1719777015507,1.36598635436841e-45,2.59700024753138e-44,"ENSG00000286527",NA
5.33733108683083,-2.34679333944946,0.296858662878313,-7.90542312862013,2.67025011749036e-15,1.39450275919951e-14,"ENSG00000286559","LOC101927857"
0.334059437207452,-2.22343443688948,0.494632322432355,-4.49512564394445,6.95288801107897e-06,1.8398943088141e-05,"ENSG00000286595","LOC101927483"
0.32557447302996,-1.92561813599147,0.398358588270291,-4.83388131369949,1.33896433758329e-06,3.79696841749723e-06,"ENSG00000286598","LOC105370728"
4.38000332391228,-1.45886408090687,0.099682768198124,-14.6350678986694,1.6780808282714e-48,3.5215441297627e-47,"ENSG00000286606",NA
0.749034968161286,-1.25134735541962,0.407617916652822,-3.06990273071197,0.00214128496110634,0.00423326576242488,"ENSG00000286621",NA
3.23775114566642,-1.5227828974045,0.147390417912937,-10.3316275166817,5.06930709232324e-25,4.26687460985956e-24,"ENSG00000286622",NA
2.02908432156075,-3.09965967620051,0.291950182496819,-10.6170842220121,2.4819269525242e-26,2.21721275956432e-25,"ENSG00000286625",NA
2.78147317857566,-2.55096397246989,0.196449959023837,-12.9853118073716,1.48233250215816e-38,2.18720511790567e-37,"ENSG00000286638",NA
0.959033740602482,-2.4231784739281,0.277481145366971,-8.73276802545784,2.48514449889288e-18,1.51038022252896e-17,"ENSG00000286640",NA
25.4768080144739,-4.32942695405353,0.382253060689937,-11.3260753131427,9.7475284067926e-30,1.01434423538105e-28,"ENSG00000286647","LOC124900989"
6.8489057464141,-4.20220079283699,0.35626997092789,-11.7949901359706,4.14249164523744e-32,4.75255686598002e-31,"ENSG00000286649",NA
2.53477171074211,-3.52588115036646,0.214074031130895,-16.4703823800589,5.98906160910182e-61,1.8195050202414e-59,"ENSG00000286684",NA
2.25436316433457,-1.02381807738863,0.195815224434841,-5.22849068729744,1.70899440627817e-07,5.24085783810964e-07,"ENSG00000286686",NA
1.15057969691486,-2.78634531053603,0.227004940216995,-12.2743818168563,1.24337848204495e-34,1.58305243355762e-33,"ENSG00000286695",NA
0.452065318839367,-2.80633663654648,0.317840493818088,-8.82938672424997,1.05251217766529e-18,6.50656237831534e-18,"ENSG00000286697",NA
1.55404692087167,-3.24381437057229,0.419261112690218,-7.73697887161089,1.01806969423834e-14,5.14403280436182e-14,"ENSG00000286700",NA
46.3296579676787,-1.23506990292387,0.105248594619456,-11.7347875987273,8.45382800402472e-32,9.55693486722096e-31,"ENSG00000286707",NA
1.70272465209812,-1.20356712725969,0.367006016173108,-3.27942070217181,0.00104020439136684,0.00214487593674996,"ENSG00000286717",NA
8.75682674393857,-1.49003757217527,0.150917500748967,-9.87319273630009,5.44047978728758e-23,4.16978701982e-22,"ENSG00000286721",NA
0.74186761519138,-1.53824351190005,0.274755274362215,-5.59859502413831,2.16095943431224e-08,7.14799547762354e-08,"ENSG00000286723",NA
71.0860264240654,-1.27185432650418,0.0710522038752638,-17.9002797539819,1.17331063167891e-71,5.010099141153e-70,"ENSG00000286724",NA
3.77436747160496,-1.00318740377768,0.273993752470887,-3.6613513802081,0.000250888384543494,0.000558916697827528,"ENSG00000286735",NA
3.4002181355782,-1.01521728441955,0.219005410134366,-4.63558084613837,3.55936573127459e-06,9.69026094927636e-06,"ENSG00000286736",NA
1.64299852123373,-1.62504288288536,0.19506090321821,-8.33095128790342,8.01953251594484e-17,4.51912259278896e-16,"ENSG00000286743","LOC124903940"
2.80321729668996,-2.30467710773015,0.264155755525255,-8.72469010999765,2.66910536085034e-18,1.62074572672167e-17,"ENSG00000286746",NA
0.235668818672234,-1.13385409776822,0.440395723930514,-2.57462558366511,0.0100348649748161,0.0179942503534486,"ENSG00000286748",NA
2.10884920070773,-1.40312057376873,0.2596941573061,-5.40297320634318,6.55452535730486e-08,2.08392932423171e-07,"ENSG00000286750",NA
0.899546700687599,-1.17606541498925,0.227056487588914,-5.1796159954633,2.22343121902657e-07,6.75874561915888e-07,"ENSG00000286763",NA
2.36575646852627,-2.67964220184676,0.268553533975957,-9.97805600311578,1.90155734021138e-23,1.49081348665566e-22,"ENSG00000286764",NA
0.535644167148827,-2.04012412416429,0.384035167833407,-5.31233672081118,1.08228385518573e-07,3.37403822891386e-07,"ENSG00000286766",NA
0.256000090647005,-2.42965554646196,0.476313274796952,-5.10096122661645,3.37932794067058e-07,1.0100037531973e-06,"ENSG00000286794","LOC105373299"
9.0416232021814,-2.86583985787856,0.213172097191386,-13.4437850714843,3.34860414222877e-41,5.40537818241847e-40,"ENSG00000286805",NA
4.4520870571213,-1.85976010717908,0.207599064704286,-8.95842237935038,3.29356704190334e-19,2.08778508835127e-18,"ENSG00000286848","ENAM-AS1"
0.756025839294455,-2.15661177466257,0.297027935630936,-7.26063617579126,3.85273951948646e-13,1.77553626758942e-12,"ENSG00000286853",NA
14.4299813258075,-1.08362591278685,0.11670664053544,-9.2850407467413,1.61645314477121e-20,1.09772175997149e-19,"ENSG00000286861",NA
4.43929747471911,-2.8783855062429,0.159169114944036,-18.083819258874,4.27424946793752e-73,1.91536378419537e-71,"ENSG00000286878",NA
8.35976086872033,-3.59033523308406,0.257681181922308,-13.9332457508153,3.97856045403006e-44,7.16051207184749e-43,"ENSG00000286892",NA
1.11086521307242,-1.40481350552494,0.180686276992431,-7.77487659222611,7.55209934275247e-15,3.84384446522119e-14,"ENSG00000286896","LOC105377451"
0.246830499244339,-1.49185291722141,0.625197856000602,-2.38620926623903,0.0170230613143861,0.0294250773017369,"ENSG00000286908",NA
12.788059122409,-1.20862443697086,0.112442768718548,-10.7487964832681,6.00398807590751e-27,5.50739170432183e-26,"ENSG00000286923","LOC105375423"
6.26074206196277,-2.11238085906178,0.213273168991476,-9.90457856959122,3.97642950230796e-23,3.07027779944519e-22,"ENSG00000286942",NA
0.627891331883591,-1.44012963194835,0.280119083123647,-5.14113360606947,2.73085767909422e-07,8.22967614828305e-07,"ENSG00000286945",NA
0.67632907011897,-1.36660805859882,0.320079738384255,-4.26958627714888,1.95835886116539e-05,4.93088990111594e-05,"ENSG00000286972",NA
0.315709470241691,-2.42109321708399,0.58207891427782,-4.15939000313698,3.19098645192155e-05,7.85289505401488e-05,"ENSG00000286973",NA
1.73552227117197,-1.5737901586888,0.178186527846226,-8.8322623360559,1.02579514316961e-18,6.34795211951125e-18,"ENSG00000286981",NA
0.881023868443851,-2.79384551744048,0.282714914214135,-9.882200679814,4.97286122221819e-23,3.81932961135738e-22,"ENSG00000286982",NA
0.524569575387332,-2.16788006814288,0.532810948122155,-4.06876036572331,4.72639260136849e-05,0.000114156090694965,"ENSG00000286983",NA
10.6697505265012,-1.274891704607,0.145146414221096,-8.7834874285286,1.58482605938493e-18,9.72576104843502e-18,"ENSG00000286990",NA
1.20290795655336,-2.3243011663199,0.238116290144712,-9.7612018266677,1.65185920227888e-22,1.23186484442592e-21,"ENSG00000287018",NA
1.68551275393678,-1.87572183671923,0.231281038675,-8.11014101054359,5.05610517227154e-16,2.73993890740334e-15,"ENSG00000287021",NA
1.51332000851189,-2.49809586574049,0.405662141373499,-6.15807000693332,7.36368056849707e-10,2.72322605971976e-09,"ENSG00000287037",NA
44.6629215171972,-1.00911649528071,0.16105312083508,-6.26573698198651,3.71066202171133e-10,1.40203326072705e-09,"ENSG00000287051",NA
3.06987587673885,-1.10407580516921,0.429299301482468,-2.57180899516161,0.0101168690199798,0.0181324752065853,"ENSG00000287052",NA
63.4770741799704,-2.69168215171524,0.175260719731108,-15.3581598651707,3.12313994407209e-53,7.64586789578405e-52,"ENSG00000287059",NA
3.70750129075094,-2.24895111435755,0.17729648253943,-12.6846911012879,7.18967393959138e-37,1.0014651429356e-35,"ENSG00000287063",NA
2.23180479858009,-2.53543376054187,0.182723979956122,-13.8757581853827,8.8848607059643e-44,1.57481937263318e-42,"ENSG00000287092",NA
1.98760055150475,-1.69793488907708,0.327766856948887,-5.18031293609976,2.21513969454886e-07,6.73396844960887e-07,"ENSG00000287101",NA
6.69339936991083,-1.55470578634771,0.162629688676906,-9.55979070608944,1.17995080846442e-21,8.45646121668367e-21,"ENSG00000287109",NA
16.1057963807971,-3.538971850677,0.144799343321519,-24.4405241729508,6.34660659443012e-132,1.20184158869228e-129,"ENSG00000287115",NA
2.17162060464544,-1.06856391361022,0.134382146511911,-7.95168064617502,1.83998069490479e-15,9.68719506515259e-15,"ENSG00000287124",NA
0.873434684672705,-2.32551793964688,0.221692609675822,-10.4898306851431,9.62006254076027e-26,8.38452239999681e-25,"ENSG00000287142",NA
5.64287155569984,-2.26661818853092,0.13759847909921,-16.4726979787085,5.76412693541765e-61,1.75339251730704e-59,"ENSG00000287146",NA
107.811443081821,-5.54270706443672,0.28682697706362,-19.3242181093981,3.3603638172991e-83,2.01748158504761e-81,"ENSG00000287148","LINCADL"
0.597475521207842,-1.01196083789304,0.454655726920455,-2.22577387234823,0.0260293317430973,0.0435579910517566,"ENSG00000287149",NA
0.318392282716129,-1.04879456605592,0.458123213843443,-2.28932857878346,0.0220602684156413,0.037379574174832,"ENSG00000287197",NA
0.848602101560042,-2.69373260629123,0.34375724859871,-7.83614779694667,4.64579003872345e-15,2.39178810181862e-14,"ENSG00000287231",NA
12.887816957701,-1.69441590731952,0.154366973515581,-10.9765441967967,4.95518787250511e-28,4.77672134751951e-27,"ENSG00000287232","LOC124909426"
11.2088921571948,-1.8771876607252,0.118429945079261,-15.8506166617646,1.39208106135482e-56,3.75956052139287e-55,"ENSG00000287255","LOC101929667"
2.94005493502153,-1.00803244179182,0.248489971794935,-4.05663228383193,4.97853701840345e-05,0.000119920416566973,"ENSG00000287259","LOC124904530"
3.86684919872101,-1.31417566569936,0.189617327365398,-6.93067286602402,4.18843602549558e-12,1.8082309769153e-11,"ENSG00000287276",NA
1.38790931043856,-2.77597406221335,0.297536591826045,-9.32985769977604,1.06013142412557e-20,7.2690042888908e-20,"ENSG00000287278",NA
11.5418662969876,-1.00824651865178,0.14380304765593,-7.0113014646543,2.36111362270301e-12,1.03590616908151e-11,"ENSG00000287281","LOC107985177"
0.549502551335429,-1.9608772137964,0.447399785802852,-4.38283002366136,1.17147512134089e-05,3.02415933312367e-05,"ENSG00000287289",NA
4.40898914262853,-2.04647425678836,0.191762904358465,-10.6718985282099,1.37781982992424e-26,1.24408873071373e-25,"ENSG00000287292",NA
0.848377033793003,-1.80256624048918,0.324209754599941,-5.5598766382383,2.69965401217663e-08,8.86257528596561e-08,"ENSG00000287294",NA
6.26279924354812,-1.12504557689275,0.15340431338788,-7.33385882082786,2.23618663966241e-13,1.04359733008208e-12,"ENSG00000287319",NA
0.171805378692135,-1.22111588991872,0.495755125776573,-2.46314324638784,0.0137724879227283,0.0241867928733519,"ENSG00000287339",NA
4.81453505080044,-2.1258074312913,0.220343294429327,-9.6477064881733,5.02673630213316e-22,3.66561546781126e-21,"ENSG00000287342","LOC105375118"
1.139330924773,-1.61351116251483,0.231744256922192,-6.96246450265458,3.34370867100523e-12,1.45356213073097e-11,"ENSG00000287368",NA
1.06049966021459,-1.05306017283315,0.163486731858841,-6.44125771467734,1.18487480028472e-10,4.63634038562894e-10,"ENSG00000287370",NA
5.20826719454435,-2.62981028945706,0.345096953965113,-7.62049696249395,2.5270091280908e-14,1.24518160369053e-13,"ENSG00000287373",NA
36.1393678766504,-2.03302445638794,0.111426598429865,-18.2454143358562,2.25024227736867e-74,1.05077102835022e-72,"ENSG00000287401",NA
2.17109057503406,-1.04028925087707,0.161031765167951,-6.46014933632552,1.04599706441426e-10,4.1046538910711e-10,"ENSG00000287404",NA
0.849924166143507,-1.9398890714881,0.274455044396673,-7.06814872268973,1.57014224546217e-12,6.96855164243562e-12,"ENSG00000287412","LOC124902684"
16.431252391721,-1.04082280361313,0.205540502572407,-5.06383311603742,4.1090939017905e-07,1.21913976241505e-06,"ENSG00000287415",NA
3.93870345020294,-3.20607582825823,0.203199909097963,-15.7779392839816,4.41363979391883e-56,1.17215899405017e-54,"ENSG00000287417",NA
0.271213994405114,-2.23316864635448,0.479638655672862,-4.6559396744653,3.22506362692558e-06,8.82123763222223e-06,"ENSG00000287440",NA
0.289987544765499,-1.09412046673867,0.369869604052913,-2.95812484927025,0.00309516735165416,0.00597604045368546,"ENSG00000287462",NA
4.4463682294936,-1.29898534474546,0.149920483710813,-8.66449542179383,4.53517103528437e-18,2.72042123826811e-17,"ENSG00000287470","LOC105372802"
0.338074731637465,-2.16200118193506,0.428544490243652,-5.04498653268378,4.53553312780537e-07,1.34101081309032e-06,"ENSG00000287492",NA
0.902848066348878,-1.02195225631406,0.246672848137046,-4.14294586547394,3.4287290157304e-05,8.4107525033866e-05,"ENSG00000287506",NA
1.26555610276862,-1.3828164107695,0.176420701281559,-7.83817545630653,4.57139968233044e-15,2.35481352588574e-14,"ENSG00000287512",NA
3.41374436818165,-1.5176457426992,0.336193365345032,-4.51420491639284,6.35547440341432e-06,1.68767752282219e-05,"ENSG00000287514","LOC105376030"
2.26507089974908,-2.0134193417217,0.147172713738022,-13.6806564925189,1.32491083760576e-42,2.25493705966935e-41,"ENSG00000287534",NA
2.17737776467284,-2.09475880793554,0.201591665789594,-10.3910982615814,2.72200503517421e-25,2.32462141239209e-24,"ENSG00000287544","LOC105377557"
0.590104923334167,-1.02506287427742,0.418905113391415,-2.44700492189892,0.014404887191276,0.0252096049581398,"ENSG00000287554",NA
0.439972689646892,-1.43116343441925,0.404697435484363,-3.53637880780331,0.000405652574327148,0.000882037525461271,"ENSG00000287563",NA
3.36628780178106,-2.07929323869133,0.271186896484232,-7.6673809304508,1.7554385209203e-14,8.73979627322995e-14,"ENSG00000287570",NA
4.95321637317816,-1.16276413640794,0.150800145560044,-7.71063006663319,1.25198083470136e-14,6.2907605443673e-14,"ENSG00000287575","LOC101927712"
0.740609810866118,-3.21073763268972,0.328929339028692,-9.76117740719277,1.65225704242976e-22,1.23186484442592e-21,"ENSG00000287590",NA
0.718134151429476,-1.873118352324,0.250254284692675,-7.48486026772441,7.16232989392719e-14,3.43490715933986e-13,"ENSG00000287611",NA
5.27934524554979,-2.22745865469705,0.187000165222942,-11.9115330836284,1.03064664508647e-32,1.20788358038387e-31,"ENSG00000287616","LOC105377918"
15.685328665811,-1.47568300117811,0.25070397379147,-5.88615720309862,3.95278357482491e-09,1.38474598617915e-08,"ENSG00000287647",NA
2.23698005576871,-3.0605879097985,0.192495883370915,-15.8994979851135,6.38745500829843e-57,1.74471476309908e-55,"ENSG00000287652",NA
0.825580714758867,-1.48666811361529,0.468551973603191,-3.17289905361561,0.00150924990384359,0.00304866189784747,"ENSG00000287656",NA
2.78791408355258,-2.4727190865901,0.155592203642205,-15.8923071253383,7.16415398498035e-57,1.9557528058143e-55,"ENSG00000287657",NA
4.94801763509365,-3.66484480011199,0.258757417735256,-14.1632453754876,1.54682329330101e-45,2.93614516569142e-44,"ENSG00000287666","LOC105369591"
1.57405414153849,-1.27288869732003,0.250100724318785,-5.08950424188926,3.59000829365446e-07,1.07076696351233e-06,"ENSG00000287671",NA
0.627299122099649,-1.16585159808439,0.405521546716412,-2.87494365595248,0.00404099603028084,0.00767539326874227,"ENSG00000287683",NA
22.8712349329636,-2.44848100705946,0.194960737747098,-12.5588415152368,3.55499724670825e-36,4.79369316323648e-35,"ENSG00000287692",NA
1.63909475061471,-3.82868033411223,0.343134553056746,-11.1579562594475,6.54795443366642e-29,6.55616503483716e-28,"ENSG00000287693","LOC105372188"
0.321027461085291,-1.40742425071409,0.457727603480337,-3.07480746193308,0.00210638485878126,0.00416856948177167,"ENSG00000287706","LOC102724289"
1.2899027543793,-2.3110987179023,0.286370817371585,-8.07030108414816,7.01250240140101e-16,3.76900370261524e-15,"ENSG00000287709","LOC101928505"
1.6541193114641,-1.59150351634197,0.286627824480382,-5.55250879508001,2.81598543549873e-08,9.22929690893036e-08,"ENSG00000287740",NA
0.732256481960638,-1.32272822824891,0.323156182835893,-4.09315463699677,4.25543716541263e-05,0.000103344482256143,"ENSG00000287744",NA
2.34304500989999,-2.67965432859974,0.204788050402197,-13.0850131310737,4.01090865077461e-39,6.04665303519861e-38,"ENSG00000287774",NA
0.9044489541777,-1.15254407954001,0.419743500540925,-2.74582948408904,0.00603581256712953,0.011188848136629,"ENSG00000287783",NA
0.516444397397596,-2.00997243901523,0.463256707701287,-4.33878755687934,1.43270933193487e-05,3.66066364956534e-05,"ENSG00000287785","LOC124902022"
3.18427060056992,-1.76039404176043,0.155303021185905,-11.335220836774,8.78103258986446e-30,9.16709180835016e-29,"ENSG00000287797","LOC124904219"
6.75310695082704,-1.29396045657246,0.2572123795221,-5.0307083157375,4.88671109807374e-07,1.44101882629847e-06,"ENSG00000287804",NA
12.0284262598106,-1.1591652990105,0.102317794214946,-11.3290684958997,9.4201215443594e-30,9.81552899500346e-29,"ENSG00000287814","LOC105377727"
1.63831448556499,-2.07506329574463,0.192641652783387,-10.7716231965571,4.68664726272102e-27,4.31885497897604e-26,"ENSG00000287820",NA
0.435216055064593,-1.77982942219108,0.504600742173669,-3.52720333807696,0.000419974099627374,0.000910733760145701,"ENSG00000287867",NA
3.46593787313668,-1.50315718212786,0.192443356575678,-7.81090710988899,5.67778500932985e-15,2.90933347376463e-14,"ENSG00000287870",NA
0.357487052985949,-1.44229136752946,0.454487551153802,-3.17344526570185,0.00150641302253119,0.00304331637821924,"ENSG00000287876",NA
1.69484939641594,-3.18017149992009,0.215032812738175,-14.7892382535696,1.71888094612244e-49,3.73985404762607e-48,"ENSG00000287893","LOC124901616"
6.41548858232198,-2.12231434296035,0.152454090378027,-13.921006236683,4.72208907974858e-44,8.47323175321177e-43,"ENSG00000287901",NA
0.670933962923849,-1.44829231118244,0.210830812304485,-6.86945278705657,6.44486424341146e-12,2.74685033272701e-11,"ENSG00000287908",NA
1.77840642574734,-1.2478321599504,0.195909748618084,-6.36942351645289,1.89740008041222e-10,7.31154490891573e-10,"ENSG00000287913",NA
4.72539025296454,-1.22352247866184,0.112260899824899,-10.8989192191605,1.16634416987815e-27,1.10499405139138e-26,"ENSG00000287916",NA
28.9729560678522,-1.02395026052728,0.083662573595835,-12.2390480775057,1.92274427519467e-34,2.43249744453595e-33,"ENSG00000287917","LOC105369344"
0.725994258988256,-1.51513504019868,0.336222394072337,-4.50634778322561,6.59529578099887e-06,1.74864759749671e-05,"ENSG00000287922",NA
16.2099643012957,-1.04168047059098,0.1862349928894,-5.59336596430945,2.22709168793254e-08,7.36014090976396e-08,"ENSG00000287929",NA
0.207084557767779,-2.81126257293406,0.756139204512087,-3.71791669597145,0.000200872481754539,0.000452458890496473,"ENSG00000287942",NA
0.617020265200357,-4.4551098220871,0.43665225771894,-10.2028782476941,1.92482093416885e-24,1.58178680885128e-23,"ENSG00000287956",NA
2.35153393016155,-1.83835755990259,0.2297063246901,-8.00307767921824,1.21347334610698e-15,6.45685339982066e-15,"ENSG00000287958",NA
1.19949516887427,-1.12932246404873,0.26198803307945,-4.31058797142181,1.6282103794915e-05,4.13044367687377e-05,"ENSG00000287969",NA
0.565781540858597,-1.90799768323974,0.319119990175883,-5.97893501497084,2.24601127764811e-09,8.02075136494642e-09,"ENSG00000287970",NA
2.77204334184466,-1.2001831978707,0.246053340664353,-4.87773583821362,1.07310505813123e-06,3.06903434426141e-06,"ENSG00000287974",NA
3.63108541173748,-2.28842912723486,0.235096271491723,-9.73400859449796,2.15912753305036e-22,1.60080161108701e-21,"ENSG00000287986",NA
0.321140069266423,-3.62538612502831,0.53559764423549,-6.76886122268736,1.29799970124333e-11,5.4160569314203e-11,"ENSG00000287988",NA
1.99481978015238,-1.8376135166382,0.217725321599688,-8.44005420746076,3.17190527705589e-17,1.82016986254339e-16,"ENSG00000287997",NA
2.6512455853742,-2.13595278629185,0.270656558995549,-7.89174588718158,2.97988013834214e-15,1.55281767922527e-14,"ENSG00000288002",NA
1.36692537186077,-1.67608102662964,0.228883293811908,-7.32286310073384,2.42735400128006e-13,1.13049995335207e-12,"ENSG00000288005",NA
1.04931445812958,-1.46143747638353,0.226199027047688,-6.46084775632314,1.04118028742312e-10,4.08675631414402e-10,"ENSG00000288010",NA
0.726880530290794,-1.0400076872139,0.336517911864874,-3.09049726788838,0.00199821643034767,0.00396662727068394,"ENSG00000288013","LOC105369576"
11.0052371007981,-1.67906401583856,0.135825203723228,-12.3619473397588,4.19860740766539e-35,5.43809897002565e-34,"ENSG00000288018","LOC101929174"
0.333992059602402,-1.96500034229612,0.441405982028134,-4.45168489395524,8.51991278235567e-06,2.23102875711992e-05,"ENSG00000288019",NA
4.4098620834466,-1.77838676566515,0.149497896409379,-11.8957310328654,1.24557541526609e-32,1.45479078852751e-31,"ENSG00000288022","DAGARR"
16.6193905024133,-1.3922816054769,0.0988351833114454,-14.0869026477099,4.57177681941226e-45,8.51608971298761e-44,"ENSG00000288045",NA
13.5769931788125,-2.46978089713865,0.205513014411548,-12.0176374435967,2.87062097405387e-33,3.45122837809086e-32,"ENSG00000288048",NA
2.70720237778549,-1.0065192242295,0.146294189555624,-6.88010390082373,5.98089221869177e-12,2.55364536313629e-11,"ENSG00000288061",NA
27.1233392097289,-1.50820575793826,0.182254543381161,-8.27527111235878,1.28163668882512e-16,7.13907845153024e-16,"ENSG00000288079",NA
0.427638697969824,-1.49277666780044,0.444041939880812,-3.36179206000479,0.000774384150780532,0.00162508737029765,"ENSG00000288085",NA
0.791343195325663,-1.26153190136761,0.40127972112022,-3.14377187525424,0.00166785404317428,0.00334856837817877,"ENSG00000288097",NA
0.755937753808499,-1.26998550609499,0.358464691236881,-3.54284686090814,0.000395832490425313,0.000862485656552517,"ENSG00000288100",NA
0.382607247529986,-1.26316996546668,0.349092591705471,-3.61843818940853,0.000296386265761247,0.000654975368663347,"ENSG00000288172",NA
0.591550912940648,-1.26082875890307,0.287832819108552,-4.38042042185456,1.18450545798802e-05,3.05516320281054e-05,"ENSG00000288225",NA
4.23084357594232,-1.16839130539141,0.248561033645727,-4.70062136552231,2.59371047658444e-06,7.15480590356751e-06,"ENSG00000288235","FAM106C"
3.34788404525375,-1.37099875995894,0.262111602074832,-5.23059166059932,1.68968370497932e-07,5.1846257400768e-07,"ENSG00000288541",NA
1.55702746548291,-1.6751078999852,0.301073322371259,-5.56378720901612,2.63981818286884e-08,8.67149051362674e-08,"ENSG00000288546",NA
0.631622945453028,-1.40752067942854,0.272383904097445,-5.16741502803705,2.37353815935121e-07,7.19040235311516e-07,"ENSG00000288553",NA
3.78345341787541,-1.866895686183,0.285497523875331,-6.53909589421945,6.18918334196342e-11,2.46404997435157e-10,"ENSG00000288575",NA
2.77967126316644,-1.6698050628331,0.208355726467601,-8.01420287861758,1.10853596292266e-15,5.91293230723942e-15,"ENSG00000288580",NA
18.2400399166305,-1.81415754984198,0.258433517039703,-7.01982301143727,2.22149469510215e-12,9.76259501397393e-12,"ENSG00000288605",NA
2.48366486605813,-2.92000942858712,0.531141722954699,-5.49760883468792,3.84975716519958e-08,1.24783076777425e-07,"ENSG00000288638","LNCDAT"
