"ID","Description","GeneRatio","BgRatio","RichFactor","FoldEnrichment","zScore","pvalue","p.adjust","qvalue","geneID","Count"
"GO:0008015","blood circulation","125/1767","480/18842",0.260416666666667,2.77689351065837,12.6856265407085,5.65221722621016e-27,2.90297876738154e-23,2.90297876738154e-23,"HTR2A/FERMT2/ATP1A2/DMD/SCN4A/MYL7/SCN5A/SERPING1/EMILIN2/KLF2/MAS1/KCNIP2/NOS1/JPH4/CELF2/GSTM2/SCN3A/KLK2/SCN2A/SLIT2/ITGB1BP1/AVPR2/ZEB2/SGK1/SCN2B/UTS2B/CXCL12/PECAM1/TRPC1/LEP/SVEP1/MME/MYL3/ADRA2B/ANK2/PTGS2/CLDN5/PER2/CACNA2D1/ITGA1/MIR27B/CMA1/ACSM3/ADD3/DRD2/JPH2/PDE2A/KAT2B/KCNJ2/SCN7A/NPR2/SPX/AVP/KCNMB2/TAC1/HCN1/SCN3B/ATP1B2/ADRA2A/SGCG/HBB/SCN4B/ADIPOQ/EDN3/BIN1/RGS2/CDH5/AKAP12/ACE2/KCNA5/TRDN/EDN1/CASQ2/DES/TBX18/ACTC1/SLC8A3/ABCC9/KCNJ8/TACR1/HRC/TEK/ADRB3/CLIC2/FXYD1/ACVRL1/C2CD4B/PPARA/ADRB2/BMP6/CPS1/ANGPT1/NPR1/RARRES2/NPR3/KL/ATP2B4/PLN/KCNE1/LPA/RASL10B/EDNRB/OXTR/ITGA9/ADRB1/KLK3/PCSK5/SCN9A/CAV1/HSPB7/GSN/PDE1C/ADRA1A/ADM/MYL2/PPARG/CACNA1G/CTNNA3/CAV3/AVPR1A/CTSG/SCN11A/SGCZ/KCNIP1/FFAR3",125
"GO:0003012","muscle system process","109/1767","477/18842",0.228511530398323,2.43668039375506,10.2238338151511,6.4216203332504e-19,1.6490721015787e-15,1.6490721015787e-15,"MYOC/HTR2A/ATP1A2/DMD/MYH2/SCN4A/MYH11/SCN5A/IGF1/CKMT2/MYOCD/KCNIP2/NOS1/JPH4/GSTM2/KIT/SCN3A/GNAI1/MIR145/SCN2A/NMUR1/SCN2B/KLF15/STAC2/PRKD1/MYOZ2/SGCA/LEP/PPP1R12B/MYL3/ADRA2B/KCNA1/ANK2/CACNA2D1/SORBS2/DRD2/JPH2/MLIP/KCNJ2/SCN7A/SPX/ACTA2/SCN3B/ADRA2A/MYLK/SCN4B/MSTN/EDN3/BIN1/ADGRD1/TMOD2/RGS2/ACE2/FOXO1/KCNA5/TRDN/MYOM2/P2RX6/EDN1/CASQ2/DES/MYH3/ACTC1/SLC8A3/KLF4/PRKCA/KCNJ8/AKAP6/TACR1/KBTBD13/HRC/ADRB3/MYL9/CLIC2/LMOD1/TNNT3/FXYD1/TMOD1/CRYAB/PROK2/FBXO32/PPARA/ADRB2/RYR3/NPR3/ATP2B4/UTRN/SYNM/PLN/PTGER3/KCNE1/CA3/EDNRB/OXTR/SCN9A/CAV1/GSN/NR4A3/ADRA1A/MYL2/PPARG/CACNA1G/CTNNA3/SSPN/CAV3/CNN1/MYH1/SCN11A/KCNIP1",109
"GO:0006936","muscle contraction","91/1767","375/18842",0.242666666666667,2.58762044897189,9.98973658671083,9.50931610364021e-18,1.6279949169432e-14,1.6279949169432e-14,"HTR2A/ATP1A2/DMD/MYH2/SCN4A/MYH11/SCN5A/CKMT2/MYOCD/KCNIP2/NOS1/JPH4/GSTM2/KIT/SCN3A/MIR145/SCN2A/NMUR1/SCN2B/STAC2/PRKD1/SGCA/PPP1R12B/MYL3/ADRA2B/KCNA1/ANK2/CACNA2D1/DRD2/JPH2/KCNJ2/SCN7A/SPX/ACTA2/SCN3B/ADRA2A/MYLK/SCN4B/EDN3/BIN1/ADGRD1/TMOD2/RGS2/ACE2/KCNA5/TRDN/MYOM2/P2RX6/EDN1/CASQ2/DES/MYH3/ACTC1/SLC8A3/KCNJ8/TACR1/KBTBD13/HRC/ADRB3/MYL9/CLIC2/LMOD1/TNNT3/FXYD1/TMOD1/CRYAB/PROK2/ADRB2/RYR3/ATP2B4/UTRN/SYNM/PLN/PTGER3/KCNE1/CA3/EDNRB/OXTR/SCN9A/CAV1/GSN/ADRA1A/MYL2/CACNA1G/CTNNA3/SSPN/CAV3/CNN1/MYH1/SCN11A/KCNIP1",91
"GO:0060047","heart contraction","66/1767","236/18842",0.279661016949153,2.98210123449685,9.85701048577287,1.82021694457394e-16,2.33715855683294e-13,2.33715855683294e-13,"ATP1A2/DMD/SCN4A/MYL7/SCN5A/KCNIP2/NOS1/JPH4/CELF2/GSTM2/SCN3A/SCN2A/SCN2B/TRPC1/MYL3/ANK2/CACNA2D1/DRD2/JPH2/KCNJ2/SCN7A/SPX/TAC1/HCN1/SCN3B/ATP1B2/SGCG/SCN4B/EDN3/BIN1/RGS2/ACE2/KCNA5/TRDN/EDN1/CASQ2/DES/TBX18/ACTC1/SLC8A3/ABCC9/KCNJ8/HRC/ADRB3/CLIC2/FXYD1/ADRB2/ATP2B4/PLN/KCNE1/EDNRB/ADRB1/SCN9A/CAV1/HSPB7/GSN/ADRA1A/ADM/MYL2/CACNA1G/CTNNA3/CAV3/AVPR1A/SCN11A/SGCZ/KCNIP1",66
"GO:0003015","heart process","67/1767","244/18842",0.274590163934426,2.92802935418928,9.7513630669927,2.96933352486632e-16,3.05009939674269e-13,3.05009939674269e-13,"ATP1A2/DMD/YAP1/SCN4A/MYL7/SCN5A/KCNIP2/NOS1/JPH4/CELF2/GSTM2/SCN3A/SCN2A/SCN2B/TRPC1/MYL3/ANK2/CACNA2D1/DRD2/JPH2/KCNJ2/SCN7A/SPX/TAC1/HCN1/SCN3B/ATP1B2/SGCG/SCN4B/EDN3/BIN1/RGS2/ACE2/KCNA5/TRDN/EDN1/CASQ2/DES/TBX18/ACTC1/SLC8A3/ABCC9/KCNJ8/HRC/ADRB3/CLIC2/FXYD1/ADRB2/ATP2B4/PLN/KCNE1/EDNRB/ADRB1/SCN9A/CAV1/HSPB7/GSN/ADRA1A/ADM/MYL2/CACNA1G/CTNNA3/CAV3/AVPR1A/SCN11A/SGCZ/KCNIP1",67
"GO:1903522","regulation of blood circulation","67/1767","257/18842",0.260700389105058,2.77991891993068,9.24220062639533,4.96966001227925e-15,4.25402897051104e-12,4.25402897051104e-12,"HTR2A/ATP1A2/DMD/SCN5A/KCNIP2/NOS1/JPH4/CELF2/GSTM2/AVPR2/SCN2B/TRPC1/LEP/SVEP1/MYL3/ADRA2B/ANK2/PER2/CACNA2D1/ADD3/DRD2/JPH2/KCNJ2/SPX/AVP/KCNMB2/TAC1/HCN1/SCN3B/ATP1B2/ADRA2A/SCN4B/EDN3/BIN1/RGS2/ACE2/KCNA5/TRDN/EDN1/CASQ2/DES/TBX18/SLC8A3/ABCC9/TACR1/HRC/ADRB3/CLIC2/FXYD1/ADRB2/ATP2B4/PLN/KCNE1/EDNRB/OXTR/ITGA9/ADRB1/CAV1/HSPB7/ADRA1A/ADM/MYL2/CACNA1G/CTNNA3/CAV3/AVPR1A/KCNIP1",67
"GO:0006935","chemotaxis","95/1767","443/18842",0.214446952595937,2.28670598800942,8.81604846181797,8.70176820882961e-15,5.58653519006861e-12,5.58653519006861e-12,"NTRK3/MYCBP2/CX3CR1/PTGDR2/SERPIND1/ACKR4/KDR/PTN/CXCL2/DEFB124/IL6/FGF2/F3/PLD1/PLXNA4/MET/KIT/VEGFD/ECSCR/FGF16/ADGRA2/FLRT2/CCL13/SLIT2/ACKR3/EPHA2/C3/NEDD9/CXCL12/CCN3/PRKD1/CX3CL1/PARVA/FGF7/NRP1/SEMA3G/SEMA6A/ROBO3/NOVA2/CCL2/CCL16/SLIT3/SEMA6D/CXCR2/SEMA3D/CCL24/CXCL3/DUSP1/CCN1/ITGA1/PF4V1/SEMA5A/CDH13/EPHB1/ELANE/SEMA3A/ANXA1/HBEGF/PPBP/EGR3/ENPP2/PDGFRA/CCL23/PIK3C2G/CCL14/MSTN/EDN3/CCL21/CH25H/EDN1/SAA1/CMTM5/NR4A1/PF4/FGF8/HGF/IL34/BST1/PROK2/ANGPT1/RARRES2/S1PR1/EDNRB/CCL28/FGF1/NRG1/P2RY12/S100A4/LGR6/ANO6/PDGFA/CTSG/DPP4/PDGFD/JAM3",95
"GO:0042330","taxis","95/1767","443/18842",0.214446952595937,2.28670598800942,8.81604846181797,8.70176820882961e-15,5.58653519006861e-12,5.58653519006861e-12,"NTRK3/MYCBP2/CX3CR1/PTGDR2/SERPIND1/ACKR4/KDR/PTN/CXCL2/DEFB124/IL6/FGF2/F3/PLD1/PLXNA4/MET/KIT/VEGFD/ECSCR/FGF16/ADGRA2/FLRT2/CCL13/SLIT2/ACKR3/EPHA2/C3/NEDD9/CXCL12/CCN3/PRKD1/CX3CL1/PARVA/FGF7/NRP1/SEMA3G/SEMA6A/ROBO3/NOVA2/CCL2/CCL16/SLIT3/SEMA6D/CXCR2/SEMA3D/CCL24/CXCL3/DUSP1/CCN1/ITGA1/PF4V1/SEMA5A/CDH13/EPHB1/ELANE/SEMA3A/ANXA1/HBEGF/PPBP/EGR3/ENPP2/PDGFRA/CCL23/PIK3C2G/CCL14/MSTN/EDN3/CCL21/CH25H/EDN1/SAA1/CMTM5/NR4A1/PF4/FGF8/HGF/IL34/BST1/PROK2/ANGPT1/RARRES2/S1PR1/EDNRB/CCL28/FGF1/NRG1/P2RY12/S100A4/LGR6/ANO6/PDGFA/CTSG/DPP4/PDGFD/JAM3",95
"GO:0003018","vascular process in circulatory system","65/1767","255/18842",0.254901960784314,2.71808870690325,8.88588968446067,4.03412065564665e-14,2.08362567814764e-11,2.08362567814764e-11,"HTR2A/FERMT2/ATP1A2/SLC29A4/SLC16A12/KLF2/MAS1/NOS1/SLC1A3/SLC7A3/ABCG2/SLIT2/ITGB1BP1/AVPR2/ZEB2/UTS2B/PECAM1/LRP1/LEP/SVEP1/CD36/ADRA2B/SLC16A7/CLDN5/PER2/ITGA1/ADD3/PDE2A/KAT2B/SLC22A3/AVP/KCNMB2/ATP1B2/ADRA2A/HBB/EDN3/RGS2/CDH5/AKAP12/ACE2/EDN1/ABCC9/KCNJ8/TACR1/TEK/ADRB3/SLCO1C1/C2CD4B/LEPR/ADRB2/BMP6/CPS1/ANGPT1/NPR1/ATP2B4/EDNRB/ABCB1/OXTR/ITGA9/ADRB1/SLC2A4/CAV1/ADRA1A/ADM/AVPR1A",65
"GO:0042391","regulation of membrane potential","90/1767","419/18842",0.214797136038186,2.29044008898218,8.59319318272807,4.05690357894789e-14,2.08362567814764e-11,2.08362567814764e-11,"MYOC/ATP1A2/DMD/NRXN1/SCN4A/SHANK3/CBLN1/KDR/SCN5A/KCNIP2/NOS1/FHL1/MET/SLC25A27/SCN3A/CHRNA2/SCN2A/SCN2B/ALB/SLC1A7/CD36/KCNH5/KCNA1/ANK2/SLC24A4/GRIA4/CACNA2D1/KCNA4/GABRA2/RELN/DRD2/KCNMB1/RIMS3/KCNJ2/SCN7A/NPR2/GLRA3/KCNMB2/TAC1/HCN1/SCN3B/ATP1B2/SCN4B/GABRA4/KCNH8/BIN1/PID1/KCNA5/KCNA6/TRDN/DCN/KCNC4/P2RX6/HTR3C/EDN1/CASQ2/PRKN/TBX18/SLC8A3/BOK/KCNS1/KCNJ8/AKAP6/TACR1/RGS7BP/NPAS4/SLC17A7/NPY2R/FXYD1/NLGN1/ADRB2/GRIN2B/SLC26A3/PLN/KCNE1/ABCB5/NLGN4X/POPDC1/SCN9A/CAV1/GRIK1/KCNB1/KCNA2/ADRA1A/CACNA1G/CTNNA3/CAV3/MEF2C/SCN11A/KCNIP1",90
"GO:0001659","temperature homeostasis","52/1767","194/18842",0.268041237113402,2.85819637220754,8.36885871247291,1.76892790980206e-12,8.25928522249399e-10,8.25928522249399e-10,"HTR2A/FABP4/MAP2K6/TLR4/EBF2/PEMT/PM20D1/IL13/ARRDC3/ALPL/LAMA4/ALDH1A1/ACADL/PRDM16/LEP/NOVA2/CD36/LPIN1/PTGS2/PER2/G0S2/DRD2/ADAMTS5/QKI/SCD/PLCL2/S100B/ADIPOQ/ELOVL3/LGR4/WNT10B/FOXO1/ZNF423/EGR1/ABHD6/ADRB3/CIDEA/LEPR/ADRB2/ACSL1/NPR3/PTGER3/EDNRB/SCTR/OXTR/ADRB1/CAV1/FFAR4/PPARGC1A/HADH/EPAS1/ID1",52
"GO:0034308","primary alcohol metabolic process","36/1767","106/18842",0.339622641509434,3.62148829163597,8.70667451758292,2.60428557462585e-12,1.04438946590636e-09,1.04438946590636e-09,"ADH1A/SULT1C4/AKR1C1/AKR1C3/BMP5/IGF1/CYP1A2/ADH1B/ALDH2/LIPE/ALDH1A1/CYP3A4/ALDH1A3/DHRS9/BMP2/TKTL1/RPE65/ADH4/AKR1C2/PNPLA2/CES1/DHRS3/CYP11A1/ACSS2/DGAT2/RBP4/ADH6/BMP6/PECR/ALDH1A2/EDNRB/ADH1C/RETSAT/DKK3/RDH5/CYP1A1",36
"GO:0008016","regulation of heart contraction","54/1767","208/18842",0.259615384615385,2.76834922293326,8.24966952046219,2.64350916214616e-12,1.04438946590636e-09,1.04438946590636e-09,"ATP1A2/DMD/SCN5A/KCNIP2/NOS1/JPH4/CELF2/GSTM2/SCN2B/TRPC1/MYL3/ANK2/CACNA2D1/DRD2/JPH2/KCNJ2/SPX/TAC1/HCN1/SCN3B/ATP1B2/SCN4B/EDN3/BIN1/RGS2/ACE2/KCNA5/TRDN/EDN1/CASQ2/DES/TBX18/SLC8A3/ABCC9/HRC/ADRB3/CLIC2/FXYD1/ADRB2/ATP2B4/PLN/KCNE1/EDNRB/ADRB1/CAV1/HSPB7/ADRA1A/ADM/MYL2/CACNA1G/CTNNA3/CAV3/AVPR1A/KCNIP1",54
"GO:0008217","regulation of blood pressure","46/1767","162/18842",0.283950617283951,3.02784240569564,8.33860046044328,3.74459515537146e-12,1.37373147985627e-09,1.37373147985627e-09,"EMILIN2/MAS1/NOS1/KLK2/AVPR2/SGK1/UTS2B/LEP/MME/ADRA2B/PTGS2/MIR27B/CMA1/ACSM3/DRD2/NPR2/SPX/AVP/TAC1/HBB/ADIPOQ/EDN3/ACE2/EDN1/TACR1/ADRB3/ACVRL1/PPARA/ADRB2/NPR1/RARRES2/NPR3/KL/RASL10B/EDNRB/OXTR/ADRB1/KLK3/PCSK5/PDE1C/ADRA1A/ADM/PPARG/AVPR1A/CTSG/FFAR3",46
"GO:0009611","response to wounding","96/1767","496/18842",0.193548387096774,2.06385891888932,7.72403220482065,4.02907370644334e-12,1.3795548370862e-09,1.3795548370862e-09,"HTR2A/NTRK3/FERMT2/CX3CR1/MIR221/YAP1/NDNF/DMTN/ADAMTS18/SERPIND1/KDR/PTN/C1QTNF1/TLR4/IGF1/SERPING1/EMILIN2/IL6/CSRP1/FGF2/F3/ANGPTL2/DST/THBD/PEAR1/PRRG3/FGF7/LYVE1/IL33/NRP1/ANGPTL1/ECRG4/MMRN1/PRRG1/SVEP1/CD36/ADRA2B/ZFP36/MAP1B/KANK1/ANGPTL7/ANGPTL4/DRD2/RGMA/PHLDB2/ANXA1/ARHGAP24/NPR2/HBEGF/ZFP36L2/AHNAK/ADRA2A/F8/MYLK/RASA3/PDGFRA/HBB/EPB41L4B/MCAM/MIR222/EDN1/SAA1/TMEFF2/PROS1/ANGPT4/F10/FBLN1/PRKCA/FZD7/PF4/MYL9/PLA2G4A/SCARF1/F13A1/ACVRL1/CD34/ANGPT1/STXBP1/TLR3/PPL/FGF1/SELP/DDR2/CAV1/KCNB1/NRG1/DGKI/P2RY12/ANO6/PPARG/VWF/PDGFA/CTSG/APOD/TYRO3/TFPI",96
"GO:0007188","adenylate cyclase-modulating G protein-coupled receptor signaling pathway","67/1767","294/18842",0.227891156462585,2.43006517830675,7.95006806258963,4.61974533616695e-12,1.45524826597479e-09,1.45524826597479e-09,"GRK5/GPR146/CRHR2/NRXN1/ADGRG3/GALR1/ADGRG4/GPBAR1/MAS1/NOS1/GNAI1/MRAP/MRAP2/AVPR2/CNR1/PTH1R/LHCGR/ABCA1/CALCR/ADRA2B/MARCO/GLP2R/MRGPRX4/PALM/PTGER4/PDE3B/PTGFR/ADCY5/ADGRF5/DRD2/VIP/PDE2A/ADCY4/TAC1/ADRA2A/HTR4/GNAL/PRKAR2B/GNG2/ADGRD1/RGS2/AKAP12/CALCRL/PRKCA/AKAP6/TACR1/PF4/ADRB3/GPR88/OPN4/ADCYAP1R1/ADGRL3/NPY2R/MRGPRX2/ADRB2/HCAR3/ATP2B4/S1PR1/PTGER3/SCTR/ADRB1/RAPGEF3/FFAR4/P2RY12/ADRA1A/ADM/FFAR3",67
"GO:1901342","regulation of vasculature development","77/1767","362/18842",0.212707182320442,2.26815434594328,7.83727903634442,4.8168264255396e-12,1.45524826597479e-09,1.45524826597479e-09,"ISM1/MIR221/SERPINF1/TNMD/PTGIS/KDR/PTPRM/PPP1R16B/EMILIN2/IL6/KLF2/FGF2/F3/ECSCR/MIR126/ADGRA2/HSPB6/TIE1/SFRP1/MIR145/MIR205/EPHA2/CCBE1/SPRY2/MIR125B1/RECK/C3/CXCL12/PRKD1/NRP1/SEMA6A/BMPER/ADAMTS1/ADGRB3/TWIST1/LEP/CD36/CLDN5/CCL24/ADAMTS9/PDE3B/ANGPTL7/MIR27B/AQP1/SEMA5A/CMA1/ANGPTL4/NODAL/QKI/SASH1/RGCC/CDH5/ANXA3/DCN/MIR222/HOXA5/FOXO4/ANGPT4/KLF4/DAB2IP/C6/PRKCA/PF4/TEK/COL4A3/CD34/NPR1/RHOJ/TLR3/ATP2B4/FGF1/KLK3/RAPGEF3/ADM/PPARG/FBLN5/HYAL1",77
"GO:0010817","regulation of hormone levels","94/1767","487/18842",0.193018480492813,2.0582083811237,7.61111662041262,7.96535643440428e-12,2.15075581354231e-09,2.15075581354231e-09,"AKR1D1/ITSN1/ADH1A/AKR1C1/AKR1C3/BMP5/C1QTNF1/GALR1/IL6/PDE8B/CYP1A2/CHST9/ACSL4/ADH1B/AKR1C8/LIPE/CCN3/PRKD1/NMB/ALDH1A1/TPO/ECRG4/LEP/CYP3A4/ALDH1A3/MME/DHRS9/HSD3B1/BMP2/MYRIP/PER2/RPE65/CACNA2D1/ADH4/NNAT/GHR/CMA1/NR5A2/ADCY5/AKR1C2/DRD2/PNPLA2/CES1/VIP/HCAR2/ANXA1/UGT2B28/TAC1/DHRS3/ADRA2A/CYP11A1/EDN3/ACE2/FOXO1/KCNA5/EDN1/IRS2/PRKN/EGR1/PRKCA/DGAT2/TACR1/RBP4/CRY2/SLCO1C1/CYP46A1/ADH6/BMP6/CRHBP/ALDH1A2/RASL10B/TCF7L2/EDNRB/DOC2B/PCSK5/HSD17B11/KCNB1/RAPGEF3/FFAR4/FAM3D/ADM/HADH/PPARG/ADH1C/CYP26B1/RETSAT/GPLD1/DKK3/CTSG/DPP4/RDH5/CYP1A1/MLXIPL/FFAR3",94
"GO:0045765","regulation of angiogenesis","75/1767","352/18842",0.213068181818182,2.27200378144775,7.74963363959539,8.37708578001103e-12,2.15075581354231e-09,2.15075581354231e-09,"ISM1/MIR221/SERPINF1/TNMD/PTGIS/KDR/PTPRM/PPP1R16B/EMILIN2/IL6/KLF2/FGF2/F3/ECSCR/MIR126/ADGRA2/HSPB6/TIE1/SFRP1/MIR145/MIR205/EPHA2/CCBE1/SPRY2/MIR125B1/RECK/C3/PRKD1/NRP1/SEMA6A/BMPER/ADAMTS1/ADGRB3/TWIST1/LEP/CD36/CLDN5/CCL24/ADAMTS9/PDE3B/MIR27B/AQP1/SEMA5A/CMA1/ANGPTL4/NODAL/QKI/SASH1/RGCC/CDH5/ANXA3/DCN/MIR222/HOXA5/FOXO4/ANGPT4/KLF4/DAB2IP/C6/PRKCA/PF4/TEK/COL4A3/CD34/NPR1/RHOJ/TLR3/ATP2B4/FGF1/KLK3/RAPGEF3/ADM/PPARG/FBLN5/HYAL1",75
"GO:0032970","regulation of actin filament-based process","79/1767","380/18842",0.207894736842105,2.21683793524558,7.70859198037938,8.59438141805478e-12,2.15075581354231e-09,2.15075581354231e-09,"MYOC/LIMCH1/CAPZA3/FERMT2/ATP1A2/SHANK3/DMTN/SCN5A/GPM6B/CORO2B/KANK3/ARHGAP6/SFRP1/PLEKHH2/SLIT2/SYNPO2/ITGB1BP1/ZEB2/NEDD9/CXCL12/PRKD1/LRP1/CX3CL1/NRP1/ANK2/CCL24/KANK1/CSF3/PTGER4/SEMA5A/SYNPO/ADD3/FAM107A/CYRIA/ARAP3/PHLDB2/KCNJ2/CFL2/TAC1/ACTA2/PDGFRA/RGCC/BIN1/TENM1/TMOD2/DIXDC1/CCL21/EDN1/TMEFF2/PRKN/PROX1/SPTA1/TACR1/LMOD1/ESAM/TMOD1/ARHGEF15/BST1/ADRB2/DLC1/SPTB/PLN/S1PR1/FHOD3/DAAM2/KANK2/RND3/PAK3/CAV1/WASF3/RAPGEF3/GSN/EPS8/PIK3R1/RHOQ/CTNNA3/PDGFA/CAV3/SPTBN1",79
"GO:0090257","regulation of muscle system process","60/1767","252/18842",0.238095238095238,2.53887406688765,7.91140376846805,8.7939782095772e-12,2.15075581354231e-09,2.15075581354231e-09,"ATP1A2/DMD/SCN4A/SCN5A/IGF1/MYOCD/NOS1/JPH4/GSTM2/KIT/GNAI1/MIR145/PRKD1/PPP1R12B/MYL3/ADRA2B/KCNA1/ANK2/CACNA2D1/JPH2/MLIP/KCNJ2/SPX/ADRA2A/MSTN/EDN3/BIN1/ADGRD1/RGS2/ACE2/FOXO1/TRDN/EDN1/CASQ2/SLC8A3/KLF4/PRKCA/AKAP6/TACR1/KBTBD13/HRC/ADRB3/MYL9/CLIC2/TNNT3/PROK2/FBXO32/PPARA/ADRB2/NPR3/ATP2B4/PLN/CAV1/NR4A3/ADRA1A/MYL2/PPARG/CTNNA3/CAV3/CNN1",60
"GO:0070371","ERK1 and ERK2 cascade","67/1767","300/18842",0.223333333333333,2.38146387474061,7.75910742914651,1.2156519062584e-11,2.83799463206507e-09,2.83799463206507e-09,"HTR2A/FERMT2/MIR221/EGF/NRXN1/KDR/TLR4/IGF1/GPBAR1/PDE8B/FGF2/LMO3/IL13/MIR126/MIR145/SPRY1/MIR205/ATF3/ACKR3/ITGB1BP1/EPHA2/SPRY2/CX3CL1/NRP1/SEMA6A/BMPER/EGFR/CALCR/CD36/SIRPA/BMP2/MARCO/DUSP1/PTGER4/CCN1/MIR27B/DRD2/EPHB1/NODAL/ZFP36L2/ACTA2/PDGFRA/ADIPOQ/ALKAL2/DUSP6/AKAP12/ACE2/CCL21/FLT4/EDN1/KLF4/DAB2IP/FBLN1/MTURN/PRKCA/TEK/ADRB3/ANGPT1/PLA2G2A/PLA2G5/FGF1/DDR2/NRG1/FFAR4/ADRA1A/PDGFA/PDGFD",67
"GO:0050673","epithelial cell proliferation","75/1767","356/18842",0.210674157303371,2.24647564907194,7.63795713290431,1.48907177599925e-11,3.32516201805746e-09,3.32516201805746e-09,"KLF9/TNMD/EGF/YAP1/FGFBP1/STAT5A/BMP5/KDR/PTN/PTPRM/SCN5A/IGF1/OSR1/PPP1R16B/IL6/GPBAR1/DSC1/FGF2/F3/KIT/MIR126/TIE1/SFRP1/TGFBR3/MIR205/PROK1/ITGB1BP1/EPHA2/ZEB2/MIR125B1/CXCL12/MMRN2/CCN3/PRKD1/FGF7/NRP1/BMPER/NFIB/LEP/CCL2/EGFR/ZFP36/CCL24/ATOH8/MIR27B/SEMA5A/CDH13/NODAL/CDKN1C/EGR3/NGFR/CAV2/MIR10B/RGCC/FLT4/MIR222/PROX1/DAB2IP/PRKCA/TACR1/FZD7/NR4A1/TEK/ACVRL1/COL4A3/CD34/PROK2/BMP6/TCF7L2/EDNRB/LAMC1/CAV1/NR4A3/PPARG/MEF2C",75
"GO:0007189","adenylate cyclase-activating G protein-coupled receptor signaling pathway","50/1767","193/18842",0.259067357512953,2.76250546138034,7.91719323282868,1.84419325224686e-11,3.94657355980828e-09,3.94657355980828e-09,"NRXN1/GALR1/ADGRG4/GPBAR1/MAS1/NOS1/GNAI1/MRAP/MRAP2/AVPR2/CNR1/PTH1R/LHCGR/ABCA1/CALCR/MRGPRX4/PTGER4/PDE3B/PTGFR/ADCY5/ADGRF5/VIP/PDE2A/ADCY4/TAC1/ADRA2A/HTR4/GNAL/PRKAR2B/GNG2/ADGRD1/CALCRL/PRKCA/AKAP6/TACR1/PF4/ADRB3/OPN4/ADCYAP1R1/ADGRL3/ADRB2/ATP2B4/S1PR1/PTGER3/SCTR/ADRB1/RAPGEF3/FFAR4/ADRA1A/ADM",50
"GO:0045229","external encapsulating structure organization","63/1767","280/18842",0.225,2.39923599320883,7.58835243314268,3.57232300221626e-11,6.92210595138776e-09,6.92210595138776e-09,"TNXB/NDNF/MYH11/ADAMTS18/TLL1/LAMA1/HAS1/IL6/GPM6B/HAS3/LAMA2/FMOD/FLRT2/TIE1/MIR145/TGFBR3/MIR205/RECK/ADAMTS8/CCN3/LRP1/VIT/ADAMTS1/HPSE2/CCDC80/BMP2/MARCO/ADAMTS9/ANGPTL7/DPT/MIR27B/CMA1/COL6A6/MFAP4/COLGALT2/PHLDB2/ADAMTS5/ELANE/MATN2/RGCC/LOXL4/COL4A6/LTBP4/COL17A1/FBLN1/HRNR/COL4A3/ECM2/MMP19/CRTAP/LAMC1/MMP28/DDR2/ADAMTS3/MMP27/COL14A1/PPARG/PHLDB1/FBLN5/PRDM5/CTSG/DPP4/ADAMTSL4",63
"GO:1990845","adaptive thermogenesis","45/1767","166/18842",0.271084337349398,2.8906457749504,7.87067850873968,3.61473317643013e-11,6.92210595138776e-09,6.92210595138776e-09,"FABP4/MAP2K6/TLR4/EBF2/PEMT/PM20D1/IL13/ARRDC3/ALPL/LAMA4/ALDH1A1/ACADL/PRDM16/LEP/NOVA2/CD36/LPIN1/PER2/G0S2/ADAMTS5/QKI/SCD/PLCL2/S100B/ADIPOQ/ELOVL3/LGR4/WNT10B/ZNF423/ABHD6/ADRB3/CIDEA/LEPR/ADRB2/ACSL1/NPR3/SCTR/OXTR/ADRB1/CAV1/FFAR4/PPARGC1A/HADH/EPAS1/ID1",45
"GO:0006937","regulation of muscle contraction","46/1767","172/18842",0.267441860465116,2.85180505652729,7.84832941952793,3.63895756790244e-11,6.92210595138776e-09,6.92210595138776e-09,"ATP1A2/DMD/SCN4A/SCN5A/MYOCD/NOS1/JPH4/GSTM2/KIT/MIR145/PRKD1/PPP1R12B/MYL3/ADRA2B/KCNA1/ANK2/CACNA2D1/JPH2/KCNJ2/SPX/ADRA2A/EDN3/BIN1/ADGRD1/RGS2/ACE2/TRDN/EDN1/CASQ2/SLC8A3/TACR1/KBTBD13/HRC/ADRB3/MYL9/CLIC2/TNNT3/PROK2/ADRB2/PLN/CAV1/ADRA1A/MYL2/CTNNA3/CAV3/CNN1",46
"GO:0060048","cardiac muscle contraction","41/1767","143/18842",0.286713286713287,3.05730149872764,7.94413587707181,3.93413185526532e-11,7.21632186022953e-09,7.21632186022953e-09,"ATP1A2/DMD/SCN4A/SCN5A/NOS1/JPH4/GSTM2/SCN3A/SCN2A/SCN2B/MYL3/ANK2/CACNA2D1/JPH2/KCNJ2/SCN7A/SCN3B/SCN4B/BIN1/RGS2/ACE2/KCNA5/TRDN/CASQ2/ACTC1/KCNJ8/HRC/ADRB3/CLIC2/ADRB2/PLN/KCNE1/SCN9A/CAV1/GSN/ADRA1A/MYL2/CACNA1G/CTNNA3/CAV3/SCN11A",41
"GO:0043410","positive regulation of MAPK cascade","84/1767","428/18842",0.196261682242991,2.09279152055599,7.35656412483516,4.35289285768614e-11,7.61069790645136e-09,7.61069790645136e-09,"MYOC/HTR2A/NTRK3/FERMT2/EGF/NRXN1/KDR/IGF1/IL6/GPBAR1/PDE8B/FGF2/KIT/IL13/MIR126/FGF16/GFRAL/ACKR3/SPRY2/AVPI1/EDA2R/PECAM1/CX3CL1/FGF7/NRP1/BMPER/LEP/EGFR/CALCR/CD36/ADRA2B/BMP2/IGFBP6/MARCO/ITGA1/GHR/MIR27B/DRD2/NTRK2/ELANE/NODAL/SEMA3A/FGF17/MID1/ACTA2/ADRA2A/CAV2/PDGFRA/IL11RA/SASH1/EDN3/TENM1/ALKAL2/AKAP12/CCL21/FLT4/EDN1/DAB2IP/MTURN/PRKCA/FZD7/TEK/ADRB3/FGF8/HGF/CRIPTO/IL34/SH3RF2/ADRB2/ANGPT1/PLA2G2A/TLR3/PLA2G5/FGF1/ADRB1/DDR2/EDAR/NRG1/FFAR4/ADRA1A/PDGFA/MEF2C/PELI2/PDGFD",84
"GO:0001508","action potential","44/1767","161/18842",0.273291925465839,2.91418588547104,7.84669696504511,4.4455011135814e-11,7.61069790645136e-09,7.61069790645136e-09,"ATP1A2/DMD/SCN4A/SCN5A/KCNIP2/NOS1/SCN3A/SCN2A/SCN2B/CD36/KCNA1/ANK2/CACNA2D1/KCNA4/KCNMB1/KCNJ2/SCN7A/NPR2/KCNMB2/TAC1/HCN1/SCN3B/SCN4B/BIN1/KCNA5/KCNA6/KCNC4/CASQ2/TBX18/KCNS1/KCNJ8/AKAP6/TACR1/NPY2R/KCNE1/SCN9A/CAV1/KCNB1/KCNA2/ADRA1A/CACNA1G/CTNNA3/CAV3/SCN11A",44
"GO:0070372","regulation of ERK1 and ERK2 cascade","63/1767","283/18842",0.222614840989399,2.37380239610768,7.49083264984398,5.75438061425606e-11,9.53370930155455e-09,9.53370930155455e-09,"HTR2A/FERMT2/MIR221/NRXN1/KDR/TLR4/IGF1/GPBAR1/PDE8B/FGF2/LMO3/IL13/MIR126/MIR145/SPRY1/MIR205/ATF3/ACKR3/ITGB1BP1/EPHA2/SPRY2/CX3CL1/NRP1/SEMA6A/BMPER/EGFR/CALCR/CD36/SIRPA/BMP2/MARCO/DUSP1/CCN1/MIR27B/DRD2/EPHB1/NODAL/ACTA2/PDGFRA/ADIPOQ/ALKAL2/DUSP6/AKAP12/ACE2/CCL21/FLT4/KLF4/DAB2IP/FBLN1/MTURN/PRKCA/TEK/ADRB3/ANGPT1/PLA2G2A/PLA2G5/FGF1/DDR2/NRG1/FFAR4/ADRA1A/PDGFA/PDGFD",63
"GO:0072001","renal system development","55/1767","231/18842",0.238095238095238,2.53887406688765,7.57031776986676,6.45223796606027e-11,1.03558419355267e-08,1.03558419355267e-08,"CER1/SERPINF1/DACT2/OSR1/MYOCD/FGF2/SFRP1/GPC3/SLIT2/IRX1/KLF15/PECAM1/NRP1/BMPER/MME/POU3F3/BMP2/SIM1/AQP1/ACTA2/PDGFRA/ADIPOQ/LGR4/CR1/WNT11/EDN1/TBX18/EGR1/PROX1/CAT/CITED1/KCNJ8/HMGCS2/RBP4/TEK/FGF8/COL4A3/CD34/BMP6/KLHL3/ANGPT1/SOX17/LRP4/PTCH1/ALDH1A2/KANK2/FGF1/PCSK5/ZBTB16/TCF21/PDGFA/MEF2C/PKD2/CYP26B1/PDGFD",55
"GO:0070252","actin-mediated cell contraction","36/1767","117/18842",0.307692307692308,3.28100648643942,7.9615647467777,6.65962275322678e-11,1.0364794685022e-08,1.0364794685022e-08,"LIMCH1/ATP1A2/MYH2/SCN4A/SCN5A/NOS1/SCN3A/SCN2A/ZEB2/SCN2B/PARVA/ANK2/CACNA2D1/KCNJ2/SCN7A/QKI/ACTA2/SCN3B/SCN4B/BIN1/KCNA5/CASQ2/MYH3/ACTC1/KCNJ8/EPDR1/ADRB2/PLN/KCNE1/SCN9A/CAV1/GSN/CACNA1G/CTNNA3/CAV3/SCN11A",36
"GO:0030198","extracellular matrix organization","62/1767","278/18842",0.223021582733813,2.37813959358829,7.44680053897973,7.5388534644415e-11,1.13881033509916e-08,1.13881033509916e-08,"TNXB/NDNF/MYH11/ADAMTS18/TLL1/LAMA1/HAS1/IL6/GPM6B/HAS3/LAMA2/FMOD/FLRT2/TIE1/MIR145/TGFBR3/MIR205/RECK/ADAMTS8/CCN3/LRP1/VIT/ADAMTS1/HPSE2/CCDC80/BMP2/MARCO/ADAMTS9/ANGPTL7/DPT/MIR27B/CMA1/COL6A6/MFAP4/COLGALT2/PHLDB2/ADAMTS5/ELANE/MATN2/RGCC/LOXL4/COL4A6/LTBP4/COL17A1/FBLN1/COL4A3/ECM2/MMP19/CRTAP/LAMC1/MMP28/DDR2/ADAMTS3/MMP27/COL14A1/PPARG/PHLDB1/FBLN5/PRDM5/CTSG/DPP4/ADAMTSL4",62
"GO:0120161","regulation of cold-induced thermogenesis","42/1767","152/18842",0.276315789473684,2.94643016709856,7.75078809649181,8.35071614507879e-11,1.22540794631785e-08,1.22540794631785e-08,"FABP4/MAP2K6/TLR4/EBF2/PEMT/IL13/ARRDC3/ALPL/LAMA4/ALDH1A1/ACADL/PRDM16/LEP/NOVA2/CD36/LPIN1/PER2/G0S2/ADAMTS5/QKI/SCD/PLCL2/ADIPOQ/ELOVL3/LGR4/WNT10B/ZNF423/ABHD6/ADRB3/CIDEA/LEPR/ADRB2/ACSL1/NPR3/OXTR/ADRB1/CAV1/FFAR4/PPARGC1A/HADH/EPAS1/ID1",42
"GO:0043062","extracellular structure organization","62/1767","279/18842",0.222222222222222,2.36961579576181,7.41424048897278,8.8239018949327e-11,1.25887667034373e-08,1.25887667034373e-08,"TNXB/NDNF/MYH11/ADAMTS18/TLL1/LAMA1/HAS1/IL6/GPM6B/HAS3/LAMA2/FMOD/FLRT2/TIE1/MIR145/TGFBR3/MIR205/RECK/ADAMTS8/CCN3/LRP1/VIT/ADAMTS1/HPSE2/CCDC80/BMP2/MARCO/ADAMTS9/ANGPTL7/DPT/MIR27B/CMA1/COL6A6/MFAP4/COLGALT2/PHLDB2/ADAMTS5/ELANE/MATN2/RGCC/LOXL4/COL4A6/LTBP4/COL17A1/FBLN1/COL4A3/ECM2/MMP19/CRTAP/LAMC1/MMP28/DDR2/ADAMTS3/MMP27/COL14A1/PPARG/PHLDB1/FBLN5/PRDM5/CTSG/DPP4/ADAMTSL4",62
"GO:0106106","cold-induced thermogenesis","42/1767","153/18842",0.274509803921569,2.92717245358811,7.69951121880734,1.04809301661826e-10,1.45486641441929e-08,1.45486641441929e-08,"FABP4/MAP2K6/TLR4/EBF2/PEMT/IL13/ARRDC3/ALPL/LAMA4/ALDH1A1/ACADL/PRDM16/LEP/NOVA2/CD36/LPIN1/PER2/G0S2/ADAMTS5/QKI/SCD/PLCL2/ADIPOQ/ELOVL3/LGR4/WNT10B/ZNF423/ABHD6/ADRB3/CIDEA/LEPR/ADRB2/ACSL1/NPR3/OXTR/ADRB1/CAV1/FFAR4/PPARGC1A/HADH/EPAS1/ID1",42
"GO:0043491","phosphatidylinositol 3-kinase/protein kinase B signal transduction","64/1767","294/18842",0.217687074829932,2.32125628972585,7.34517390590713,1.10602012270573e-10,1.49487351321491e-08,1.49487351321491e-08,"MYOC/NTRK3/FERMT2/CX3CR1/EGF/NRXN1/AKR1C3/LAMA1/KDR/IGF1/PPP1R16B/MYO16/FGF2/BANK1/KIT/PEAR1/MIR126/MIR145/GFRAL/ITGB1BP1/SPRY2/PECAM1/PRKD1/CX3CL1/PIP5K1B/TWIST1/LEP/EGFR/CALCR/ADRA2B/CSF3/PDE3B/SEMA5A/AKR1C2/RELN/DRD2/NTRK2/HBEGF/NYAP1/ADRA2A/PDGFRA/PIK3C2G/RGCC/MSTN/CCL21/DCN/EDN1/IRS2/PROS1/KLF4/DAB2IP/TEK/HGF/PPARA/ANGPT1/TCF7L2/SELP/DDR2/RAPGEF3/P2RY12/PIK3R1/PDGFA/PDGFD/TYRO3",64
"GO:0042060","wound healing","78/1767","394/18842",0.197969543147208,2.11100290434618,7.16932970939133,1.4090678583407e-10,1.85563397959944e-08,1.85563397959944e-08,"HTR2A/FERMT2/MIR221/YAP1/NDNF/DMTN/ADAMTS18/SERPIND1/KDR/C1QTNF1/TLR4/IGF1/SERPING1/EMILIN2/IL6/CSRP1/FGF2/F3/ANGPTL2/DST/THBD/PEAR1/PRRG3/ANGPTL1/MMRN1/PRRG1/SVEP1/CD36/ADRA2B/KANK1/ANGPTL7/ANGPTL4/PHLDB2/ANXA1/ARHGAP24/NPR2/HBEGF/AHNAK/ADRA2A/F8/MYLK/RASA3/PDGFRA/HBB/EPB41L4B/MCAM/EDN1/SAA1/TMEFF2/PROS1/ANGPT4/F10/FBLN1/PRKCA/FZD7/PF4/MYL9/PLA2G4A/F13A1/ACVRL1/CD34/ANGPT1/STXBP1/PPL/FGF1/SELP/DDR2/CAV1/NRG1/DGKI/P2RY12/ANO6/PPARG/VWF/PDGFA/CTSG/TYRO3/TFPI",78
"GO:0043542","endothelial cell migration","63/1767","290/18842",0.217241379310345,2.31650371758094,7.26801164229063,1.69025903538934e-10,2.17029260143991e-08,2.17029260143991e-08,"MIR221/SERPINF1/EGF/FGFBP1/STAT5A/KDR/PTN/PTPRM/FGF2/MET/MIR126/FGF16/ADGRA2/TGFBR3/MIR205/SLIT2/ITGB1BP1/EPHA2/ZEB2/MMRN2/CCN3/PRKD1/NRP1/BMPER/MMRN1/PTGS2/ADAMTS9/ATOH8/FSTL1/MIR27B/SEMA5A/CDH13/ANXA1/EGR3/MIR10B/SASH1/RGCC/CDH5/ANXA3/DCN/FLT4/EDN1/ANGPT4/KLF4/PROX1/DAB2IP/PRKCA/MEOX2/CLEC14A/NR4A1/TEK/CRIPTO/ACVRL1/ANGPT1/RHOJ/ATP2B4/FGF1/PPARG/MEF2C/PLPP3/ID1/GPLD1/DPP4",63
"GO:0043434","response to peptide hormone","82/1767","427/18842",0.192037470725995,2.04774760804709,7.04489699074601,2.27417590610108e-10,2.81427508641015e-08,2.81427508641015e-08,"CRHR2/STAT5A/IGF1/MGARP/KLF2/MAS1/TBC1D4/TRARG1/ALPL/G6PC1/ECHDC3/GNAI1/MIR145/TGFBR3/KLF15/CXCL12/PRKD1/SLC22A12/OTC/LEP/LHCGR/CDO1/LPIN1/SLC24A4/MAP1B/GLP2R/KANK1/PDE3B/CPEB1/STAT5B/GHR/MIR27B/ADCY5/IGFBP1/ADCY4/KAT2B/NPR2/PCK1/CAV2/CYP11A1/ADIPOQ/TNS2/MSTN/PRKAR2B/PID1/FOXO1/EDN1/IRS2/FOXO4/KLF4/EGR1/CAT/PRKCA/CITED1/HMGCS2/NR4A1/CRY2/SIK2/KLF11/PPARA/SORBS1/CPS1/RARRES2/SOCS2/PLA2G2A/KL/CRHBP/PLN/CA3/EDNRB/PDK4/SLC2A4/DDR2/CAV1/NR4A3/HADH/PIK3R1/PPARG/RHOQ/GPLD1/FOS/FFAR3",82
"GO:0042445","hormone metabolic process","52/1767","219/18842",0.237442922374429,2.53191824752631,7.33538171664219,2.36955113537752e-10,2.81427508641015e-08,2.81427508641015e-08,"AKR1D1/ADH1A/AKR1C1/AKR1C3/BMP5/CYP1A2/CHST9/ADH1B/AKR1C8/LIPE/ALDH1A1/TPO/CYP3A4/ALDH1A3/MME/DHRS9/HSD3B1/BMP2/RPE65/ADH4/GHR/CMA1/NR5A2/AKR1C2/PNPLA2/CES1/UGT2B28/DHRS3/CYP11A1/ACE2/EGR1/DGAT2/RBP4/SLCO1C1/CYP46A1/ADH6/BMP6/ALDH1A2/TCF7L2/EDNRB/PCSK5/HSD17B11/ADM/ADH1C/CYP26B1/RETSAT/DKK3/CTSG/DPP4/RDH5/CYP1A1/FFAR3",52
"GO:0032956","regulation of actin cytoskeleton organization","69/1767","334/18842",0.206586826347305,2.20289133108994,7.13525956490348,2.40720416752631e-10,2.81427508641015e-08,2.81427508641015e-08,"MYOC/LIMCH1/CAPZA3/FERMT2/SHANK3/DMTN/GPM6B/CORO2B/KANK3/ARHGAP6/SFRP1/PLEKHH2/SLIT2/SYNPO2/ITGB1BP1/NEDD9/CXCL12/PRKD1/LRP1/CX3CL1/NRP1/CCL24/KANK1/CSF3/PTGER4/SEMA5A/SYNPO/ADD3/FAM107A/CYRIA/ARAP3/PHLDB2/CFL2/TAC1/PDGFRA/RGCC/BIN1/TENM1/TMOD2/DIXDC1/CCL21/EDN1/TMEFF2/PRKN/PROX1/SPTA1/TACR1/LMOD1/ESAM/TMOD1/ARHGEF15/BST1/DLC1/SPTB/S1PR1/FHOD3/DAAM2/KANK2/RND3/PAK3/WASF3/RAPGEF3/GSN/EPS8/PIK3R1/RHOQ/PDGFA/CAV3/SPTBN1",69
"GO:0050878","regulation of body fluid levels","68/1767","327/18842",0.207951070336391,2.21743863456609,7.14412411853246,2.4109833294791e-10,2.81427508641015e-08,2.81427508641015e-08,"HTR2A/ADAMTS18/SERPIND1/STAT5A/C1QTNF1/TLR4/SERPING1/EMILIN2/IL6/AQP4/CSRP1/F3/ANGPTL2/THBD/PEAR1/PRRG3/AVPR2/ANGPTL1/MMRN1/PRRG1/SVEP1/CD36/CDO1/ADRA2B/FLI1/ANGPTL7/AQP1/ANGPTL4/ADCY5/VIP/ADCY4/AVP/ADRA2A/F8/HTR4/RASA3/PDGFRA/HBB/PRKAR2B/EDN1/SAA1/PROS1/ANGPT4/F10/FBLN1/PRKCA/PF4/MYL9/PLA2G4A/F13A1/PPARA/ANGPT1/NPR1/NPR3/STXBP1/EDNRB/OXTR/SELP/CAV1/DGKI/P2RY12/ANO6/ADM/VWF/PDGFA/CTSG/TYRO3/TFPI",68
"GO:0097305","response to alcohol","57/1767","254/18842",0.224409448818898,2.39293878587757,7.18989339460064,3.39557297111481e-10,3.8078799394097e-08,3.8078799394097e-08,"KLF9/NTRK3/CYP7A1/PTGDR2/AKR1C3/ACTG2/PENK/FGF2/IL13/GNAI1/SFRP1/TGFBR3/SLIT2/PRKD1/LEP/ABCA1/SLIT3/CDO1/CLDN5/CSF3/PTGER4/GHR/PTGFR/ADCY5/AKR1C2/DRD2/CES1/TGFBR2/AVP/ADRA2A/S100B/MSTN/GNG2/RGS2/FOSB/CCL21/PRKN/ACTC1/CAT/GFAP/PRKCA/HMGCS2/TACR1/RBP4/ADCYAP1R1/CSN1S1/PPARA/GRIN2B/CPS1/CRHBP/PTCH1/CA3/SLC2A4/AVPR1A/GPLD1/SCN11A/FOS",57
"GO:0042692","muscle cell differentiation","73/1767","365/18842",0.2,2.13265421618563,7.02939490267391,3.410484369409e-10,3.8078799394097e-08,3.8078799394097e-08,"DMD/MIR221/MYH11/CAMK1/ALPK3/CAPN3/LAMA1/SCGB3A1/IGF1/MYOCD/FBXO40/NOS1/PGM5/CSRP1/LAMA2/KIT/MIR145/RCAN1/MIR125B1/EHD2/CCN3/PRKD1/MYOM3/MYOZ2/ADGRB3/SMYD1/PRDM16/KLHL40/BHLHE41/ANK2/BMP2/ERVFRD-1/FLNC/SORBS2/MYOM1/ADAMTS5/QKI/CAV2/PDGFRA/BIN1/TMOD2/RGS2/MYOM2/MIR222/EDN1/FOXO4/MYH3/TBX18/ACTC1/PROX1/SYNE1/AKAP6/FZD7/MYL9/LMOD1/TNNT3/TMOD1/PPARA/FHOD3/EDNRB/LAMC1/RBPMS2/POPDC1/MYMX/NOTCH4/NRG1/ADM/MYL2/CAV3/MEF2C/CYP26B1/AVPR1A/SGCZ",73
"GO:0007507","heart development","83/1767","438/18842",0.189497716894977,2.02066552446812,6.95271266979599,3.4847909494578e-10,3.80806091838622e-08,3.80806091838622e-08,"CER1/NTRK3/YAP1/MYH11/ALPK3/ZFPM2/BMP5/MYL7/KDR/SCN5A/MSX1/IGF1/OSR1/MYOCD/FGF2/PLXNA4/ACACB/POU6F1/FLRT2/TIE1/MIR145/TGFBR3/SPRY1/GPC3/SLIT2/PARVA/NRP1/TWIST1/SMYD1/EGFR/MYL3/SLIT3/ANK2/BMP2/CLDN5/CCM2L/ADAMTS9/SORBS2/JPH2/PDE2A/TGFBR2/KAT2B/ADAMTS5/DAW1/LDB3/PDGFRA/SGCG/WNT11/RGS2/DUSP6/MIR222/CRIPTO3/EDN1/TBX18/ACTC1/PROX1/AKAP6/FZD7/RBP4/TEK/FGF8/NPY2R/CRIPTO/UTY/PDLIM3/ACVRL1/PPARA/BMP6/DLC1/SOX17/S1PR1/FHOD3/POPDC1/PCSK5/HSPB7/PDLIM4/NRG1/MYL2/CACNA1G/CAV3/MEF2C/PKD2/SGCZ",83
"GO:0009612","response to mechanical stimulus","48/1767","196/18842",0.244897959183673,2.61141332594158,7.29511327697952,3.78314056241769e-10,3.96534896501577e-08,3.96534896501577e-08,"HTR2A/ATP1A2/DMD/TXNIP/NRXN1/SHANK3/PTN/TLR4/FGF2/KIT/IL13/RCAN1/CXCL12/PECAM1/KCNA1/MAP1B/PTGER4/AQP1/DRD2/PDE2A/KCNJ2/MPO/PKD1L2/FOSB/KCNA5/EDN1/KRT5/PRKCA/TACR1/TEK/MEIS2/ANO3/TMC2/HABP4/BMP6/TLR3/PTCH1/PTPRQ/TNFRSF8/USP53/PPL/DDR2/SCN9A/GSN/CAV3/PKD2/SCN11A/FOS",48
"GO:0031032","actomyosin structure organization","48/1767","196/18842",0.244897959183673,2.61141332594158,7.29511327697952,3.78314056241769e-10,3.96534896501577e-08,3.96534896501577e-08,"MYOC/LIMCH1/FERMT2/MYH11/CAPN3/FRMD3/PGM5/CSRP1/EPB41L2/ARHGAP6/SFRP1/ITGB1BP1/ZEB2/PRKD1/MYOM3/NRP1/MYOZ2/PTGER4/FLNC/MYOM1/SYNPO/PHLDB2/TAC1/PDGFRA/EPB41L4B/RGCC/TMOD2/MYOM2/EDN1/TMEFF2/MYH3/ACTC1/PROX1/TACR1/MYL9/LMOD1/TNNT3/TMOD1/ARHGEF15/SORBS1/DLC1/S1PR1/FHOD3/RAPGEF3/PIK3R1/MYL2/CAV3/CNN1",48
"GO:0007599","hemostasis","52/1767","222/18842",0.234234234234234,2.49770313607325,7.2210820784766,3.9986752159976e-10,4.10743918187274e-08,4.10743918187274e-08,"HTR2A/ADAMTS18/SERPIND1/C1QTNF1/TLR4/SERPING1/EMILIN2/IL6/CSRP1/F3/ANGPTL2/THBD/PEAR1/PRRG3/AVPR2/ANGPTL1/MMRN1/PRRG1/SVEP1/CD36/ADRA2B/FLI1/ANGPTL7/ANGPTL4/ADRA2A/F8/RASA3/PDGFRA/HBB/EDN1/SAA1/PROS1/ANGPT4/F10/FBLN1/PRKCA/PF4/MYL9/PLA2G4A/F13A1/ANGPT1/STXBP1/SELP/CAV1/DGKI/P2RY12/ANO6/VWF/PDGFA/CTSG/TYRO3/TFPI",52
"GO:0019216","regulation of lipid metabolic process","68/1767","331/18842",0.205438066465257,2.19064179306076,7.03023872602991,4.17410717998212e-10,4.20357146595847e-08,4.20357146595847e-08,"HTR2A/CYP7A1/GPR146/ENDOU/AKR1C3/PLCH2/BMP5/ABCD2/ACACB/GNAI1/ASXL3/AADAC/C3/TWIST1/ACADL/LEP/LPIN1/BMP2/PTGS2/ANGPTL8/PDE3B/MIR27B/NR5A2/ANGPTL4/PNPLA2/CES1/KAT2B/HCAR2/QKI/AVP/CIDEC/PCK1/ADRA2A/ADIPOQ/PLIN1/CH25H/EDN1/IRS2/EGR1/PROX1/DGAT2/ABCB11/ABHD6/ADRB3/HSD17B13/CIDEA/PPARA/SORBS1/BMP6/RARRES2/HCAR3/CCDC3/PLPP1/PDK4/FGF1/CAV1/PPARGC1A/THRSP/GPIHBP1/ADM/PPARG/PDGFA/AVPR1A/ALK/GPLD1/DKK3/APOD/MLXIPL",68
"GO:0060537","muscle tissue development","63/1767","298/18842",0.211409395973154,2.25431569831702,7.02106791149367,5.46990418181404e-10,5.36442832214066e-08,5.36442832214066e-08,"DMD/YAP1/MYH11/ALPK3/ZFPM2/BMP5/MYL7/SCN5A/MSX1/IGF1/OSR1/MYOCD/PGM5/CSRP1/FGF2/EGR2/MIR145/TGFBR3/RCAN1/MYOZ2/TWIST1/MYL3/KLHL40/BMP2/ADAMTS9/SORBS2/MYOM1/EPHB1/JPH2/NPR2/CFL2/MYLK/CAV2/PDGFRA/SGCG/S100B/MSTN/RGS2/MIR222/EDN1/TBX18/ACTC1/PROX1/AKAP6/FZD7/RBP4/FGF8/PPARA/S1PR1/PTCH1/FHOD3/FOXP2/POPDC1/CAV1/TCF21/NRG1/MYL2/CACNA1G/CAV3/MEF2C/PKD2/CYP26B1/SGCZ",63
"GO:0050678","regulation of epithelial cell proliferation","65/1767","312/18842",0.208333333333333,2.22151480852669,6.99887467709929,5.53572237292552e-10,5.36442832214066e-08,5.36442832214066e-08,"KLF9/TNMD/EGF/YAP1/FGFBP1/STAT5A/BMP5/KDR/PTN/PTPRM/SCN5A/IGF1/OSR1/PPP1R16B/GPBAR1/DSC1/FGF2/F3/MIR126/TIE1/SFRP1/TGFBR3/MIR205/MIR125B1/CXCL12/MMRN2/PRKD1/FGF7/NRP1/NFIB/LEP/CCL2/EGFR/ZFP36/CCL24/ATOH8/MIR27B/SEMA5A/CDH13/NODAL/CDKN1C/EGR3/NGFR/CAV2/MIR10B/RGCC/FLT4/MIR222/PROX1/DAB2IP/PRKCA/TACR1/FZD7/NR4A1/TEK/ACVRL1/COL4A3/BMP6/TCF7L2/EDNRB/LAMC1/CAV1/NR4A3/PPARG/MEF2C",65
"GO:0003073","regulation of systemic arterial blood pressure","28/1767","82/18842",0.341463414634146,3.64111695446326,7.71024246673112,5.97774379116608e-10,5.68549853915351e-08,5.68549853915351e-08,"MAS1/KLK2/AVPR2/MME/CMA1/DRD2/SPX/AVP/TAC1/EDN3/ACE2/EDN1/TACR1/ADRB3/ADRB2/RARRES2/KL/RASL10B/EDNRB/OXTR/ADRB1/KLK3/PCSK5/PDE1C/ADRA1A/ADM/AVPR1A/CTSG",28
"GO:0001935","endothelial cell proliferation","46/1767","186/18842",0.247311827956989,2.63715306302524,7.21815799517175,6.19783350294408e-10,5.78764961293106e-08,5.78764961293106e-08,"TNMD/EGF/FGFBP1/STAT5A/KDR/PTPRM/PPP1R16B/FGF2/F3/MIR126/TIE1/MIR205/PROK1/ITGB1BP1/ZEB2/CXCL12/MMRN2/PRKD1/NRP1/BMPER/LEP/CCL2/CCL24/ATOH8/MIR27B/SEMA5A/CDH13/EGR3/NGFR/CAV2/MIR10B/RGCC/FLT4/MIR222/PROX1/PRKCA/NR4A1/TEK/ACVRL1/COL4A3/CD34/PROK2/BMP6/CAV1/PPARG/MEF2C",46
"GO:0001822","kidney development","52/1767","225/18842",0.231111111111111,2.46440042759228,7.1086339286527,6.66523684231733e-10,6.11297436109676e-08,6.11297436109676e-08,"CER1/SERPINF1/DACT2/OSR1/FGF2/SFRP1/GPC3/SLIT2/IRX1/KLF15/PECAM1/NRP1/BMPER/MME/POU3F3/BMP2/SIM1/AQP1/ACTA2/PDGFRA/ADIPOQ/LGR4/CR1/WNT11/EDN1/EGR1/PROX1/CAT/CITED1/KCNJ8/HMGCS2/TEK/FGF8/COL4A3/CD34/BMP6/KLHL3/ANGPT1/SOX17/LRP4/PTCH1/ALDH1A2/KANK2/FGF1/PCSK5/ZBTB16/TCF21/PDGFA/MEF2C/PKD2/CYP26B1/PDGFD",52
"GO:0030048","actin filament-based movement","38/1767","138/18842",0.27536231884058,2.93626305127006,7.34389650319253,7.29202115857495e-10,6.57049485446332e-08,6.57049485446332e-08,"LIMCH1/ATP1A2/MYH2/SCN4A/MYO7B/SCN5A/MYO1H/NOS1/SCN3A/SCN2A/ZEB2/SCN2B/PARVA/ANK2/CACNA2D1/KCNJ2/SCN7A/QKI/ACTA2/SCN3B/SCN4B/BIN1/KCNA5/CASQ2/MYH3/ACTC1/KCNJ8/EPDR1/ADRB2/PLN/KCNE1/SCN9A/CAV1/GSN/CACNA1G/CTNNA3/CAV3/SCN11A",38
"GO:0090066","regulation of anatomical structure size","80/1767","423/18842",0.189125295508274,2.01669429426537,6.80326580690131,8.01213833775723e-10,7.0948866384002e-08,7.0948866384002e-08,"CAPZA3/HTR2A/SHANK3/DMTN/GPRC5B/KLF2/AQP4/MAS1/NOS1/PLXNA4/KANK3/PLEKHH2/SLIT2/ITGB1BP1/AVPR2/UTS2B/CXCL12/PECAM1/PRKD1/NRP1/SEMA3G/LEP/SVEP1/ADRA2B/SEMA6D/PER2/CCL24/MAP1B/KANK1/CSF3/ITGA1/AQP1/SEMA5A/ADD3/RGMA/CYRIA/KAT2B/SEMA3A/CFL2/AVP/KCNMB2/ADRA2A/HBB/EDN3/BIN1/TENM1/TMOD2/RGS2/ISLR2/ACE2/CCL21/EDN1/SPTA1/TACR1/ADRB3/LMOD1/ESAM/TMOD1/ADRB2/CPS1/NPR1/SPTB/DAAM2/KANK2/EDNRB/SCTR/PAK3/OXTR/ITGA9/ADRB1/CAV1/VIM/GSN/EPS8/ANO6/ADRA1A/ADM/CAV3/AVPR1A/SPTBN1",80
"GO:0042572","retinol metabolic process","22/1767","54/18842",0.407407407407407,4.34429562556331,7.91682706442485,8.70079860022625e-10,7.57411891707831e-08,7.57411891707831e-08,"ADH1A/AKR1C3/CYP1A2/ADH1B/LIPE/ALDH1A1/CYP3A4/ALDH1A3/DHRS9/RPE65/ADH4/PNPLA2/CES1/DHRS3/DGAT2/RBP4/ADH6/ALDH1A2/ADH1C/RETSAT/RDH5/CYP1A1",22
"GO:0006066","alcohol metabolic process","68/1767","339/18842",0.200589970501475,2.1389452315726,6.80724699247445,1.20563322072558e-09,1.03202203694109e-07,1.03202203694109e-07,"AKR1D1/CYP7A1/GPR146/ADH1A/SULT1C4/AKR1C1/AKR1C3/BMP5/IGF1/CYP1A2/ADH1B/AKR1C8/ALDH2/GNAI1/SULT1C3/LIPE/APOB/CYP39A1/MOGAT1/PTH1R/ALDH1A1/ACADL/LEP/CYP3A4/LHCGR/ABCA1/ALDH1A3/DHRS9/BMP2/TKTL1/RPE65/ADH4/MIR27B/AKR1C2/PNPLA2/CES1/QKI/SNCA/PCK1/DHRS3/CYP11A1/ACSS2/CH25H/ACAA2/DGAT2/HMGCS2/RBP4/ABCA5/ADCYAP1R1/CUBN/PLA2G4A/CYP46A1/SCARF1/VLDLR/ADH6/BMP6/PECR/PLPP1/ALDH1A2/EDNRB/FGF1/CETP/ADH1C/PLPP3/RETSAT/DKK3/RDH5/CYP1A1",68
"GO:0007596","blood coagulation","50/1767","216/18842",0.231481481481481,2.46834978725188,6.98210690712147,1.33412904646183e-09,1.07621209333627e-07,1.07621209333627e-07,"HTR2A/ADAMTS18/SERPIND1/C1QTNF1/TLR4/SERPING1/EMILIN2/IL6/CSRP1/F3/ANGPTL2/THBD/PEAR1/PRRG3/ANGPTL1/MMRN1/PRRG1/SVEP1/CD36/ADRA2B/ANGPTL7/ANGPTL4/ADRA2A/F8/RASA3/PDGFRA/HBB/EDN1/SAA1/PROS1/ANGPT4/F10/FBLN1/PRKCA/PF4/MYL9/PLA2G4A/F13A1/ANGPT1/STXBP1/SELP/CAV1/DGKI/P2RY12/ANO6/VWF/PDGFA/CTSG/TYRO3/TFPI",50
"GO:0120254","olefinic compound metabolic process","42/1767","165/18842",0.254545454545455,2.71428718423625,7.11478669930023,1.33639856475853e-09,1.07621209333627e-07,1.07621209333627e-07,"ADH1A/AKR1C1/PTGIS/AKR1C3/BMP5/MGLL/GSTM2/CYP1A2/ADH1B/LIPE/ALDH1A1/CYP3A4/ALDH1A3/DHRS9/HSD3B1/BMP2/PTGS2/RPE65/ADH4/AKR1C2/PNPLA2/CES1/DHRS3/CYP11A1/ELOVL3/CYP2U1/EGR1/DGAT2/RBP4/ABHD6/PLA2G4A/CYP46A1/ADH6/BMP6/ALDH1A2/EDNRB/ADM/ADH1C/RETSAT/DKK3/RDH5/CYP1A1",42
"GO:0035150","regulation of tube size","36/1767","129/18842",0.27906976744186,2.97579658072413,7.24361349617984,1.36202854491545e-09,1.07621209333627e-07,1.07621209333627e-07,"HTR2A/KLF2/MAS1/NOS1/ITGB1BP1/AVPR2/UTS2B/PECAM1/LEP/SVEP1/ADRA2B/PER2/ITGA1/ADD3/KAT2B/AVP/KCNMB2/ADRA2A/HBB/EDN3/RGS2/ACE2/EDN1/TACR1/ADRB3/ADRB2/CPS1/NPR1/EDNRB/OXTR/ITGA9/ADRB1/CAV1/ADRA1A/ADM/AVPR1A",36
"GO:0035296","regulation of tube diameter","36/1767","129/18842",0.27906976744186,2.97579658072413,7.24361349617984,1.36202854491545e-09,1.07621209333627e-07,1.07621209333627e-07,"HTR2A/KLF2/MAS1/NOS1/ITGB1BP1/AVPR2/UTS2B/PECAM1/LEP/SVEP1/ADRA2B/PER2/ITGA1/ADD3/KAT2B/AVP/KCNMB2/ADRA2A/HBB/EDN3/RGS2/ACE2/EDN1/TACR1/ADRB3/ADRB2/CPS1/NPR1/EDNRB/OXTR/ITGA9/ADRB1/CAV1/ADRA1A/ADM/AVPR1A",36
"GO:0097746","blood vessel diameter maintenance","36/1767","129/18842",0.27906976744186,2.97579658072413,7.24361349617984,1.36202854491545e-09,1.07621209333627e-07,1.07621209333627e-07,"HTR2A/KLF2/MAS1/NOS1/ITGB1BP1/AVPR2/UTS2B/PECAM1/LEP/SVEP1/ADRA2B/PER2/ITGA1/ADD3/KAT2B/AVP/KCNMB2/ADRA2A/HBB/EDN3/RGS2/ACE2/EDN1/TACR1/ADRB3/ADRB2/CPS1/NPR1/EDNRB/OXTR/ITGA9/ADRB1/CAV1/ADRA1A/ADM/AVPR1A",36
"GO:0034329","cell junction assembly","88/1767","490/18842",0.179591836734694,1.91503643902383,6.60213837003674,1.69644566076023e-09,1.32014316873705e-07,1.32014316873705e-07,"PCDHB4/MYOC/LIMCH1/NTRK3/FERMT2/MYCBP2/NRXN1/NECTIN3/SHANK3/DMTN/CBLN1/KDR/ADGRL2/CDH8/LRRTM4/GPM6B/GPBAR1/CORO2B/GABRE/IL1RAPL2/PLXNA4/DST/ARHGAP6/SFRP1/ITGB1BP1/EPHA2/CDH22/PECAM1/FRMPD2/SLITRK2/CRTAC1/NRP1/ARMCX5-GPRASP2/CDH12/ANK2/MPDZ/CLDN5/MAP1B/GABRA2/CBLN4/CDH13/RELN/DRD2/FAM107A/EPHB1/GABRG1/PHLDB2/SNCA/LRFN5/HTR4/CCDC141/GABRA4/CDH5/ACE2/FZD5/COL17A1/PRKCA/CLDN11/LAMA3/NEGR1/TEK/ADGRL3/NPAS4/SLITRK3/ESAM/ARHGEF15/NLGN1/ACVRL1/VLDLR/TSPAN11/ZDHHC2/SORBS1/DLC1/CDH20/THSD1/LRP4/CLDN19/LAMC1/ST8SIA2/NLGN4X/CAV1/LRRTM2/TLN2/MEF2C/APOD/EGFLAM/MARK1/JAM3",88
"GO:0051896","regulation of phosphatidylinositol 3-kinase/protein kinase B signal transduction","57/1767","265/18842",0.215094339622642,2.29360925136945,6.82225820927473,1.84026880225049e-09,1.41068963706843e-07,1.41068963706843e-07,"MYOC/NTRK3/FERMT2/CX3CR1/EGF/NRXN1/AKR1C3/LAMA1/KDR/IGF1/PPP1R16B/FGF2/BANK1/KIT/MIR126/MIR145/GFRAL/ITGB1BP1/SPRY2/PECAM1/PRKD1/CX3CL1/PIP5K1B/TWIST1/LEP/EGFR/CALCR/ADRA2B/CSF3/PDE3B/SEMA5A/AKR1C2/RELN/DRD2/NTRK2/HBEGF/ADRA2A/PDGFRA/MSTN/CCL21/DCN/IRS2/PROS1/KLF4/DAB2IP/TEK/HGF/PPARA/ANGPT1/TCF7L2/SELP/DDR2/RAPGEF3/P2RY12/PDGFA/PDGFD/TYRO3",57
"GO:0050817","coagulation","50/1767","220/18842",0.227272727272727,2.42347070021094,6.83182298276458,2.59224311751419e-09,1.95790597816954e-07,1.95790597816954e-07,"HTR2A/ADAMTS18/SERPIND1/C1QTNF1/TLR4/SERPING1/EMILIN2/IL6/CSRP1/F3/ANGPTL2/THBD/PEAR1/PRRG3/ANGPTL1/MMRN1/PRRG1/SVEP1/CD36/ADRA2B/ANGPTL7/ANGPTL4/ADRA2A/F8/RASA3/PDGFRA/HBB/EDN1/SAA1/PROS1/ANGPT4/F10/FBLN1/PRKCA/PF4/MYL9/PLA2G4A/F13A1/ANGPT1/STXBP1/SELP/CAV1/DGKI/P2RY12/ANO6/VWF/PDGFA/CTSG/TYRO3/TFPI",50
"GO:0086001","cardiac muscle cell action potential","28/1767","87/18842",0.32183908045977,3.43185735937917,7.31356428679905,2.77142148728895e-09,2.06290155923421e-07,2.06290155923421e-07,"ATP1A2/DMD/SCN4A/SCN5A/KCNIP2/NOS1/SCN3A/SCN2A/SCN2B/ANK2/CACNA2D1/KCNJ2/SCN7A/HCN1/SCN3B/SCN4B/BIN1/KCNA5/CASQ2/TBX18/KCNJ8/KCNE1/SCN9A/CAV1/CACNA1G/CTNNA3/CAV3/SCN11A",28
"GO:0010594","regulation of endothelial cell migration","52/1767","234/18842",0.222222222222222,2.36961579576181,6.78182735034714,2.87743534276282e-09,2.09073184328823e-07,2.09073184328823e-07,"MIR221/SERPINF1/EGF/FGFBP1/STAT5A/KDR/PTN/PTPRM/FGF2/MET/MIR126/FGF16/TGFBR3/MIR205/SLIT2/ITGB1BP1/EPHA2/MMRN2/PRKD1/NRP1/BMPER/MMRN1/PTGS2/ADAMTS9/ATOH8/MIR27B/SEMA5A/ANXA1/MIR10B/SASH1/RGCC/ANXA3/DCN/FLT4/EDN1/ANGPT4/KLF4/PROX1/DAB2IP/PRKCA/MEOX2/TEK/CRIPTO/ACVRL1/ANGPT1/RHOJ/ATP2B4/FGF1/PPARG/MEF2C/PLPP3/GPLD1",52
"GO:0051897","positive regulation of phosphatidylinositol 3-kinase/protein kinase B signal transduction","45/1767","188/18842",0.23936170212766,2.5523787161796,6.88145875973362,2.89022509488833e-09,2.09073184328823e-07,2.09073184328823e-07,"MYOC/NTRK3/FERMT2/CX3CR1/EGF/NRXN1/AKR1C3/LAMA1/KDR/IGF1/FGF2/KIT/MIR126/GFRAL/ITGB1BP1/SPRY2/PECAM1/PRKD1/CX3CL1/LEP/EGFR/CALCR/ADRA2B/CSF3/SEMA5A/AKR1C2/RELN/NTRK2/HBEGF/ADRA2A/PDGFRA/CCL21/DCN/IRS2/PROS1/TEK/HGF/ANGPT1/TCF7L2/SELP/DDR2/P2RY12/PDGFA/PDGFD/TYRO3",45
"GO:0086002","cardiac muscle cell action potential involved in contraction","23/1767","62/18842",0.370967741935484,3.95572959453785,7.49898775031273,3.21151659587075e-09,2.2908818383878e-07,2.2908818383878e-07,"SCN4A/SCN5A/NOS1/SCN3A/SCN2A/SCN2B/ANK2/CACNA2D1/KCNJ2/SCN7A/SCN3B/SCN4B/BIN1/KCNA5/CASQ2/KCNJ8/KCNE1/SCN9A/CAV1/CACNA1G/CTNNA3/CAV3/SCN11A",23
"GO:0003014","renal system process","34/1767","122/18842",0.278688524590164,2.97173128484882,7.02853179522312,4.03036255406878e-09,2.83560850379414e-07,2.83560850379414e-07,"SLC5A4/AKR1C3/AQP4/CLCNKB/ABCG2/JCHAIN/AVPR2/SGK1/SLC22A12/KIRREL1/AQP1/ADCY5/ADCY4/SPX/AVP/HBB/ADIPOQ/PRKAR2B/IGHA2/MCAM/EDN1/TACR1/CD34/KLHL3/NPR1/NPR3/CLDN19/EDNRB/PCSK5/GSN/PDE1C/ADM/IGHA1/SCN11A",34
"GO:0006942","regulation of striated muscle contraction","31/1767","105/18842",0.295238095238095,3.14820384294068,7.1008445235395,4.24304150330585e-09,2.94490015688903e-07,2.94490015688903e-07,"ATP1A2/DMD/SCN4A/SCN5A/NOS1/JPH4/GSTM2/PRKD1/MYL3/ANK2/JPH2/KCNJ2/BIN1/ADGRD1/RGS2/ACE2/TRDN/CASQ2/SLC8A3/KBTBD13/HRC/ADRB3/CLIC2/TNNT3/ADRB2/PLN/CAV1/ADRA1A/MYL2/CTNNA3/CAV3",31
"GO:0033002","muscle cell proliferation","48/1767","211/18842",0.227488151658768,2.42576782883673,6.69980016388569,5.19538070865861e-09,3.55779670928942e-07,3.55779670928942e-07,"MIR221/YAP1/ZFPM2/JUN/IGF1/IL6/MYOCD/FGF2/IL13/MIR145/TGFBR3/CCN3/CX3CL1/ADAMTS1/BMP2/PDE1A/MIR27B/CDH13/EPHB1/ELANE/HBEGF/ADIPOQ/RGCC/MSTN/ACE2/MIR222/EDN1/KLF4/PRKCA/TACR1/RBP4/ANGPT1/NPR1/S1PR1/TCF7L2/RBPMS2/DDR2/NRG1/OGN/NR4A3/PPARGC1A/PIK3R1/PPARG/MEF2C/CNN1/APOD/PDGFD/FOS",48
"GO:0071375","cellular response to peptide hormone stimulus","64/1767","325/18842",0.196923076923077,2.09984415132123,6.43394598073655,7.86759398621209e-09,5.31683719910333e-07,5.31683719910333e-07,"CRHR2/STAT5A/IGF1/MGARP/KLF2/MAS1/TBC1D4/TRARG1/G6PC1/ECHDC3/MIR145/KLF15/PRKD1/SLC22A12/LEP/LHCGR/LPIN1/MAP1B/GLP2R/KANK1/PDE3B/CPEB1/STAT5B/GHR/ADCY5/IGFBP1/ADCY4/KAT2B/PCK1/CAV2/CYP11A1/ADIPOQ/TNS2/MSTN/PRKAR2B/PID1/FOXO1/EDN1/IRS2/FOXO4/KLF4/PRKCA/HMGCS2/NR4A1/SIK2/KLF11/SORBS1/CPS1/RARRES2/SOCS2/PLA2G2A/CRHBP/CA3/PDK4/SLC2A4/DDR2/CAV1/NR4A3/PIK3R1/PPARG/RHOQ/GPLD1/FOS/FFAR3",64
"GO:0016042","lipid catabolic process","67/1767","347/18842",0.193083573487032,2.05890248536653,6.40447346430974,8.07134541998106e-09,5.37007877110256e-07,5.37007877110256e-07,"FABP4/AKR1D1/CYP7A1/PLCXD3/ENDOU/AKR1C3/PLCH2/ABCD2/MGLL/PLAAT3/CYP1A2/PLD1/ACACB/PCCA/ENPP6/LIPE/AADAC/FABP9/CYP39A1/ECHDC1/TWIST1/ACADL/LEP/CYP3A4/LPIN1/PLCZ1/PDE3B/PNPLA2/CES1/NUDT7/HCAR2/ACADS/CIDEC/ADRA2A/ENPP2/ADIPOQ/HSD11B1/PLIN1/LPL/IRS2/ACAA2/ABCB11/ABHD6/ADRB3/PLA2G4A/CYP46A1/SCARF1/CIDEA/PPARA/CPS1/RARRES2/PLA2G2A/HCAR3/PLPP1/PLA2G5/EHHADH/HSD17B11/LIPJ/GPIHBP1/STS/HADH/CYP26B1/PLPP3/ALK/GPLD1/CYP1A1/ADHFE1",67
"GO:0006941","striated muscle contraction","51/1767","234/18842",0.217948717948718,2.32404626122793,6.55618398627323,8.1554934607866e-09,5.37007877110256e-07,5.37007877110256e-07,"ATP1A2/DMD/SCN4A/SCN5A/NOS1/JPH4/GSTM2/SCN3A/SCN2A/SCN2B/STAC2/PRKD1/MYL3/ANK2/CACNA2D1/JPH2/KCNJ2/SCN7A/SCN3B/SCN4B/BIN1/ADGRD1/RGS2/ACE2/KCNA5/TRDN/CASQ2/MYH3/ACTC1/SLC8A3/KCNJ8/KBTBD13/HRC/ADRB3/CLIC2/TNNT3/ADRB2/RYR3/SYNM/PLN/KCNE1/CA3/SCN9A/CAV1/GSN/ADRA1A/MYL2/CACNA1G/CTNNA3/CAV3/SCN11A",51
"GO:0010876","lipid localization","83/1767","468/18842",0.177350427350427,1.89113568315606,6.2799299307786,8.98253801708136e-09,5.83978674123163e-07,5.83978674123163e-07,"SLC10A6/FABP4/ABCA8/EGF/RILP/PMP2/EEPD1/AKR1C1/SLCO1B3-SLCO1B7/C1QTNF1/GALR1/ABCD2/IL6/RBP7/SLC51B/ACSL4/ABCG2/ACACB/MIR145/PLTP/APOB/FABP9/C3/LRP1/NMB/ECRG4/LEP/ABCA1/CD36/PLA2R1/ESYT1/SLC27A6/SLCO1A2/MIR27B/XKR4/DRD2/PNPLA2/CES1/SPX/CIDEC/PLPPR4/TAC1/ATP8B4/MIR10B/ADIPOQ/ABCA10/ABCA9/ABCG8/TTPA/APOL5/LPL/EDN1/IRS2/PRKN/SLC22A11/ABCB11/RBP4/GULP1/CRY2/ABCA5/ANO3/PLA2G4A/SLCO1C1/VLDLR/HSD17B13/CIDEA/PPARA/BMP6/APOLD1/ACSL1/PLA2G2A/PTCH1/LPA/PLA2G5/PLSCR4/ABCB1/CAV1/CETP/THRSP/ANO6/ABCA6/PPARG/APOD",83
"GO:0007610","behavior","74/1767","400/18842",0.185,1.9727051499717,6.3255325580796,9.26175889340903e-09,5.9460492095686e-07,5.9460492095686e-07,"HTR2A/ATP1A2/CX3CR1/SERPINF1/EIF4EBP2/NRXN1/SHANK3/PTN/PTCHD1/PENK/FGF2/KIT/SCN3A/GNAI1/PTPRZ1/MRAP2/SCN2A/GFRAL/NEDD9/CXCL12/NTF4/DMRT3/LEP/EGFR/ARMCX5-GPRASP2/MME/SLC24A4/CLDN5/RELN/DRD2/NTRK2/KAT2B/PRNP/AVP/SNCA/TAC1/HCN1/ATP1B2/S100B/ACSS2/FOSB/ACE2/PRKN/SLC8A3/EGR1/PRKCA/TACR1/ADRB3/GPR88/OPN4/NPAS4/NPY2R/NLGN1/VLDLR/LEPR/PPARA/GRIN2B/CRHBP/PLN/HCRTR1/FOXP2/EDNRB/NR3C1/ADRB1/NLGN4X/SLC2A4/RAPGEF3/NR4A3/KCNA2/ARC/MEF2C/AVPR1A/SCN11A/FOS",74
"GO:0007517","muscle organ development","53/1767","251/18842",0.211155378486056,2.25160704099279,6.42160186794833,1.32016015136862e-08,8.26871041149905e-07,8.26871041149905e-07,"DMD/ZFPM2/CAPN3/IGF1/ITGA7/MYOCD/FHL1/LAMA2/POU6F1/KY/EGR2/MIR145/TGFBR3/RCAN1/MYOZ2/SGCA/TWIST1/MYL3/KLHL40/SGCB/BMP2/MYOM1/EPHB1/JPH2/HBEGF/CFL2/EGR3/MYLK/CAV2/SGCG/S100B/MSTN/PAX3/TAGLN/FOXO4/DES/MYH3/ACTC1/PROX1/FGF8/UTRN/S1PR1/FOXP2/POPDC1/CAV1/MYMX/TCF21/NRG1/MYL2/CAV3/MEF2C/CYP26B1/SCN11A",53
"GO:0110053","regulation of actin filament organization","53/1767","251/18842",0.211155378486056,2.25160704099279,6.42160186794833,1.32016015136862e-08,8.26871041149905e-07,8.26871041149905e-07,"MYOC/LIMCH1/CAPZA3/FERMT2/SHANK3/DMTN/KANK3/ARHGAP6/SFRP1/PLEKHH2/SLIT2/SYNPO2/ITGB1BP1/CXCL12/CX3CL1/NRP1/CCL24/KANK1/CSF3/PTGER4/SEMA5A/SYNPO/ADD3/CYRIA/PHLDB2/CFL2/TAC1/RGCC/BIN1/TENM1/TMOD2/CCL21/TMEFF2/PRKN/SPTA1/TACR1/LMOD1/ESAM/TMOD1/ARHGEF15/DLC1/SPTB/S1PR1/FHOD3/DAAM2/KANK2/PAK3/WASF3/RAPGEF3/GSN/EPS8/PIK3R1/SPTBN1",53
"GO:0050900","leukocyte migration","67/1767","352/18842",0.190340909090909,2.02965671142666,6.27314352715622,1.46021138271775e-08,8.95431539254976e-07,8.95431539254976e-07,"CX3CR1/BMP5/PTN/DEFB124/ITGA7/IL6/JAM2/DSG4/KIT/VEGFD/ICAM2/GNAI1/CCL13/SLIT2/C3/NEDD9/CXCL12/CCN3/PECAM1/CX3CL1/LYVE1/IL33/LEP/CCL2/CCL16/SIRPA/CXCR2/CCL24/CXCL3/DUSP1/CD200/PTGER4/PF4V1/SELE/ELANE/ANXA1/PPBP/XG/CCL23/GPR15/MSTN/EDN3/CCL21/CH25H/EDN1/SAA1/TACR1/PF4/MRGPRX2/IL34/BST1/CD34/RARRES2/S1PR1/EDNRB/CCL28/SELP/HOXA7/EPS8/P2RY12/ANO6/CD209/CTSG/DPP4/APOD/PDGFD/JAM3",67
"GO:0016101","diterpenoid metabolic process","28/1767","93/18842",0.301075268817204,3.21044720716116,6.8742046945917,1.4644908352301e-08,8.95431539254976e-07,8.95431539254976e-07,"ADH1A/AKR1C1/AKR1C3/CYP1A2/ADH1B/LIPE/LRP1/ALDH1A1/CYP3A4/ALDH1A3/DHRS9/RPE65/ADH4/PNPLA2/CES1/DHRS3/LPL/DGAT2/RBP4/ADH6/RARRES2/PECR/ALDH1A2/ADH1C/CYP26B1/RETSAT/RDH5/CYP1A1",28
"GO:0002040","sprouting angiogenesis","45/1767","198/18842",0.227272727272727,2.42347070021094,6.47741128689591,1.59945203130753e-08,9.66445368564172e-07,9.66445368564172e-07,"MIR221/FGFBP1/KDR/PPP1R16B/KLF2/FGF2/VEGFD/MIR126/ADGRA2/TGFBR3/MIR205/SLIT2/ITGB1BP1/CCBE1/RECK/MMRN2/PARVA/NRP1/SEMA6A/BMPER/MMRN1/PTGS2/ADAMTS9/MIR27B/SEMA5A/CDH13/ANXA1/EGR3/NGFR/RSPO3/MIR10B/CDH5/FLT4/MIR222/KLF4/MEOX2/CLEC14A/NR4A1/TEK/CRIPTO/ACVRL1/ANGPT1/RHOJ/FGF1/GPLD1",45
"GO:0086003","cardiac muscle cell contraction","27/1767","88/18842",0.306818181818182,3.27168544528477,6.87119809155644,1.68590982090344e-08,1.00684102792559e-06,1.00684102792559e-06,"ATP1A2/SCN4A/SCN5A/NOS1/SCN3A/SCN2A/SCN2B/ANK2/CACNA2D1/KCNJ2/SCN7A/SCN3B/SCN4B/BIN1/KCNA5/CASQ2/KCNJ8/ADRB2/PLN/KCNE1/SCN9A/CAV1/GSN/CACNA1G/CTNNA3/CAV3/SCN11A",27
"GO:0030239","myofibril assembly","23/1767","67/18842",0.343283582089552,3.66052589345294,7.01786180540269,1.7991659149003e-08,1.0621282918308e-06,1.0621282918308e-06,"MYH11/CAPN3/PGM5/CSRP1/PRKD1/MYOM3/MYOZ2/FLNC/MYOM1/PDGFRA/TMOD2/MYOM2/EDN1/MYH3/ACTC1/PROX1/MYL9/LMOD1/TNNT3/TMOD1/FHOD3/MYL2/CAV3",23
"GO:0060326","cell chemotaxis","61/1767","311/18842",0.196141479099678,2.09150976185407,6.24378994490508,2.04896618913213e-08,1.19585117583893e-06,1.19585117583893e-06,"CX3CR1/ACKR4/KDR/PTN/CXCL2/DEFB124/IL6/FGF2/MET/KIT/VEGFD/FGF16/CCL13/SLIT2/ACKR3/EPHA2/C3/NEDD9/CXCL12/CCN3/PRKD1/CX3CL1/PARVA/NRP1/CCL2/CCL16/CXCR2/CCL24/CXCL3/DUSP1/ITGA1/PF4V1/SEMA5A/EPHB1/ANXA1/HBEGF/PPBP/EGR3/PDGFRA/CCL23/CCL14/MSTN/EDN3/CCL21/CH25H/EDN1/SAA1/NR4A1/PF4/HGF/IL34/BST1/RARRES2/EDNRB/CCL28/FGF1/ANO6/CTSG/DPP4/PDGFD/JAM3",61
"GO:0001523","retinoid metabolic process","27/1767","89/18842",0.303370786516854,3.23492493466359,6.79848996374276,2.20564302528299e-08,1.2619410136101e-06,1.2619410136101e-06,"ADH1A/AKR1C1/AKR1C3/CYP1A2/ADH1B/LIPE/LRP1/ALDH1A1/CYP3A4/ALDH1A3/DHRS9/RPE65/ADH4/PNPLA2/CES1/DHRS3/LPL/DGAT2/RBP4/ADH6/RARRES2/ALDH1A2/ADH1C/CYP26B1/RETSAT/RDH5/CYP1A1",27
"GO:0001667","ameboidal-type cell migration","45/1767","200/18842",0.225,2.39923599320883,6.39955251934342,2.21134523412984e-08,1.2619410136101e-06,1.2619410136101e-06,"CER1/MIR221/DMTN/HAS1/FGF2/KIT/MIR145/CRB2/GPC3/ITGB1BP1/ZEB2/CCN3/FGF7/NRP1/TNS1/SEMA3G/SEMA6A/CYGB/SEMA6D/SEMA3D/KANK1/AMOTL2/SEMA5A/ACVR1C/NODAL/SEMA3A/HBEGF/TAC1/ACTA2/ENPP2/EPB41L4B/SASH1/MSTN/AKAP12/AMOTL1/MIR222/EDN1/FAT2/DAB2IP/GFAP/TACR1/DAAM2/KANK2/DDR2/SOX10",45
"GO:0014706","striated muscle tissue development","56/1767","277/18842",0.202166064981949,2.15575155426706,6.2337127670884,2.59990696562394e-08,1.46737606323567e-06,1.46737606323567e-06,"DMD/YAP1/MYH11/ALPK3/ZFPM2/BMP5/MYL7/SCN5A/MSX1/IGF1/MYOCD/PGM5/FGF2/EGR2/TGFBR3/RCAN1/MYOZ2/TWIST1/MYL3/KLHL40/BMP2/ADAMTS9/SORBS2/MYOM1/EPHB1/JPH2/CFL2/CAV2/PDGFRA/SGCG/S100B/MSTN/RGS2/MIR222/EDN1/TBX18/ACTC1/PROX1/AKAP6/FZD7/RBP4/FGF8/PPARA/S1PR1/FHOD3/FOXP2/POPDC1/CAV1/TCF21/NRG1/MYL2/CACNA1G/CAV3/MEF2C/CYP26B1/SGCZ",56
"GO:0001936","regulation of endothelial cell proliferation","40/1767","169/18842",0.236686390532544,2.52385114341494,6.40130827216325,3.01284967325174e-08,1.6819560784588e-06,1.6819560784588e-06,"TNMD/EGF/FGFBP1/STAT5A/KDR/PTPRM/PPP1R16B/FGF2/F3/MIR126/TIE1/MIR205/CXCL12/MMRN2/PRKD1/NRP1/LEP/CCL2/CCL24/ATOH8/MIR27B/SEMA5A/CDH13/EGR3/NGFR/CAV2/MIR10B/RGCC/FLT4/MIR222/PROX1/PRKCA/NR4A1/TEK/ACVRL1/COL4A3/BMP6/CAV1/PPARG/MEF2C",40
"GO:0070374","positive regulation of ERK1 and ERK2 cascade","43/1767","189/18842",0.227513227513228,2.42603521947042,6.3383570777109,3.20523914090518e-08,1.75900174693064e-06,1.75900174693064e-06,"HTR2A/FERMT2/NRXN1/KDR/IGF1/GPBAR1/PDE8B/FGF2/IL13/MIR126/ACKR3/SPRY2/CX3CL1/NRP1/BMPER/EGFR/CALCR/CD36/BMP2/MARCO/MIR27B/DRD2/NODAL/ACTA2/PDGFRA/ALKAL2/AKAP12/CCL21/FLT4/MTURN/PRKCA/TEK/ADRB3/ANGPT1/PLA2G2A/PLA2G5/FGF1/DDR2/NRG1/FFAR4/ADRA1A/PDGFA/PDGFD",43
"GO:0003044","regulation of systemic arterial blood pressure mediated by a chemical signal","19/1767","49/18842",0.387755102040816,4.13473776607417,7.06791133284891,3.21935677981853e-08,1.75900174693064e-06,1.75900174693064e-06,"MAS1/AVPR2/MME/CMA1/EDN3/ACE2/EDN1/TACR1/ADRB3/ADRB2/RASL10B/EDNRB/OXTR/ADRB1/PCSK5/PDE1C/ADRA1A/AVPR1A/CTSG",19
"GO:0048659","smooth muscle cell proliferation","39/1767","163/18842",0.239263803680982,2.55133479850428,6.39900454915593,3.25968051740991e-08,1.7622862249913e-06,1.7622862249913e-06,"MIR221/JUN/IGF1/IL6/MYOCD/FGF2/IL13/MIR145/CCN3/CX3CL1/ADAMTS1/BMP2/PDE1A/MIR27B/CDH13/ELANE/HBEGF/ADIPOQ/RGCC/ACE2/MIR222/EDN1/KLF4/PRKCA/TACR1/NPR1/S1PR1/TCF7L2/RBPMS2/DDR2/OGN/NR4A3/PPARGC1A/PIK3R1/PPARG/MEF2C/CNN1/APOD/PDGFD",39
"GO:0055074","calcium ion homeostasis","44/1767","196/18842",0.224489795918367,2.39379554877978,6.30992449274741,3.39248663695354e-08,1.81498035077014e-06,1.81498035077014e-06,"HTR2A/DMTN/SLC25A27/ALPL/TRPC6/MICU3/NT5E/CCL13/CNR1/CXCL12/TRPC1/PTH1R/ATP13A5/ANK2/SLC24A4/SV2B/DRD2/JPH2/ELANE/C19orf12/CAV2/CCL23/CCL14/EDN3/CDH5/TRDN/RGN/EDN1/ABCC6/CASQ2/CDH23/SLC8A3/TMEM178A/BOK/ATP13A4/HRC/CALB2/RYR3/ATP2B4/PLN/HCRTR1/DHRS7C/CAV1/CAV3",44
"GO:0040008","regulation of growth","83/1767","482/18842",0.172199170124481,1.8362064309482,5.98260841171741,3.53756541532439e-08,1.87308618279444e-06,1.87308618279444e-06,"MYCBP2/YAP1/PAPPA2/CDKN2C/ZFPM2/CAPN3/STAT5A/MSX1/SCGB3A1/IGF1/PRDM11/FHL1/FGF2/SGK2/ACSL4/PLXNA4/ACACB/SFRP1/TGFBR3/SLIT2/TEAD1/SGK1/BCL6/CXCL12/CCN3/JADE1/KIF26A/NRP1/SEMA3G/LEP/EGFR/SLIT3/KRT17/SEMA6D/MAP1B/MT1M/STAT5B/GHR/SEMA5A/RGMA/IGFBP1/FAM107A/SEMA3A/CPNE8/HBEGF/AVP/PAK5/MT1X/IL17B/TMEM196/MSTN/OSTN/RGS2/DUSP6/ISLR2/LTBP4/MIR222/EDN1/PRKN/PROX1/AKAP6/RBP4/MEG3/RPS6KA3/ACVRL1/CRYAB/ESR2/PPARA/NPR1/SOCS2/SOX17/PTCH1/PTCH2/VIM/NRG1/MYL2/CAV3/MEF2C/AVPR1A/HYAL1/SPAAR/RNF157/DCUN1D3",83
"GO:0055001","muscle cell development","37/1767","151/18842",0.245033112582781,2.61285450327378,6.40113946369297,3.74086574523312e-08,1.96051902729768e-06,1.96051902729768e-06,"DMD/MYH11/ALPK3/CAPN3/IGF1/PGM5/CSRP1/PRKD1/MYOM3/MYOZ2/KLHL40/ANK2/FLNC/SORBS2/MYOM1/CAV2/PDGFRA/BIN1/TMOD2/RGS2/MYOM2/EDN1/MYH3/TBX18/ACTC1/PROX1/AKAP6/MYL9/LMOD1/TNNT3/TMOD1/PPARA/FHOD3/ADM/MYL2/CAV3/SGCZ",37
"GO:1901654","response to ketone","44/1767","197/18842",0.223350253807107,2.38164430233928,6.27101822595869,3.97777158219981e-08,2.06361968143214e-06,2.06361968143214e-06,"KLF9/NTRK3/TXNIP/SERPINF1/PTGDR2/YAP1/AKR1C3/FGF2/GNAI1/SFRP1/TGFBR3/SLIT2/HOXA9/PRKD1/SLIT3/DUSP1/PTGER4/GHR/PTGFR/AQP1/ADCY5/AKR1C2/AVP/PCK1/HOXA10/MSTN/GNG2/FOSB/CCL21/EDN1/PRKN/PRKCA/HMGCS2/TACR1/CSN1S1/CPS1/PLN/NR3C1/CAV1/AVPR1A/SOX10/SCN11A/CYP1A1/FOS",44
"GO:0048660","regulation of smooth muscle cell proliferation","38/1767","160/18842",0.2375,2.53252688172043,6.26247927950892,6.00841074410687e-08,3.08591975817329e-06,3.08591975817329e-06,"MIR221/JUN/IGF1/IL6/MYOCD/FGF2/IL13/MIR145/CX3CL1/ADAMTS1/BMP2/PDE1A/MIR27B/CDH13/ELANE/HBEGF/ADIPOQ/RGCC/ACE2/MIR222/EDN1/KLF4/PRKCA/TACR1/NPR1/S1PR1/TCF7L2/RBPMS2/DDR2/OGN/NR4A3/PPARGC1A/PIK3R1/PPARG/MEF2C/CNN1/APOD/PDGFD",38
"GO:0086009","membrane repolarization","20/1767","56/18842",0.357142857142857,3.80831110033147,6.77036315584751,7.12890681446885e-08,3.62515499001109e-06,3.62515499001109e-06,"ATP1A2/SCN5A/KCNIP2/NOS1/SCN2B/KCNA1/ANK2/SLC24A4/CACNA2D1/KCNJ2/ATP1B2/SCN4B/KCNA5/CASQ2/KCNJ8/AKAP6/KCNE1/CAV1/CAV3/KCNIP1",20
"GO:0006874","intracellular calcium ion homeostasis","40/1767","175/18842",0.228571428571429,2.43731910421214,6.1450419503961,8.37398901501505e-08,4.21654976285464e-06,4.21654976285464e-06,"HTR2A/DMTN/SLC25A27/TRPC6/MICU3/CCL13/CNR1/CXCL12/TRPC1/PTH1R/ATP13A5/ANK2/SLC24A4/SV2B/DRD2/ELANE/C19orf12/CAV2/CCL23/CCL14/EDN3/CDH5/TRDN/RGN/EDN1/CASQ2/CDH23/SLC8A3/TMEM178A/BOK/ATP13A4/HRC/CALB2/RYR3/ATP2B4/PLN/HCRTR1/DHRS7C/CAV1/CAV3",40
"GO:0009410","response to xenobiotic stimulus","67/1767","368/18842",0.182065217391304,1.94141076745159,5.86695144939228,8.72733330259968e-08,4.35180425651961e-06,4.35180425651961e-06,"HTR2A/TXNIP/SULT1C4/AKR1C1/PTPRM/NOS1/GSTM2/CYP1A2/AOX1/ALDH2/DPYD/SFRP1/SULT1C3/ACSM2B/AADAC/ACSM1/SLC22A12/OTC/CYP3A4/ABCA1/MAP1B/SLCO1A2/MIR27B/CDH13/ADD3/DRD2/PDE2A/TGFBR2/SLC28A3/AVP/ADIPOQ/ABCG8/FOSB/DUSP6/EDN1/FMO2/ABCC6/AGPAT2/AOC2/PRKN/CYP2U1/ACTC1/CAT/HMGCS2/ABCB11/RBP4/ADCYAP1R1/FGF8/CYP46A1/SLC6A2/CPS1/ACSL1/CRHBP/PTCH1/ABCB1/C1orf115/GLYAT/ADRA1A/HADH/MEF2C/CYP26B1/ALDH3A1/GPLD1/SOX10/SCN11A/CYP1A1/FOS",67
"GO:0050886","endocrine process","26/1767","89/18842",0.292134831460674,3.11511290004642,6.43402988624891,9.38048023381756e-08,4.63251408470067e-06,4.63251408470067e-06,"C1QTNF1/GALR1/MAS1/AVPR2/ECRG4/LEP/MME/CMA1/HCAR2/TAC1/ADIPOQ/EDN3/ACE2/EDN1/TACR1/CRY2/BMP6/CRHBP/RASL10B/EDNRB/OXTR/PCSK5/PDE1C/PPARG/AVPR1A/CTSG",26
"GO:0050920","regulation of chemotaxis","43/1767","196/18842",0.219387755102041,2.33939110448933,6.06362729668939,9.72266244267355e-08,4.75577088624489e-06,4.75577088624489e-06,"NTRK3/MYCBP2/CX3CR1/KDR/PTN/DEFB124/IL6/FGF2/F3/PLXNA4/MET/VEGFD/FGF16/ADGRA2/SLIT2/NEDD9/CXCL12/CCN3/PRKD1/NRP1/ROBO3/NOVA2/CCL2/CXCR2/DUSP1/SEMA5A/CDH13/ELANE/PDGFRA/MSTN/EDN3/CCL21/EDN1/IL34/BST1/RARRES2/S1PR1/FGF1/P2RY12/ANO6/DPP4/PDGFD/JAM3",43
"GO:0006641","triglyceride metabolic process","28/1767","101/18842",0.277227722772277,2.95615435906918,6.34099369945704,1.04769861184256e-07,5.07639629285226e-06,5.07639629285226e-06,"FABP4/AGMO/MGLL/PLAAT3/LIPE/APOB/AADAC/FABP9/C3/MOGAT1/LPIN1/PNPLA2/GPAT3/CIDEC/PCK1/PLIN1/LPL/AGPAT2/DGAT2/CPS1/ACSL1/GPAM/CAV1/CETP/THRSP/GPIHBP1/CAV3/GPLD1",28
"GO:0006869","lipid transport","77/1767","447/18842",0.172259507829978,1.83684982825831,5.76024943737628,1.08601133246162e-07,5.2128543958158e-06,5.2128543958158e-06,"SLC10A6/FABP4/ABCA8/EGF/RILP/PMP2/EEPD1/AKR1C1/SLCO1B3-SLCO1B7/C1QTNF1/GALR1/ABCD2/RBP7/SLC51B/ACSL4/ABCG2/MIR145/PLTP/APOB/FABP9/LRP1/NMB/ECRG4/LEP/ABCA1/CD36/PLA2R1/ESYT1/SLC27A6/SLCO1A2/MIR27B/XKR4/DRD2/CES1/SPX/CIDEC/PLPPR4/TAC1/ATP8B4/ADIPOQ/ABCA10/ABCA9/ABCG8/TTPA/APOL5/EDN1/IRS2/PRKN/SLC22A11/ABCB11/RBP4/GULP1/CRY2/ABCA5/ANO3/PLA2G4A/SLCO1C1/VLDLR/HSD17B13/CIDEA/PPARA/BMP6/APOLD1/ACSL1/PLA2G2A/PTCH1/LPA/PLA2G5/PLSCR4/ABCB1/CAV1/CETP/THRSP/ANO6/ABCA6/PPARG/APOD",77
"GO:0031589","cell-substrate adhesion","62/1767","333/18842",0.186186186186186,1.98535377482746,5.8359655166292,1.15116006664525e-07,5.47440565026851e-06,5.4744056502685e-06,"MYOC/LIMCH1/FBLN2/FERMT2/NDNF/DMTN/KDR/ITGA7/GPM6B/CORO2B/ARHGAP6/SFRP1/ITGB1BP1/NEDD9/CX3CL1/PARVA/LYVE1/NRP1/VIT/SVEP1/CD36/CCDC80/KANK1/ADAMTS9/ITGA1/CDH13/FAM107A/EPHB1/PHLDB2/ATP1B2/FREM1/LAMB3/SPOCK3/CCL21/FAT2/COL17A1/FBLN1/FZD7/TEK/EPDR1/LAMC3/ACVRL1/BST1/CD34/TSPAN11/SORBS1/ECM2/DLC1/FZD4/THSD1/UTRN/CCL28/LAMC1/ITGA9/POPDC1/HOXA7/PIK3R1/VWF/FBLN5/PLPP3/APOD/TYRO3",62
"GO:0015850","organic hydroxy compound transport","54/1767","275/18842",0.196363636363636,2.09387868498225,5.87833769387563,1.26024497401753e-07,5.92853959497443e-06,5.92853959497443e-06,"SLC10A6/HTR2A/ABCA8/EGF/RILP/EEPD1/AKR1C1/SLCO1B3-SLCO1B7/C1QTNF1/GALR1/SLC29A4/GPM6B/NOS1/SLC51B/MIR145/AQP7B/PLTP/APOB/AQP7/CXCL12/LRP1/NMB/ECRG4/ABCA1/CD36/ADRA2B/SLC16A7/SLCO1A2/MIR27B/AQP1/DRD2/CES1/VIP/SLC22A3/SNCA/SLC19A3/TAC1/ADRA2A/ADIPOQ/ABCG8/PRKN/ABCB11/RBP4/ABCA5/SLCO1C1/SLC6A2/BMP6/PTCH1/CAV1/KCNB1/CETP/KCNA2/PPARG/FFAR3",54
"GO:1905954","positive regulation of lipid localization","27/1767","96/18842",0.28125,2.99904499151104,6.31675120996487,1.27318229650586e-07,5.92853959497443e-06,5.92853959497443e-06,"ABCA8/EEPD1/C1QTNF1/GALR1/ACACB/PLTP/APOB/C3/LRP1/NMB/ECRG4/ABCA1/CD36/PLA2R1/CES1/TAC1/MIR10B/ADIPOQ/LPL/EDN1/ABCA5/BMP6/ACSL1/PTCH1/CAV1/CETP/PPARG",27
"GO:0002027","regulation of heart rate","28/1767","102/18842",0.274509803921569,2.92717245358811,6.27806438519382,1.31617509126322e-07,5.92853959497443e-06,5.92853959497443e-06,"DMD/SCN5A/SCN2B/ANK2/CACNA2D1/DRD2/KCNJ2/SPX/TAC1/HCN1/SCN3B/SCN4B/EDN3/BIN1/KCNA5/EDN1/CASQ2/HRC/PLN/KCNE1/EDNRB/ADRB1/CAV1/ADM/CACNA1G/CTNNA3/CAV3/AVPR1A",28
"GO:0061437","renal system vasculature development","14/1767","30/18842",0.466666666666667,4.97619317109979,7.01133165301853,1.32468489572908e-07,5.92853959497443e-06,5.92853959497443e-06,"OSR1/PECAM1/NRP1/AQP1/ACTA2/PDGFRA/EDN1/EGR1/TEK/CD34/ANGPT1/TCF21/PKD2/PDGFD",14
"GO:0061440","kidney vasculature development","14/1767","30/18842",0.466666666666667,4.97619317109979,7.01133165301853,1.32468489572908e-07,5.92853959497443e-06,5.92853959497443e-06,"OSR1/PECAM1/NRP1/AQP1/ACTA2/PDGFRA/EDN1/EGR1/TEK/CD34/ANGPT1/TCF21/PKD2/PDGFD",14
"GO:0010927","cellular component assembly involved in morphogenesis","30/1767","114/18842",0.263157894736842,2.8061239686653,6.2222029837824,1.32745726912395e-07,5.92853959497443e-06,5.92853959497443e-06,"MYH11/CAPN3/RFX2/PGM5/CSRP1/CCDC38/TPPP/PRKD1/MYOM3/MYOZ2/ANK2/FLNC/MYOM1/PDGFRA/TMOD2/MYOM2/EDN1/MYH3/ACTC1/PROX1/MYL9/LMOD1/TNNT3/TMOD1/PLN/FHOD3/CCDC136/MYL2/CAV3/ZPBP",30
"GO:0032989","cellular anatomical entity morphogenesis","30/1767","114/18842",0.263157894736842,2.8061239686653,6.2222029837824,1.32745726912395e-07,5.92853959497443e-06,5.92853959497443e-06,"MYH11/CAPN3/RFX2/PGM5/CSRP1/CCDC38/TPPP/PRKD1/MYOM3/MYOZ2/ANK2/FLNC/MYOM1/PDGFRA/TMOD2/MYOM2/EDN1/MYH3/ACTC1/PROX1/MYL9/LMOD1/TNNT3/TMOD1/PLN/FHOD3/CCDC136/MYL2/CAV3/ZPBP",30
"GO:0019722","calcium-mediated signaling","46/1767","219/18842",0.210045662100457,2.2397738343502,5.93648801556405,1.38957875926501e-07,6.12851518513536e-06,6.12851518513536e-06,"ATP1A2/DMD/CX3CR1/PTGDR2/ACKR4/IGF1/NOS1/JPH4/GSTM2/NMUR1/RCAN1/ACKR3/PRKD1/MYOZ2/RCAN2/CALCR/ANK2/CXCR2/SLC24A4/C10orf71/SELE/NR5A2/CDH13/JPH2/NFAT5/MCTP1/PRNP/HAP1/PDGFRA/TRDN/RGN/EDN1/CASQ2/AKAP6/HRC/CLIC2/NCALD/BST1/GRIN2B/RYR3/ATP2B4/EDNRB/GRIK1/P2RY12/PKD2/AVPR1A",46
"GO:0006813","potassium ion transport","47/1767","226/18842",0.207964601769911,2.21758292390983,5.92378757486551,1.39609866951098e-07,6.12851518513536e-06,6.12851518513536e-06,"HTR2A/ATP1A2/KCNJ16/KCNIP2/NOS1/FHL1/SLC1A3/FXYD6/LRRC38/KCNH5/KCNA1/ANK2/SLC24A4/KCNA4/FXYD2/AQP1/KCNT2/DRD2/KCNMB1/KCNJ2/KCNMB2/HCN1/ATP1B2/ADRA2A/SLC9A9/KCNH8/BIN1/KCNA5/KCNA6/KCNC4/CASQ2/ABCC9/KCNS1/KCNJ8/AKAP6/SLC17A7/FXYD1/DPP6/KCNE1/CAV1/KCNB1/KCNA2/ANO6/CAV3/PKD2/KCNAB1/KCNIP1",47
"GO:0006939","smooth muscle contraction","25/1767","85/18842",0.294117647058824,3.13625620027298,6.34996019986786,1.42546051636839e-07,6.20437729836277e-06,6.20437729836277e-06,"HTR2A/MYH11/MYOCD/KIT/MIR145/NMUR1/ADRA2B/DRD2/SPX/ADRA2A/MYLK/EDN3/RGS2/EDN1/TACR1/ADRB3/PROK2/ADRB2/ATP2B4/PTGER3/EDNRB/CAV1/ADRA1A/CNN1/SCN11A",25
"GO:0010595","positive regulation of endothelial cell migration","33/1767","133/18842",0.24812030075188,2.64577402759871,6.12717988370073,1.46225593796693e-07,6.31104747680518e-06,6.31104747680517e-06,"MIR221/EGF/FGFBP1/STAT5A/KDR/FGF2/MET/MIR126/FGF16/TGFBR3/ITGB1BP1/PRKD1/NRP1/PTGS2/ATOH8/MIR27B/SEMA5A/ANXA1/MIR10B/SASH1/ANXA3/FLT4/EDN1/ANGPT4/PROX1/PRKCA/TEK/CRIPTO/ANGPT1/RHOJ/FGF1/PLPP3/GPLD1",33
"GO:0048589","developmental growth","68/1767","381/18842",0.178477690288714,1.90315599344649,5.72911497968493,1.53516053602926e-07,6.57048709420524e-06,6.57048709420524e-06,"CER1/MYCBP2/YAP1/ZFPM2/CAPN3/STAT5A/PTN/IGF1/FGF2/PLXNA4/ACACB/TGFBR3/SLIT2/CXCL12/CCN3/FGF7/NRP1/SEMA3G/LEP/SLIT3/SEMA6D/MAP1B/STAT5B/GHR/SORBS2/SEMA5A/NR5A2/ACVR1C/RGMA/IGFBP1/SEMA3A/ANXA1/CPNE8/NPR2/S100B/MSTN/EDN3/OSTN/RGS2/DUSP6/GAS1/ISLR2/MIR222/EDN1/PRKN/PROX1/AKAP6/RBP4/LEPR/PPARA/LRP4/S1PR1/PTCH1/NRN1/ST8SIA2/FGF1/NLGN4X/DDR2/MYMX/VIM/NRG1/CAV3/MEF2C/FBLN5/SPAAR/RNF157/APOD/EYS",68
"GO:0008207","C21-steroid hormone metabolic process","15/1767","35/18842",0.428571428571429,4.56997332039777,6.80031646342887,1.90398682646222e-07,8.08171598405783e-06,8.08171598405783e-06,"AKR1D1/AKR1C1/AKR1C3/BMP5/DHRS9/HSD3B1/BMP2/AKR1C2/CYP11A1/EGR1/CYP46A1/BMP6/EDNRB/ADM/DKK3",15
"GO:0019229","regulation of vasoconstriction","20/1767","59/18842",0.338983050847458,3.61466816302648,6.47068113128323,1.92536875021333e-07,8.10548680417676e-06,8.10548680417676e-06,"HTR2A/AVPR2/LEP/SVEP1/ADRA2B/PER2/ADD3/AVP/KCNMB2/ADRA2A/EDN3/ACE2/EDN1/TACR1/OXTR/ITGA9/CAV1/ADRA1A/ADM/AVPR1A",20
"GO:0050679","positive regulation of epithelial cell proliferation","39/1767","174/18842",0.224137931034483,2.39004351813906,5.92575945767745,2.09339833392053e-07,8.69213818465441e-06,8.69213818465441e-06,"EGF/YAP1/FGFBP1/STAT5A/BMP5/KDR/PTN/SCN5A/IGF1/OSR1/PPP1R16B/GPBAR1/FGF2/F3/MIR126/CXCL12/PRKD1/FGF7/NRP1/EGFR/CCL24/MIR27B/SEMA5A/CDH13/NODAL/EGR3/MIR10B/FLT4/PROX1/PRKCA/TACR1/FZD7/NR4A1/TEK/ACVRL1/BMP6/TCF7L2/LAMC1/NR4A3",39
"GO:0051960","regulation of nervous system development","63/1767","346/18842",0.182080924855491,1.94157826040021,5.68650541634829,2.09856918788385e-07,8.69213818465441e-06,8.69213818465441e-06,"NTRK3/CX3CR1/SERPINF1/YAP1/NRXN1/SHANK3/CBLN1/PTN/IGF1/LRRTM4/IL6/NOS1/JAM2/KIT/EGR2/PTPRZ1/SLIT2/MIR125B1/TPPP/EFNB3/CXCL12/CX3CL1/SLITRK2/NRP1/SEMA3G/ROBO3/ARMCX5-GPRASP2/MME/MEST/CNTFR/BHLHE41/LPIN1/SEMA6D/BMP2/PER2/MAP1B/LGI4/SEMA5A/RELN/DRD2/RGMA/EPHB1/FEZF2/NTRK2/QKI/HAP1/KHDC3L/S100B/BIN1/ISLR2/GFAP/PRKCA/NEGR1/SLITRK3/IL34/NLGN1/FZD4/LRP4/DAAM2/ST8SIA2/VIM/DCT/SOX10",63
"GO:1905952","regulation of lipid localization","38/1767","168/18842",0.226190476190476,2.41193036354327,5.91342556902383,2.32926417399133e-07,9.57048063809559e-06,9.57048063809559e-06,"ABCA8/EGF/EEPD1/C1QTNF1/GALR1/IL6/ACSL4/ACACB/MIR145/PLTP/APOB/C3/LRP1/NMB/ECRG4/LEP/ABCA1/CD36/PLA2R1/MIR27B/PNPLA2/CES1/TAC1/MIR10B/ADIPOQ/LPL/EDN1/IRS2/PRKN/CRY2/ABCA5/PPARA/BMP6/ACSL1/PTCH1/CAV1/CETP/PPARG",38
"GO:0007015","actin filament organization","76/1767","448/18842",0.169642857142857,1.80894777265745,5.57456896769827,2.47640180070449e-07,1.00942854352526e-05,1.00942854352526e-05,"MYOC/LIMCH1/CAPZA3/FERMT2/SHANK3/DMTN/MYO7B/MYO1H/GAS2/CORO2B/KANK3/ARHGAP6/SFRP1/PLEKHH2/SLIT2/SYNPO2/ITGB1BP1/DIAPH2/ZEB2/NEDD9/CXCL12/CX3CL1/PARVA/NRP1/FSCN3/CCL24/KANK1/CSF3/PTGER4/SEMA5A/SYNPO/ADD3/SHROOM4/FAM107A/CYRIA/PHLDB2/CFL2/TAC1/KHDC3L/RGCC/BIN1/TENM1/TMOD2/CCL21/TMEFF2/PRKN/ACTC1/GAS2L2/PROX1/SPTA1/TACR1/MYL9/LMOD1/ESAM/TMOD1/ARHGEF15/SORBS1/DLC1/ARHGAP36/RHOJ/SPTB/S1PR1/FHOD3/DAAM2/KANK2/RND3/PAK3/WASF3/RAPGEF3/GSN/RHOU/EPS8/PIK3R1/RHOQ/CNN1/SPTBN1",76
"GO:0098771","inorganic ion homeostasis","70/1767","402/18842",0.174129353233831,1.85678849667903,5.58593771063987,2.68558313031637e-07,1.08607519348857e-05,1.08607519348857e-05,"HTR2A/ATP1A2/DMTN/TESC/SLC25A27/ALPL/TRPC6/MICU3/NT5E/CCL13/FXYD6/SCARA5/CNR1/CXCL12/TRPC1/PTH1R/OTC/TF/CYBRD1/SMAD9/ATP13A5/KCNA1/ANK2/BMP2/SLC24A4/SV2B/MT1M/DRD2/JPH2/ELANE/KCNJ2/C19orf12/SCN7A/SPX/PRNP/MT1X/ATP1B2/ACO1/CAV2/CCL23/CCL14/EDN3/CDH5/KCNA5/TRDN/RGN/EDN1/ABCC6/CASQ2/CDH23/SLC8A3/TMEM178A/BOK/ATP13A4/HRC/SLC17A7/ALAS2/FXYD1/BMP6/KLHL3/NPR1/CALB2/RYR3/ATP2B4/PLN/HCRTR1/EDNRB/DHRS7C/CAV1/CAV3",70
"GO:0006721","terpenoid metabolic process","29/1767","112/18842",0.258928571428571,2.76102554774032,6.01306187034746,3.10870260209412e-07,1.24736691909026e-05,1.24736691909026e-05,"ADH1A/AKR1C1/AKR1C3/CYP1A2/ADH1B/LIPE/LRP1/ALDH1A1/CYP3A4/ALDH1A3/DHRS9/RPE65/ADH4/PNPLA2/CES1/DHRS3/LPL/DGAT2/HMGCS2/RBP4/ADH6/RARRES2/PECR/ALDH1A2/ADH1C/CYP26B1/RETSAT/RDH5/CYP1A1",29
"GO:0072330","monocarboxylic acid biosynthetic process","47/1767","232/18842",0.202586206896552,2.16023164139492,5.72012348608318,3.14859852878944e-07,1.25358155378779e-05,1.25358155378779e-05,"AKR1D1/CYP7A1/PTGIS/AKR1C3/ABCD2/MGLL/GSTM2/CYP1A2/ACSL4/ACACB/ACSM2B/ACSM1/CYP39A1/ALDH1A1/ACADL/CYP3A4/ALDH1A3/DHRS9/PTGS2/PER2/ANGPTL4/ACSM3/CES1/KAT2B/SCD/AVP/ELOVL3/FADS3/ACSS2/LPL/EDN1/PROX1/ABCB11/PLA2G4A/CYP46A1/ACSL1/PECR/ALDH1A2/HOGA1/PDK4/EHHADH/ACSM2A/ACSM5/GPIHBP1/AVPR1A/CYP1A1/MLXIPL",47
"GO:0040013","negative regulation of locomotion","68/1767","389/18842",0.174807197943445,1.86401653856841,5.53927923855071,3.42123755598146e-07,1.35165200673237e-05,1.35165200673237e-05,"LIMCH1/MIR221/SERPINF1/BMP5/PTPRM/HAS1/PODN/EMILIN2/MYOCD/FGF2/MIR126/SFRP1/MIR145/TGFBR3/MIR205/SLIT2/ITGB1BP1/ZEB2/RECK/NEDD9/CXCL12/MMRN2/CCN3/LRP1/CX3CL1/IL33/MMRN1/ROBO3/CCL2/MITF/CYGB/CLDN5/DUSP1/KANK1/CD200/PTGER4/ADAMTS9/SEMA5A/ACVR1C/DRD2/PHLDB2/ELANE/NODAL/MCTP1/ATP1B2/NGFR/TMEM196/ADIPOQ/RGCC/SPOCK3/CCL21/DCN/TMEFF2/ANGPT4/KLF4/DAB2IP/FBLN1/MEOX2/ACVRL1/DLC1/ATP2B4/CLDN19/CCL28/HOXA7/PPARG/MEF2C/DPP4/APOD",68
"GO:0045834","positive regulation of lipid metabolic process","33/1767","138/18842",0.239130434782609,2.54991264978716,5.87853911768842,3.68545123751176e-07,1.44492195082904e-05,1.44492195082904e-05,"HTR2A/CYP7A1/PLCH2/ABCD2/GNAI1/AADAC/TWIST1/PTGS2/NR5A2/PNPLA2/CES1/KAT2B/QKI/AVP/PCK1/ADIPOQ/EDN1/IRS2/DGAT2/ABHD6/ADRB3/HSD17B13/PPARA/SORBS1/BMP6/FGF1/PPARGC1A/GPIHBP1/ADM/PPARG/AVPR1A/GPLD1/MLXIPL",33
"GO:0070098","chemokine-mediated signaling pathway","26/1767","95/18842",0.273684210526316,2.91836892741191,6.03000868540495,3.902788258956e-07,1.51853943166652e-05,1.51853943166652e-05,"CX3CR1/STAT5A/ACKR4/ACKR1/MAS1/GPR75/GNAI1/CCL13/SLIT2/ACKR3/CXCL12/CX3CL1/CCL2/ACKR5/CCL16/SLIT3/CXCR2/CCL24/ENTREP1/CCL23/CCL14/GPR17/CCL21/EDN1/MRGPRX2/MPL",26
"GO:1901343","negative regulation of vasculature development","36/1767","158/18842",0.227848101265823,2.42960606907223,5.8049688114442,3.96799994052043e-07,1.5323043379333e-05,1.5323043379333e-05,"ISM1/MIR221/SERPINF1/TNMD/PTPRM/KLF2/ECSCR/MIR145/MIR205/SPRY2/MIR125B1/SEMA6A/ADAMTS1/ADGRB3/CD36/CLDN5/ADAMTS9/PDE3B/ANGPTL7/QKI/RGCC/DCN/MIR222/HOXA5/FOXO4/ANGPT4/KLF4/DAB2IP/PF4/TEK/COL4A3/NPR1/ATP2B4/KLK3/PPARG/FBLN5",36
"GO:0048880","sensory system development","52/1767","271/18842",0.191881918819188,2.04608891589765,5.579888159494,4.5489078113704e-07,1.72448840173806e-05,1.72448840173806e-05,"DMD/SERPINF1/ADAMTS18/PTPRM/PLAAT3/FGF2/MAF/PTF1A/RP1L1/SPRY1/CRB2/MAB21L1/EPHA2/SPRY2/ZEB2/C3/NRP1/SGCA/TWIST1/CRYBG3/ALDH1A3/PMEL/SGCB/PER2/CPAMD8/RPE65/ANGPTL7/MYOM1/DRD2/SEMA3A/PDGFRA/SGCG/FZD5/PROX1/RBP4/OPN4/MEIS2/SLC17A7/TMOD1/ACVRL1/BMP6/FZD4/ATP2B4/CLDN19/ABCB5/EFEMP1/P2RY12/CHRDL1/SSPN/CYP1A1/FOS/MFAP5",52
"GO:0007611","learning or memory","39/1767","179/18842",0.217877094972067,2.32328252601227,5.72240061200192,4.5566134416854e-07,1.72448840173806e-05,1.72448840173806e-05,"HTR2A/SERPINF1/EIF4EBP2/NRXN1/SHANK3/PTN/KIT/PTPRZ1/SCN2A/NEDD9/NTF4/EGFR/ARMCX5-GPRASP2/MME/CLDN5/RELN/DRD2/NTRK2/KAT2B/PRNP/TAC1/S100B/ACSS2/SLC8A3/EGR1/PRKCA/TACR1/GPR88/NPAS4/VLDLR/GRIN2B/CRHBP/PLN/NLGN4X/SLC2A4/RAPGEF3/ARC/MEF2C/FOS",39
"GO:0006112","energy reserve metabolic process","24/1767","84/18842",0.285714285714286,3.04664888026518,6.04755202077957,4.56640230989829e-07,1.72448840173806e-05,1.72448840173806e-05,"EPM2A/GBE1/IGF1/STBD1/GABARAPL1/PYGL/G6PC1/GYS2/PPP1R1A/PHKG1/MRAP2/PGM1/LEP/PYGM/UGP2/PER2/ADGRF5/PID1/GYG2/IRS2/PPP1R3G/ADRB3/LEPR/SORBS1",24
"GO:0097529","myeloid leukocyte migration","43/1767","207/18842",0.207729468599034,2.21507563516864,5.65475352490083,4.84069500731619e-07,1.81473062464058e-05,1.81473062464058e-05,"CX3CR1/DEFB124/IL6/KIT/VEGFD/CCL13/SLIT2/CXCL12/CCN3/PECAM1/CX3CL1/CCL2/CCL16/SIRPA/CXCR2/CCL24/CXCL3/DUSP1/CD200/PTGER4/PF4V1/ANXA1/PPBP/XG/CCL23/MSTN/EDN3/CCL21/EDN1/SAA1/PF4/MRGPRX2/IL34/BST1/RARRES2/EDNRB/CCL28/P2RY12/ANO6/CTSG/DPP4/PDGFD/JAM3",43
"GO:0006638","neutral lipid metabolic process","31/1767","127/18842",0.244094488188976,2.60284569691946,5.83026847378346,5.09239558426198e-07,1.88162185041508e-05,1.88162185041508e-05,"FABP4/AGMO/MGLL/PLAAT3/LIPE/APOB/AADAC/FABP9/C3/MOGAT1/LPIN1/PNPLA2/GPAT3/CIDEC/PCK1/PLIN1/LPL/AGPAT2/DGAT2/ABHD6/PLA2G4A/CPS1/ACSL1/GPAM/CAV1/CETP/DGKI/THRSP/GPIHBP1/CAV3/GPLD1",31
"GO:0006639","acylglycerol metabolic process","31/1767","127/18842",0.244094488188976,2.60284569691946,5.83026847378346,5.09239558426198e-07,1.88162185041508e-05,1.88162185041508e-05,"FABP4/AGMO/MGLL/PLAAT3/LIPE/APOB/AADAC/FABP9/C3/MOGAT1/LPIN1/PNPLA2/GPAT3/CIDEC/PCK1/PLIN1/LPL/AGPAT2/DGAT2/ABHD6/PLA2G4A/CPS1/ACSL1/GPAM/CAV1/CETP/DGKI/THRSP/GPIHBP1/CAV3/GPLD1",31
"GO:0150063","visual system development","51/1767","265/18842",0.192452830188679,2.05217669859371,5.54898715511622,5.32315894153445e-07,1.94648615767864e-05,1.94648615767864e-05,"DMD/SERPINF1/ADAMTS18/PTPRM/PLAAT3/FGF2/MAF/PTF1A/RP1L1/SPRY1/CRB2/MAB21L1/EPHA2/SPRY2/ZEB2/C3/NRP1/SGCA/TWIST1/CRYBG3/ALDH1A3/PMEL/SGCB/PER2/CPAMD8/RPE65/ANGPTL7/MYOM1/DRD2/PDGFRA/SGCG/FZD5/PROX1/RBP4/OPN4/MEIS2/SLC17A7/TMOD1/ACVRL1/BMP6/FZD4/ATP2B4/CLDN19/ABCB5/EFEMP1/P2RY12/CHRDL1/SSPN/CYP1A1/FOS/MFAP5",51
"GO:0048545","response to steroid hormone","58/1767","317/18842",0.182965299684543,1.95100858893953,5.49319296742576,5.34374120390749e-07,1.94648615767864e-05,1.94648615767864e-05,"KLF9/NTRK3/ATP1A2/TXNIP/SERPINF1/YAP1/JUN/AKR1C3/MGARP/IL6/LMO3/ALPL/ZNF366/SFRP1/SLIT2/TP63/RHOXF1/CALCR/SLIT3/CDO1/ZFP36/DUSP1/NR3C2/PER1/GHR/AQP1/FAM107A/NODAL/ANXA1/PCK1/ZFP36L2/S100B/MSTN/FOSB/EDN1/PRKN/PRKCA/HMGCS2/TACR1/CRY2/CSN1S1/ESR2/PPARA/BMP6/CPS1/PLPP1/CALCOCO1/KANK2/TCF7L2/NR3C1/CAV1/TCF21/NR4A3/AVPR1A/RXRG/SOX10/FOS/TFPI",58
"GO:0055002","striated muscle cell development","32/1767","134/18842",0.238805970149254,2.54645279544552,5.77916747205696,5.69137369837922e-07,2.05851375456871e-05,2.05851375456871e-05,"MYH11/ALPK3/CAPN3/IGF1/PGM5/CSRP1/PRKD1/MYOM3/MYOZ2/KLHL40/FLNC/SORBS2/MYOM1/CAV2/PDGFRA/TMOD2/RGS2/MYOM2/EDN1/MYH3/TBX18/ACTC1/PROX1/AKAP6/MYL9/LMOD1/TNNT3/TMOD1/PPARA/FHOD3/MYL2/CAV3",32
"GO:1990868","response to chemokine","27/1767","103/18842",0.262135922330097,2.79522639985495,5.87698424269974,6.03346820959545e-07,2.15193699475571e-05,2.15193699475571e-05,"CX3CR1/STAT5A/ACKR4/ACKR1/MAS1/GPR75/GNAI1/CCL13/SLIT2/ACKR3/CXCL12/CX3CL1/CCL2/ACKR5/CCL16/SLIT3/CXCR2/CCL24/DUSP1/ENTREP1/CCL23/CCL14/GPR17/CCL21/EDN1/MRGPRX2/MPL",27
"GO:1990869","cellular response to chemokine","27/1767","103/18842",0.262135922330097,2.79522639985495,5.87698424269974,6.03346820959545e-07,2.15193699475571e-05,2.15193699475571e-05,"CX3CR1/STAT5A/ACKR4/ACKR1/MAS1/GPR75/GNAI1/CCL13/SLIT2/ACKR3/CXCL12/CX3CL1/CCL2/ACKR5/CCL16/SLIT3/CXCR2/CCL24/DUSP1/ENTREP1/CCL23/CCL14/GPR17/CCL21/EDN1/MRGPRX2/MPL",27
"GO:0016525","negative regulation of angiogenesis","35/1767","154/18842",0.227272727272727,2.42347070021094,5.70581088793937,6.10071438456847e-07,2.16091510890646e-05,2.16091510890646e-05,"ISM1/MIR221/SERPINF1/TNMD/PTPRM/KLF2/ECSCR/MIR145/MIR205/SPRY2/MIR125B1/SEMA6A/ADAMTS1/ADGRB3/CD36/CLDN5/ADAMTS9/PDE3B/QKI/RGCC/DCN/MIR222/HOXA5/FOXO4/ANGPT4/KLF4/DAB2IP/PF4/TEK/COL4A3/NPR1/ATP2B4/KLK3/PPARG/FBLN5",35
"GO:0034762","regulation of transmembrane transport","67/1767","388/18842",0.172680412371134,1.84133804747986,5.386802181161,6.57617778432521e-07,2.31337322604755e-05,2.31337322604755e-05,"ATP1A2/DMD/CAPN3/PTPRM/SCN5A/IGF1/OSR1/TESC/KCNIP2/NOS1/FHL1/JPH4/GSTM2/IL13/SLC25A27/TRPC6/FXYD6/C3/STAC2/TRPC1/CX3CL1/LEP/LRRC38/ANK2/PER2/CACNA2D1/FXYD2/ITLN1/JPH2/KCNJ2/PRNP/SNCA/ATP1B2/ADIPOQ/BIN1/RGS2/PID1/ACE2/TRDN/EDN1/IRS2/CASQ2/KCNS1/AKAP6/HRC/ADCYAP1R1/CLIC2/FXYD1/SORBS1/GRIN2B/ACSL1/DPP6/CRHBP/ATP2B4/UTRN/PLN/KCNE1/DHRS7C/CAV1/NR4A3/FFAR4/ANO6/PIK3R1/RHOQ/CAV3/KCNAB1/KCNIP1",67
"GO:0046394","carboxylic acid biosynthetic process","59/1767","327/18842",0.180428134556575,1.92395410940293,5.42191010699712,6.92745204713436e-07,2.42036691932531e-05,2.42036691932531e-05,"AKR1D1/CYP7A1/HAAO/PTGIS/AKR1C3/ABCD2/MGLL/GSTM2/CYP1A2/ACSL4/GGT3P/ACACB/DPYD/GGTA1/ACSM2B/ACSM1/CYP39A1/OTC/ALDH1A1/ACADL/CYP3A4/ALDH1A3/CDO1/DHRS9/PTGS2/PER2/BHMT2/SHMT1/ANGPTL4/ACSM3/CES1/KAT2B/SCD/AVP/ELOVL3/FADS3/ACSS2/LPL/EDN1/AGXT/PROX1/ABCB11/PLA2G4A/CYP46A1/CPS1/ACSL1/PECR/ATP2B4/ALDH1A2/HOGA1/PLA2G5/PDK4/EHHADH/ACSM2A/ACSM5/GPIHBP1/AVPR1A/CYP1A1/MLXIPL",59
"GO:0050890","cognition","45/1767","224/18842",0.200892857142857,2.14217499393645,5.53197281571423,7.1257273843656e-07,2.47281998960147e-05,2.47281998960147e-05,"HTR2A/SERPINF1/EIF4EBP2/NRXN1/SHANK3/PTN/PTCHD1/KIT/PTPRZ1/SCN2A/NEDD9/NTF4/EGFR/LHCGR/ARMCX5-GPRASP2/MME/MGAT3/CLDN5/SOBP/RELN/DRD2/SHROOM4/FAM107A/NTRK2/KAT2B/PRNP/TAC1/S100B/ACSS2/SLC8A3/EGR1/PRKCA/TACR1/GPR88/NPAS4/VLDLR/GRIN2B/CRHBP/PLN/NLGN4X/SLC2A4/RAPGEF3/ARC/MEF2C/FOS",45
"GO:0120162","positive regulation of cold-induced thermogenesis","27/1767","104/18842",0.259615384615385,2.76834922293326,5.8171864201503,7.42862603885363e-07,2.56063243862767e-05,2.56063243862767e-05,"FABP4/EBF2/PEMT/IL13/ALPL/ACADL/PRDM16/LEP/CD36/LPIN1/PER2/G0S2/SCD/ADIPOQ/ELOVL3/ADRB3/CIDEA/LEPR/ADRB2/ACSL1/OXTR/ADRB1/CAV1/FFAR4/PPARGC1A/HADH/EPAS1",27
"GO:0120163","negative regulation of cold-induced thermogenesis","17/1767","48/18842",0.354166666666667,3.77657517449538,6.19598470589382,7.78946629239349e-07,2.66711325851553e-05,2.66711325851553e-05,"MAP2K6/TLR4/ARRDC3/LAMA4/ALDH1A1/NOVA2/ADAMTS5/QKI/PLCL2/ADIPOQ/LGR4/WNT10B/ZNF423/ABHD6/CIDEA/NPR3/ID1",17
"GO:2000181","negative regulation of blood vessel morphogenesis","35/1767","156/18842",0.224358974358974,2.39240056302875,5.61769569892977,8.43296839632875e-07,2.86832620420824e-05,2.86832620420824e-05,"ISM1/MIR221/SERPINF1/TNMD/PTPRM/KLF2/ECSCR/MIR145/MIR205/SPRY2/MIR125B1/SEMA6A/ADAMTS1/ADGRB3/CD36/CLDN5/ADAMTS9/PDE3B/QKI/RGCC/DCN/MIR222/HOXA5/FOXO4/ANGPT4/KLF4/DAB2IP/PF4/TEK/COL4A3/NPR1/ATP2B4/KLK3/PPARG/FBLN5",35
"GO:0050994","regulation of lipid catabolic process","20/1767","64/18842",0.3125,3.33227221279004,6.01221428329365,8.54580370029746e-07,2.8875820924163e-05,2.8875820924163e-05,"ENDOU/ABCD2/ACACB/AADAC/TWIST1/PDE3B/PNPLA2/HCAR2/CIDEC/ADRA2A/PLIN1/IRS2/ABCB11/ADRB3/CIDEA/PPARA/RARRES2/HCAR3/ALK/GPLD1",20
"GO:1902903","regulation of supramolecular fiber organization","63/1767","361/18842",0.174515235457064,1.86090326343067,5.31294248989413,9.71471588766171e-07,3.26109678425036e-05,3.26109678425036e-05,"MYOC/LIMCH1/CAPZA3/FERMT2/SHANK3/DMTN/KANK3/ARHGAP6/SFRP1/PLEKHH2/SLIT2/SYNPO2/ITGB1BP1/CXCL12/PRKD1/CX3CL1/NRP1/CCL24/MAP1B/KANK1/CSF3/PTGER4/SEMA5A/SYNPO/ADD3/CYRIA/PHLDB2/CFL2/SNCA/TAC1/ANKRD53/RGCC/BIN1/TENM1/TMOD2/CDH5/CCL21/EDN1/TMEFF2/PRKN/GAS2L2/PROX1/SPTA1/TACR1/LMOD1/ESAM/TMOD1/ARHGEF15/CRYAB/DLC1/SPTB/S1PR1/FHOD3/DAAM2/KANK2/PAK3/WASF3/RAPGEF3/GSN/EPS8/PIK3R1/CAV3/SPTBN1",63
"GO:0016053","organic acid biosynthetic process","59/1767","331/18842",0.178247734138973,1.90070390868507,5.31827753437609,1.04809358752992e-06,3.49546017243745e-05,3.49546017243746e-05,"AKR1D1/CYP7A1/HAAO/PTGIS/AKR1C3/ABCD2/MGLL/GSTM2/CYP1A2/ACSL4/GGT3P/ACACB/DPYD/GGTA1/ACSM2B/ACSM1/CYP39A1/OTC/ALDH1A1/ACADL/CYP3A4/ALDH1A3/CDO1/DHRS9/PTGS2/PER2/BHMT2/SHMT1/ANGPTL4/ACSM3/CES1/KAT2B/SCD/AVP/ELOVL3/FADS3/ACSS2/LPL/EDN1/AGXT/PROX1/ABCB11/PLA2G4A/CYP46A1/CPS1/ACSL1/PECR/ATP2B4/ALDH1A2/HOGA1/PLA2G5/PDK4/EHHADH/ACSM2A/ACSM5/GPIHBP1/AVPR1A/CYP1A1/MLXIPL",59
"GO:0051146","striated muscle cell differentiation","51/1767","271/18842",0.188191881918819,2.00674105213039,5.37000477788114,1.07409475483851e-06,3.55906494248425e-05,3.55906494248425e-05,"MYH11/ALPK3/CAPN3/SCGB3A1/IGF1/MYOCD/NOS1/PGM5/CSRP1/EHD2/CCN3/PRKD1/MYOM3/MYOZ2/ADGRB3/SMYD1/KLHL40/BHLHE41/BMP2/ERVFRD-1/FLNC/SORBS2/MYOM1/ADAMTS5/CAV2/PDGFRA/TMOD2/RGS2/MYOM2/MIR222/EDN1/MYH3/TBX18/ACTC1/PROX1/AKAP6/FZD7/MYL9/LMOD1/TNNT3/TMOD1/PPARA/FHOD3/POPDC1/MYMX/NRG1/MYL2/CAV3/MEF2C/CYP26B1/AVPR1A",51
"GO:0071805","potassium ion transmembrane transport","42/1767","206/18842",0.203883495145631,2.17406497766496,5.45053692202056,1.10144013700417e-06,3.62627983567528e-05,3.62627983567528e-05,"ATP1A2/KCNJ16/KCNIP2/FHL1/SLC1A3/FXYD6/LRRC38/KCNH5/KCNA1/ANK2/SLC24A4/KCNA4/FXYD2/AQP1/KCNT2/KCNMB1/KCNJ2/KCNMB2/HCN1/ATP1B2/SLC9A9/KCNH8/BIN1/KCNA5/KCNA6/KCNC4/ABCC9/KCNS1/KCNJ8/AKAP6/SLC17A7/FXYD1/DPP6/KCNE1/CAV1/KCNB1/KCNA2/ANO6/CAV3/PKD2/KCNAB1/KCNIP1",42
"GO:0042310","vasoconstriction","21/1767","71/18842",0.295774647887324,3.1539252492886,5.84932820378792,1.26315575207108e-06,4.13220888066057e-05,4.13220888066057e-05,"HTR2A/AVPR2/LEP/SVEP1/ADRA2B/PER2/ADD3/AVP/KCNMB2/ADRA2A/EDN3/ACE2/EDN1/TACR1/EDNRB/OXTR/ITGA9/CAV1/ADRA1A/ADM/AVPR1A",21
"GO:0035265","organ growth","28/1767","113/18842",0.247787610619469,2.64222646253086,5.63254754403271,1.29384379392536e-06,4.2058112187346e-05,4.2058112187346e-05,"CER1/YAP1/ZFPM2/IGF1/FGF2/ACACB/TGFBR3/FGF7/LEP/SORBS2/NPR2/OSTN/RGS2/DUSP6/MIR222/EDN1/PROX1/AKAP6/RBP4/LEPR/PPARA/S1PR1/NLGN4X/DDR2/NRG1/CAV3/MEF2C/FBLN5",28
"GO:2000146","negative regulation of cell motility","65/1767","380/18842",0.171052631578947,1.82398057963244,5.21986527882292,1.34925469947813e-06,4.35834725567276e-05,4.35834725567276e-05,"LIMCH1/MIR221/SERPINF1/BMP5/PTPRM/HAS1/PODN/EMILIN2/MYOCD/FGF2/MIR126/SFRP1/MIR145/TGFBR3/MIR205/SLIT2/ITGB1BP1/ZEB2/RECK/NEDD9/CXCL12/MMRN2/CCN3/LRP1/CX3CL1/IL33/MMRN1/CCL2/MITF/CYGB/CLDN5/DUSP1/KANK1/CD200/PTGER4/ADAMTS9/ACVR1C/DRD2/PHLDB2/NODAL/MCTP1/ATP1B2/NGFR/TMEM196/ADIPOQ/RGCC/SPOCK3/CCL21/DCN/TMEFF2/ANGPT4/KLF4/DAB2IP/FBLN1/MEOX2/ACVRL1/DLC1/ATP2B4/CLDN19/CCL28/HOXA7/PPARG/MEF2C/DPP4/APOD",65
"GO:0150115","cell-substrate junction organization","26/1767","101/18842",0.257425742574257,2.74500047627853,5.65652550594058,1.41048569342947e-06,4.52765907590861e-05,4.52765907590861e-05,"MYOC/LIMCH1/FERMT2/DMTN/KDR/GPM6B/CORO2B/DST/ARHGAP6/SFRP1/ITGB1BP1/NRP1/FAM107A/PHLDB2/COL17A1/LAMA3/TEK/ACVRL1/TSPAN11/SORBS1/DLC1/THSD1/LAMC1/RHOU/PIK3R1/APOD",26
"GO:0030336","negative regulation of cell migration","63/1767","365/18842",0.172602739726027,1.84050980300951,5.21630983268617,1.42914432824453e-06,4.55905917382851e-05,4.55905917382851e-05,"LIMCH1/MIR221/SERPINF1/BMP5/PTPRM/HAS1/PODN/EMILIN2/MYOCD/FGF2/MIR126/SFRP1/MIR145/TGFBR3/MIR205/SLIT2/ITGB1BP1/ZEB2/RECK/NEDD9/CXCL12/MMRN2/CCN3/LRP1/CX3CL1/IL33/MMRN1/CCL2/MITF/CYGB/CLDN5/DUSP1/KANK1/CD200/PTGER4/ADAMTS9/ACVR1C/DRD2/PHLDB2/NODAL/MCTP1/ATP1B2/NGFR/TMEM196/ADIPOQ/RGCC/CCL21/DCN/TMEFF2/ANGPT4/KLF4/DAB2IP/MEOX2/ACVRL1/DLC1/ATP2B4/CLDN19/CCL28/HOXA7/PPARG/MEF2C/DPP4/APOD",63
"GO:0061337","cardiac conduction","25/1767","95/18842",0.263157894736842,2.8061239686653,5.67718912788213,1.44139232222934e-06,4.56974751047523e-05,4.56974751047524e-05,"ATP1A2/SCN5A/SCN2B/TRPC1/ANK2/CACNA2D1/KCNJ2/HCN1/SCN3B/ATP1B2/SCN4B/BIN1/ACE2/KCNA5/TRDN/CASQ2/TBX18/SLC8A3/ABCC9/HRC/ATP2B4/KCNE1/CAV1/CACNA1G/CTNNA3",25
"GO:0006631","fatty acid metabolic process","66/1767","390/18842",0.169230769230769,1.80455356754168,5.16482295381487,1.64591354509385e-06,5.18614231141227e-05,5.18614231141227e-05,"CYP7A1/AKR1C1/PTGIS/AKR1C3/ABCD2/MGLL/GSTM2/PM20D1/CYP1A2/ACSL4/ACACB/PCCA/ECHDC3/ACSM2B/ACSM1/C3/ECHDC1/TWIST1/ACADL/LEP/CYP3A4/CD36/CYGB/LPIN1/PTGS2/PER2/ADH4/SLC27A6/ANGPTL4/AKR1C2/ACSM3/CES1/NUDT7/KAT2B/SCD/ACADS/AVP/ADIPOQ/ELOVL3/FADS3/ACSS2/LPL/EDN1/IRS2/CYP2U1/ACAA2/DGAT2/ABCB11/ABHD6/PLA2G4A/PPARA/ACSL1/PECR/PLA2G5/PDK4/EHHADH/ACSM2A/CAV1/ACSM5/PPARGC1A/GPIHBP1/HADH/PPARG/AVPR1A/CYP1A1/MLXIPL",66
"GO:0034694","response to prostaglandin","13/1767","31/18842",0.419354838709677,4.47169432426018,6.22309280966168,1.69861042041915e-06,5.31955068248339e-05,5.31955068248339e-05,"PTGDR2/AKR1C3/GNAI1/SFRP1/TGFBR3/PTGER4/PTGFR/AKR1C2/GNG2/CCL21/EDN1/HMGCS2/SCN11A",13
"GO:0001558","regulation of cell growth","63/1767","367/18842",0.171662125340599,1.83047977683507,5.16844338382122,1.7274869759488e-06,5.37719582331699e-05,5.37719582331699e-05,"YAP1/PAPPA2/CDKN2C/MSX1/SCGB3A1/IGF1/PRDM11/FHL1/SGK2/ACSL4/PLXNA4/SFRP1/SLIT2/TEAD1/SGK1/BCL6/CXCL12/CCN3/JADE1/KIF26A/NRP1/SEMA3G/EGFR/SLIT3/KRT17/SEMA6D/MAP1B/SEMA5A/RGMA/IGFBP1/FAM107A/SEMA3A/CPNE8/HBEGF/AVP/PAK5/IL17B/TMEM196/OSTN/RGS2/ISLR2/LTBP4/EDN1/PRKN/AKAP6/MEG3/RPS6KA3/ACVRL1/CRYAB/ESR2/PPARA/NPR1/SOCS2/SOX17/PTCH2/VIM/NRG1/MYL2/CAV3/AVPR1A/HYAL1/RNF157/DCUN1D3",63
"GO:0008277","regulation of G protein-coupled receptor signaling pathway","34/1767","154/18842",0.220779220779221,2.35422868020491,5.42826258884564,1.77321019798695e-06,5.47961789044447e-05,5.47961789044447e-05,"GRK5/NRXN1/GPRASP1/MGLL/NOS1/MRAP/MRAP2/SLIT2/C3/KCTD16/ACKR5/SLIT3/SLC24A4/PALM/PDE3B/DRD2/FRMPD1/PDE2A/SNCA/CAV2/GRK3/RGS2/NMT2/EDN1/GAS2L2/PRKCA/KCTD8/ADRB2/ATP2B4/RGS6/GNG7/ADM/KCTD12/PKD2",34
"GO:0043269","regulation of monoatomic ion transport","65/1767","383/18842",0.169712793733681,1.80969352548389,5.14998378924882,1.78172933743035e-06,5.47961789044447e-05,5.47961789044447e-05,"NKAIN2/HTR2A/ATP1A2/DMD/EGF/CAPN3/SCN5A/OSR1/TESC/KCNIP2/NOS1/FHL1/JPH4/GSTM2/GABRE/IL13/TRPC6/FXYD6/SCN2B/CXCL12/STAC2/TRPC1/CX3CL1/LEP/CCL2/LRRC38/ANK2/CACNA2D1/PER1/FXYD2/DRD2/JPH2/KCNJ2/PRNP/SNCA/SCN3B/ATP1B2/ADRA2A/MYLK/SCN4B/BIN1/TRDN/EDN1/CASQ2/CLDN10/KCNS1/AKAP6/HRC/ADCYAP1R1/CLIC2/FXYD1/GRIN2B/DPP6/ATP2B4/UTRN/PLN/KCNE1/ABCB1/DHRS7C/CAV1/ANO6/CAV3/PKD2/KCNAB1/KCNIP1",65
"GO:0001654","eye development","49/1767","261/18842",0.187739463601533,2.00191679297118,5.24333083745432,1.86260874433198e-06,5.69426101838633e-05,5.69426101838633e-05,"DMD/SERPINF1/ADAMTS18/PTPRM/PLAAT3/FGF2/MAF/PTF1A/RP1L1/SPRY1/CRB2/MAB21L1/EPHA2/SPRY2/ZEB2/NRP1/SGCA/TWIST1/CRYBG3/ALDH1A3/PMEL/SGCB/PER2/CPAMD8/RPE65/ANGPTL7/MYOM1/DRD2/PDGFRA/SGCG/FZD5/PROX1/RBP4/OPN4/MEIS2/SLC17A7/TMOD1/ACVRL1/BMP6/FZD4/ATP2B4/CLDN19/ABCB5/EFEMP1/CHRDL1/SSPN/CYP1A1/FOS/MFAP5",49
"GO:0006720","isoprenoid metabolic process","29/1767","122/18842",0.237704918032787,2.53471197825341,5.47071095262908,2.09808906338224e-06,6.33869731148893e-05,6.33869731148893e-05,"ADH1A/AKR1C1/AKR1C3/CYP1A2/ADH1B/LIPE/LRP1/ALDH1A1/CYP3A4/ALDH1A3/DHRS9/RPE65/ADH4/PNPLA2/CES1/DHRS3/LPL/DGAT2/HMGCS2/RBP4/ADH6/RARRES2/PECR/ALDH1A2/ADH1C/CYP26B1/RETSAT/RDH5/CYP1A1",29
"GO:0051384","response to glucocorticoid","29/1767","122/18842",0.237704918032787,2.53471197825341,5.47071095262908,2.09808906338224e-06,6.33869731148893e-05,6.33869731148893e-05,"KLF9/NTRK3/SERPINF1/IL6/ALPL/SLIT2/CALCR/SLIT3/CDO1/ZFP36/DUSP1/GHR/AQP1/FAM107A/ANXA1/PCK1/ZFP36L2/S100B/MSTN/FOSB/EDN1/PRKN/PRKCA/HMGCS2/BMP6/CPS1/NR3C1/AVPR1A/FOS",29
"GO:0001990","regulation of systemic arterial blood pressure by hormone","15/1767","41/18842",0.365853658536585,3.90119673692492,5.98230467132318,2.16059754348434e-06,6.48937367446524e-05,6.48937367446524e-05,"MAS1/AVPR2/MME/CMA1/EDN3/ACE2/EDN1/TACR1/RASL10B/EDNRB/OXTR/PCSK5/PDE1C/AVPR1A/CTSG",15
"GO:0046890","regulation of lipid biosynthetic process","40/1767","197/18842",0.203045685279188,2.1651311839448,5.28830674999335,2.19144035609969e-06,6.54374283077211e-05,6.54374283077211e-05,"HTR2A/CYP7A1/GPR146/AKR1C3/PLCH2/BMP5/ABCD2/GNAI1/ASXL3/C3/ACADL/LPIN1/BMP2/PTGS2/NR5A2/ANGPTL4/CES1/KAT2B/QKI/AVP/PCK1/EDN1/EGR1/PROX1/DGAT2/ABHD6/HSD17B13/PPARA/SORBS1/BMP6/PDK4/FGF1/THRSP/GPIHBP1/ADM/PDGFA/AVPR1A/GPLD1/DKK3/MLXIPL",40
"GO:0007044","cell-substrate junction assembly","24/1767","91/18842",0.263736263736264,2.81229127409093,5.5747625258344,2.228788122433e-06,6.61679525827507e-05,6.61679525827507e-05,"MYOC/LIMCH1/FERMT2/DMTN/KDR/GPM6B/CORO2B/DST/ARHGAP6/SFRP1/ITGB1BP1/NRP1/FAM107A/PHLDB2/COL17A1/LAMA3/TEK/ACVRL1/TSPAN11/SORBS1/DLC1/THSD1/LAMC1/APOD",24
"GO:0045444","fat cell differentiation","39/1767","191/18842",0.204188481675393,2.17731713170784,5.26076593844585,2.52977559651508e-06,7.46719969178245e-05,7.46719969178245e-05,"FERMT2/GRK5/YAP1/ZFPM2/CEBPA/IL6/DLK2/LMO3/EGR2/SFRP1/PRDM16/LEP/MEST/ZFP36/BMP2/PTGS2/PER2/MIR27B/GDF10/NPR2/ZFP36L2/ADIPOQ/MEDAG/WNT10B/LPL/FOXO1/KLF4/NR4A1/CIDEA/RARRES2/TCF7L2/PTPRQ/SLC7A10/ZBTB16/NR4A3/FFAR4/PPARGC1A/RUNX1T1/PPARG",39
"GO:0086010","membrane depolarization during action potential","13/1767","32/18842",0.40625,4.33195387662705,6.06833385237171,2.61552010889235e-06,7.67617787386921e-05,7.67617787386921e-05,"ATP1A2/SCN5A/SCN3A/SCN2B/ANK2/CACNA2D1/KCNJ2/SCN3B/SCN4B/SCN9A/CACNA1G/CAV3/SCN11A",13
"GO:0045471","response to ethanol","30/1767","130/18842",0.230769230769231,2.46075486482957,5.3762419645038,2.7144730235256e-06,7.92132582319743e-05,7.92132582319743e-05,"NTRK3/CYP7A1/ACTG2/PENK/FGF2/IL13/LEP/CDO1/CLDN5/CSF3/DRD2/AVP/S100B/MSTN/RGS2/FOSB/ACTC1/CAT/GFAP/PRKCA/HMGCS2/TACR1/RBP4/ADCYAP1R1/PPARA/GRIN2B/CRHBP/CA3/SLC2A4/FOS",30
"GO:0048511","rhythmic process","50/1767","272/18842",0.183823529411765,1.96016012517061,5.13111867738761,2.76352979309076e-06,8.01892034876506e-05,8.01892034876506e-05,"KLF9/KLF10/NTRK3/MYCBP2/SERPINF1/PTN/IGF1/SLIT2/TWIST1/LEP/LHCGR/SLIT3/BHLHE41/PIWIL2/ID4/PER2/RPE65/PER1/NR5A2/GDF10/DRD2/NTRK2/KAT2B/NPR2/EGR3/NGFR/PDGFRA/MAPK10/MSTN/LGR4/TEF/HLF/EGR1/PROX1/CRY2/OPN4/NLGN1/PROK2/PPARA/MMP19/PLN/PROKR1/ADRB1/SCN9A/PPARGC1A/KCNA2/PPARG/ID1/SCN11A/TYRO3",50
"GO:1901888","regulation of cell junction assembly","49/1767","265/18842",0.184905660377358,1.9716991810018,5.12456347039671,2.91739704282335e-06,8.41783775951726e-05,8.41783775951726e-05,"MYOC/LIMCH1/NTRK3/FERMT2/MYCBP2/NRXN1/NECTIN3/DMTN/CBLN1/KDR/LRRTM4/GPM6B/GPBAR1/IL1RAPL2/ARHGAP6/SFRP1/ITGB1BP1/EPHA2/SLITRK2/CRTAC1/NRP1/ARMCX5-GPRASP2/CLDN5/MAP1B/FAM107A/EPHB1/PHLDB2/SNCA/LRFN5/HTR4/CCDC141/ACE2/PRKCA/NEGR1/TEK/SLITRK3/ARHGEF15/NLGN1/ACVRL1/VLDLR/DLC1/LRP4/ST8SIA2/NLGN4X/CAV1/LRRTM2/MEF2C/APOD/MARK1",49
"GO:0031644","regulation of nervous system process","29/1767","124/18842",0.233870967741935,2.49382952699126,5.36873606478385,2.97739871524622e-06,8.54297195614782e-05,8.54297195614782e-05,"OPRPN/NRXN1/SHANK3/CBLN1/IGF1/PIRT/MGLL/JAM2/CHRNA2/EGR2/TPPP/CCN3/LPIN1/RELN/QKI/SPX/AVP/TAC1/S100B/PRKN/SLC8A3/NPY2R/NLGN1/ADRB2/GRIN2B/TMEM100/NLGN4X/AVPR1A/SOX10",29
"GO:0030900","forebrain development","48/1767","258/18842",0.186046511627907,1.98386438714942,5.11876732101202,3.07303252929286e-06,8.76838615024897e-05,8.76838615024897e-05,"ATP1A2/NDNF/SHANK3/SCN5A/PTCHD1/MGARP/FEZ1/PLXNA4/SLIT2/AVPR2/CXCL12/SSTR1/KIF26A/NRP1/SEMA3G/NFIB/PCDH9/KCNA1/BMP2/SEMA3D/AQP1/SEMA5A/RELN/DRD2/FEZF2/TACC1/NTRK2/SEMA3A/ATP1B2/HAP1/FAT4/DIXDC1/SLC8A3/PROX1/DAB2IP/FGF8/LHX6/DLC1/ATP2B4/ALDH1A2/FOXP2/EZH1/P2RY12/KCNA2/DCT/AVPR1A/TYRO3/FOS",48
"GO:0046883","regulation of hormone secretion","45/1767","236/18842",0.190677966101695,2.0332508417024,5.13836740719227,3.14688839644486e-06,8.92951315145899e-05,8.92951315145899e-05,"ITSN1/C1QTNF1/GALR1/IL6/PDE8B/ACSL4/CCN3/PRKD1/NMB/ECRG4/LEP/MYRIP/PER2/CACNA2D1/NNAT/ADCY5/DRD2/HCAR2/ANXA1/TAC1/ADRA2A/EDN3/FOXO1/KCNA5/EDN1/IRS2/PRKN/PRKCA/TACR1/RBP4/CRY2/BMP6/CRHBP/RASL10B/TCF7L2/DOC2B/KCNB1/RAPGEF3/FFAR4/FAM3D/HADH/PPARG/GPLD1/MLXIPL/FFAR3",45
"GO:0050801","monoatomic ion homeostasis","76/1767","478/18842",0.158995815899582,1.69541548567058,4.95409758555119,3.19452252830102e-06,9.01487236557915e-05,9.01487236557915e-05,"HTR2A/ATP1A2/DMTN/TESC/SLC25A27/ALPL/TRPC6/MICU3/NT5E/CCL13/FXYD6/SCARA5/CNR1/CXCL12/TRPC1/PTH1R/OTC/TF/CYBRD1/SMAD9/ATP13A5/KCNA1/ANK2/BMP2/SLC24A4/SV2B/MT1M/DRD2/JPH2/ELANE/KCNJ2/C19orf12/SCN7A/SPX/PRNP/AVP/MT1X/ATP1B2/ACO1/CAV2/CCL23/SLC9A9/CCL14/EDN3/CDH5/KCNA5/TRDN/RGN/EDN1/ABCC6/CASQ2/CDH23/SLC8A3/TMEM178A/BOK/ATP13A4/SLC4A1/HRC/ALAS2/FXYD1/BMP6/CPS1/KLHL3/SLC26A3/NPR1/CALB2/RYR3/ATP2B4/PLN/HCRTR1/EDNRB/PDK4/DHRS7C/CAV1/CAV3/AVPR1A",76
"GO:0072012","glomerulus vasculature development","12/1767","28/18842",0.428571428571429,4.56997332039777,6.08125633018632,3.24576752118616e-06,9.10943278077165e-05,9.10943278077165e-05,"OSR1/PECAM1/AQP1/ACTA2/PDGFRA/EDN1/EGR1/TEK/CD34/ANGPT1/TCF21/PDGFD",12
"GO:0034764","positive regulation of transmembrane transport","36/1767","172/18842",0.209302325581395,2.2318474355431,5.22082194055206,3.34789285296509e-06,9.26729639981448e-05,9.26729639981448e-05,"CAPN3/PTPRM/IGF1/TESC/KCNIP2/NOS1/FHL1/IL13/TRPC6/FXYD6/C3/STAC2/TRPC1/CX3CL1/LRRC38/ANK2/FXYD2/ITLN1/KCNJ2/SNCA/ATP1B2/ADIPOQ/ACE2/EDN1/IRS2/AKAP6/ADCYAP1R1/FXYD1/SORBS1/ACSL1/KCNE1/CAV1/NR4A3/ANO6/PIK3R1/RHOQ",36
"GO:0043534","blood vessel endothelial cell migration","37/1767","179/18842",0.206703910614525,2.20413983237062,5.20718015861536,3.3544799876032e-06,9.26729639981448e-05,9.26729639981448e-05,"MIR221/FGFBP1/STAT5A/KDR/FGF2/MIR126/TGFBR3/MIR205/SLIT2/ITGB1BP1/EPHA2/MMRN2/PRKD1/NRP1/MMRN1/PTGS2/MIR27B/ANXA1/EGR3/MIR10B/RGCC/CDH5/ANGPT4/KLF4/PRKCA/MEOX2/CLEC14A/NR4A1/CRIPTO/ACVRL1/ANGPT1/RHOJ/ATP2B4/PPARG/MEF2C/ID1/GPLD1",37
"GO:0023061","signal release","70/1767","430/18842",0.162790697674419,1.73588133875574,4.96571085611872,3.35614706068048e-06,9.26729639981448e-05,9.26729639981448e-05,"HTR2A/ITSN1/NRXN1/C1QTNF1/GALR1/SNCAIP/IL6/PDE8B/ACSL4/STX11/MICU3/WLS/SV2C/CXCL12/CCN3/PRKD1/NMB/ECRG4/LEP/ABCA1/ADRA2B/SYN2/MYRIP/SV2B/PER2/CACNA2D1/NNAT/ADCY5/DRD2/VIP/RIMS3/HCAR2/ANXA1/MCTP1/SNCA/TAC1/ADRA2A/UNC13C/EDN3/FOXO1/KCNA5/EDN1/IRS2/PRKN/PRKCA/TACR1/RBP4/CRY2/NLGN1/BMP6/STX19/STXBP1/CRHBP/RASL10B/TCF7L2/EDNRB/DOC2B/PCSK5/KCNB1/RAPGEF3/PDE1C/FFAR4/FAM3D/KCNA2/HADH/PPARG/MEF2C/GPLD1/MLXIPL/FFAR3",70
"GO:0055117","regulation of cardiac muscle contraction","23/1767","87/18842",0.264367816091954,2.81902568806146,5.47053520950449,3.4474223607019e-06,9.46842847302938e-05,9.46842847302938e-05,"ATP1A2/DMD/SCN5A/NOS1/JPH4/GSTM2/ANK2/JPH2/KCNJ2/BIN1/RGS2/ACE2/TRDN/CASQ2/HRC/ADRB3/CLIC2/ADRB2/PLN/CAV1/ADRA1A/CTNNA3/CAV3",23
"GO:0030168","platelet activation","29/1767","125/18842",0.232,2.47387889077533,5.31849283529337,3.53390276689564e-06,9.6543216014766e-05,9.6543216014766e-05,"HTR2A/ADAMTS18/C1QTNF1/TLR4/EMILIN2/IL6/CSRP1/THBD/PEAR1/MMRN1/SVEP1/ADRA2B/ADRA2A/RASA3/PDGFRA/HBB/SAA1/PRKCA/PF4/MYL9/PLA2G4A/STXBP1/SELP/DGKI/P2RY12/VWF/PDGFA/CTSG/TYRO3",29
"GO:0006706","steroid catabolic process","11/1767","24/18842",0.458333333333333,4.88733257875873,6.13000007995096,3.76464417534904e-06,0.000102302711558691,0.000102302711558691,"AKR1D1/CYP7A1/CYP1A2/CYP39A1/CYP3A4/HSD11B1/CYP46A1/SCARF1/HSD17B11/STS/CYP1A1",11
"GO:0042180","ketone metabolic process","42/1767","216/18842",0.194444444444444,2.07341382129158,5.10415850562857,3.96373454965575e-06,0.000106598872005246,0.000106598872005246,"CYP7A1/SULT1C4/AKR1C1/AKR1C3/BMP5/ABCD2/ACACB/VKORC1L1/TWIST1/ACADL/DHRS9/HSD3B1/BMP2/PTGS2/ADH4/ANGPTL4/AIFM2/AKR1C2/CES1/KAT2B/AVP/CYP11A1/ADIPOQ/EDN1/IRS2/EGR1/PROX1/DGAT2/ABCB11/CYP46A1/PPARA/BMP6/EDNRB/PDK4/CAV1/PPARGC1A/GPIHBP1/ADM/PPARG/AVPR1A/DKK3/MLXIPL",42
"GO:0002042","cell migration involved in sprouting angiogenesis","25/1767","100/18842",0.25,2.66581777023203,5.37290816081292,3.96424932885554e-06,0.000106598872005246,0.000106598872005246,"MIR221/FGFBP1/KDR/FGF2/MIR126/TGFBR3/MIR205/SLIT2/ITGB1BP1/MMRN2/NRP1/MMRN1/PTGS2/MIR27B/ANXA1/EGR3/MIR10B/CDH5/KLF4/MEOX2/CLEC14A/NR4A1/CRIPTO/RHOJ/GPLD1",25
"GO:0060485","mesenchyme development","52/1767","291/18842",0.178694158075601,1.90546424813836,5.00753544668695,4.16143111662378e-06,0.000111318282369686,0.000111318282369686,"FERMT2/MIR221/ZFPM2/BMP5/MSX1/IGF1/OSR1/IL6/ACTG2/IL17RD/SFRP1/MIR145/TGFBR3/SPRY1/CRB2/SPRY2/NCAM1/NRP1/SEMA3G/SEMA6A/TWIST1/SEMA6D/BMP2/SEMA3D/SEMA5A/WNT8A/TGFBR2/ADAMTS5/NODAL/SEMA3A/QKI/ACTA2/RGCC/WNT11/MIR222/EDN1/ACTC1/DAB2IP/GFAP/FGF8/HGF/ACVRL1/TCF7L2/MEOX1/TCF21/NOTCH4/NRG1/S100A4/MEF2C/PKD2/SOX10/MARK1",52
"GO:0045833","negative regulation of lipid metabolic process","27/1767","113/18842",0.238938053097345,2.54786123172619,5.30889142160498,4.19542552283569e-06,0.000111646142410799,0.000111646142410799,"CYP7A1/ENDOU/AKR1C3/BMP5/ACACB/ASXL3/ACADL/LPIN1/BMP2/PDE3B/MIR27B/ANGPTL4/HCAR2/CIDEC/ADRA2A/PLIN1/CH25H/PROX1/DGAT2/CIDEA/HCAR3/CCDC3/PDGFA/ALK/GPLD1/DKK3/APOD",27
"GO:0007204","positive regulation of cytosolic calcium ion concentration","34/1767","160/18842",0.2125,2.26594510469723,5.17312621509264,4.36778673711453e-06,0.000115633776710414,0.000115633776710414,"HTR2A/CX3CR1/ACKR4/C1QTNF1/GALR1/NOS1/JPH4/ACKR3/NMB/CCL2/CALCR/CD36/CXCR2/PLCZ1/CACNA2D1/PTGER4/PTGFR/ADCY5/JPH2/AVP/TAC1/EDN1/SAA1/SLC8A3/TACR1/ADCYAP1R1/PROK2/PTGER3/EDNRB/CAV1/FFAR4/ADRA1A/CAV3/AVPR1A",34
"GO:0055080","monoatomic cation homeostasis","74/1767","466/18842",0.158798283261803,1.69330914160661,4.87510851642011,4.49037319262702e-06,0.000118269521627345,0.000118269521627345,"HTR2A/ATP1A2/DMTN/TESC/SLC25A27/ALPL/TRPC6/MICU3/NT5E/CCL13/FXYD6/SCARA5/CNR1/CXCL12/TRPC1/PTH1R/TF/CYBRD1/SMAD9/ATP13A5/KCNA1/ANK2/BMP2/SLC24A4/SV2B/MT1M/DRD2/JPH2/ELANE/KCNJ2/C19orf12/SCN7A/SPX/PRNP/AVP/MT1X/ATP1B2/ACO1/CAV2/CCL23/SLC9A9/CCL14/EDN3/CDH5/KCNA5/TRDN/RGN/EDN1/ABCC6/CASQ2/CDH23/SLC8A3/TMEM178A/BOK/ATP13A4/SLC4A1/HRC/ALAS2/FXYD1/BMP6/KLHL3/SLC26A3/NPR1/CALB2/RYR3/ATP2B4/PLN/HCRTR1/EDNRB/PDK4/DHRS7C/CAV1/CAV3/AVPR1A",74
"GO:0002685","regulation of leukocyte migration","41/1767","210/18842",0.195238095238095,2.08187673484787,5.07163026226695,4.6258070131642e-06,0.000121215024589854,0.000121215024589854,"CX3CR1/BMP5/PTN/DEFB124/IL6/JAM2/DSG4/VEGFD/SLIT2/NEDD9/CXCL12/CCN3/CX3CL1/LYVE1/IL33/CCL2/DUSP1/CD200/PTGER4/SELE/ELANE/ANXA1/XG/MSTN/EDN3/CCL21/EDN1/TACR1/MRGPRX2/IL34/BST1/RARRES2/CCL28/SELP/HOXA7/P2RY12/ANO6/DPP4/APOD/PDGFD/JAM3",41
"GO:0016049","cell growth","69/1767","426/18842",0.161971830985915,1.72714954127709,4.88338285658688,4.70175311007482e-06,0.000122579715600732,0.000122579715600732,"YAP1/PAPPA2/CDKN2C/MSX1/SCGB3A1/IGF1/PRDM11/FHL1/SGK2/ACSL4/PLXNA4/SFRP1/SLIT2/TEAD1/SGK1/BCL6/CXCL12/CCN3/JADE1/KIF26A/NRP1/SEMA3G/EGFR/SLIT3/KRT17/SEMA6D/MAP1B/SORBS2/SEMA5A/RGMA/IGFBP1/FAM107A/SEMA3A/CPNE8/NPR2/HBEGF/AVP/PAK5/IL17B/TMEM196/S100B/EDN3/OSTN/RGS2/ISLR2/LTBP4/EDN1/PRKN/AKAP6/MEG3/RPS6KA3/ACVRL1/CRYAB/ESR2/PPARA/NPR1/SOCS2/SOX17/NRN1/ST8SIA2/PTCH2/VIM/NRG1/MYL2/CAV3/AVPR1A/HYAL1/RNF157/DCUN1D3",69
"GO:0141156","cAMP/PKA signal transduction","19/1767","65/18842",0.292307692307692,3.11695616211745,5.49978020173779,4.86717296321675e-06,0.000126251516864047,0.000126251516864047,"PDE7B/NRXN1/PDE8B/PDE1B/CALCR/PDE1A/PDE3B/MYOM1/PDE11A/VIP/PDE2A/ADIPOQ/PRKAR2B/AKAP12/EDN1/AKAP6/MROH2B/PDE1C/SCN11A",19
"GO:0010959","regulation of metal ion transport","57/1767","332/18842",0.171686746987952,1.83074232413525,4.91272057417598,5.27444199846279e-06,0.000136128312080929,0.000136128312080929,"NKAIN2/HTR2A/ATP1A2/DMD/EGF/CAPN3/SCN5A/OSR1/TESC/KCNIP2/NOS1/FHL1/JPH4/GSTM2/IL13/TRPC6/FXYD6/SCN2B/CXCL12/TRPC1/CX3CL1/CCL2/ANK2/CACNA2D1/PER1/FXYD2/DRD2/JPH2/KCNJ2/PRNP/SNCA/SCN3B/ATP1B2/ADRA2A/MYLK/SCN4B/BIN1/TRDN/CASQ2/KCNS1/AKAP6/HRC/ADCYAP1R1/CLIC2/FXYD1/DPP6/ATP2B4/UTRN/PLN/KCNE1/DHRS7C/CAV1/ANO6/CAV3/PKD2/KCNAB1/KCNIP1",57
"GO:0032370","positive regulation of lipid transport","21/1767","77/18842",0.272727272727273,2.90816484025313,5.3973037605704,5.32072221213672e-06,0.000136302814980616,0.000136302814980616,"ABCA8/EEPD1/C1QTNF1/GALR1/PLTP/LRP1/NMB/ECRG4/ABCA1/PLA2R1/CES1/TAC1/ADIPOQ/EDN1/ABCA5/BMP6/ACSL1/PTCH1/CAV1/CETP/PPARG",21
"GO:0055123","digestive system development","22/1767","83/18842",0.265060240963855,2.82640920217372,5.36441273052989,5.33428072646103e-06,0.000136302814980616,0.000136302814980616,"CLMP/YAP1/KIT/PTF1A/WLS/OTC/NR5A2/NPR2/PDGFRA/PKDCC/WNT11/HMGCS2/CPS1/RARRES2/SOX17/ALDH1A2/EDNRB/RBPMS2/PCSK5/TCF21/PDGFA/CYP1A1",22
"GO:0010565","regulation of ketone metabolic process","31/1767","141/18842",0.219858156028369,2.34440711708349,5.15463404074243,5.46275624713178e-06,0.000138894634085489,0.000138894634085489,"CYP7A1/AKR1C3/BMP5/ABCD2/ACACB/TWIST1/ACADL/BMP2/PTGS2/ANGPTL4/CES1/KAT2B/AVP/ADIPOQ/EDN1/IRS2/EGR1/PROX1/DGAT2/ABCB11/PPARA/BMP6/PDK4/CAV1/PPARGC1A/GPIHBP1/ADM/PPARG/AVPR1A/DKK3/MLXIPL",31
"GO:0097553","calcium ion transmembrane import into cytosol","36/1767","176/18842",0.204545454545455,2.18112363018984,5.06425953950336,5.81466647911425e-06,0.000147061793807144,0.000147061793807144,"HTR2A/ATP1A2/DMD/CAPN3/PLCH2/NOS1/JPH4/GSTM2/FGF2/IL13/TRPC1/CX3CL1/ANK2/SLC24A4/CACNA2D1/DRD2/JPH2/PRNP/SNCA/PLCL2/TRPM1/TRDN/CCL21/CASQ2/SLC8A3/AKAP6/HRC/ADCYAP1R1/CLIC2/GRIN2B/RYR3/ATP2B4/DHRS7C/CAV1/CACNA1G/PKD2",36
"GO:0070293","renal absorption","13/1767","34/18842",0.382352941176471,4.07713306035487,5.77702597297394,5.84123947364824e-06,0.000147061793807144,0.000147061793807144,"SLC5A4/AKR1C3/CLCNKB/AVPR2/SGK1/AVP/HBB/ADIPOQ/EDN1/KLHL3/CLDN19/EDNRB/GSN",13
"GO:0042063","gliogenesis","44/1767","234/18842",0.188034188034188,2.00505951949076,4.97668043775584,5.87336443160026e-06,0.000147149266930239,0.000147149266930239,"MYOC/NTRK3/CX3CR1/MIR221/CDKN2C/PTN/IL6/GPM6B/PENK/EGR2/B4GALT6/PTPRZ1/ZEB2/MIR125B1/TPPP/LRP1/CX3CL1/IL33/NFIB/CCL2/CNTFR/BMP2/LGI4/RELN/NTRK2/QKI/ATP1B2/S100B/BIN1/GPR17/MIR222/SLC8A3/BOK/DAB2IP/GFAP/NEGR1/IL34/CFH/DAAM2/NR3C1/PRX/P2RY12/PLP1/SOX10",44
"GO:0050921","positive regulation of chemotaxis","30/1767","135/18842",0.222222222222222,2.36961579576181,5.13751923103976,6.13203068802099e-06,0.000152884027250853,0.000152884027250853,"NTRK3/CX3CR1/KDR/PTN/DEFB124/IL6/FGF2/F3/MET/VEGFD/FGF16/SLIT2/NEDD9/CXCL12/PRKD1/NRP1/CCL2/SEMA5A/CDH13/PDGFRA/MSTN/EDN3/CCL21/EDN1/IL34/RARRES2/S1PR1/P2RY12/ANO6/PDGFD",30
"GO:0045123","cellular extravasation","19/1767","66/18842",0.287878787878788,3.06972955360052,5.41843569770616,6.2386548343382e-06,0.000154184489076904,0.000154184489076904,"CX3CR1/JAM2/CXCL12/PECAM1/CX3CL1/LYVE1/LEP/CCL2/SIRPA/PTGER4/SELE/ELANE/XG/CCL21/BST1/CCL28/SELP/PDGFD/JAM3",19
"GO:0032868","response to insulin","45/1767","242/18842",0.18595041322314,1.98283966380895,4.95021177564262,6.26315867175143e-06,0.000154184489076904,0.000154184489076904,"IGF1/TBC1D4/TRARG1/ALPL/G6PC1/ECHDC3/SLC22A12/OTC/LEP/LPIN1/KANK1/PDE3B/CPEB1/GHR/IGFBP1/KAT2B/PCK1/CAV2/ADIPOQ/TNS2/MSTN/PID1/FOXO1/IRS2/FOXO4/EGR1/CAT/CITED1/HMGCS2/CRY2/SIK2/PPARA/SORBS1/RARRES2/PLN/CA3/PDK4/SLC2A4/HADH/PIK3R1/PPARG/RHOQ/GPLD1/FOS/FFAR3",45
"GO:1904062","regulation of monoatomic cation transmembrane transport","47/1767","257/18842",0.182879377431907,1.95009237666779,4.93333952487817,6.2742519893055e-06,0.000154184489076904,0.000154184489076904,"ATP1A2/DMD/CAPN3/SCN5A/OSR1/TESC/KCNIP2/NOS1/FHL1/JPH4/GSTM2/IL13/FXYD6/STAC2/TRPC1/CX3CL1/LRRC38/ANK2/CACNA2D1/FXYD2/JPH2/KCNJ2/PRNP/SNCA/ATP1B2/BIN1/TRDN/EDN1/CASQ2/KCNS1/AKAP6/HRC/ADCYAP1R1/CLIC2/FXYD1/GRIN2B/DPP6/ATP2B4/UTRN/PLN/KCNE1/DHRS7C/CAV1/ANO6/CAV3/KCNAB1/KCNIP1",47
"GO:0031960","response to corticosteroid","31/1767","142/18842",0.21830985915493,2.32789720780825,5.10949195861437,6.36958976773588e-06,0.000155781966890912,0.000155781966890912,"KLF9/NTRK3/SERPINF1/AKR1C3/IL6/ALPL/SLIT2/CALCR/SLIT3/CDO1/ZFP36/DUSP1/GHR/AQP1/FAM107A/ANXA1/PCK1/ZFP36L2/S100B/MSTN/FOSB/EDN1/PRKN/PRKCA/HMGCS2/CSN1S1/BMP6/CPS1/NR3C1/AVPR1A/FOS",31
"GO:0043010","camera-type eye development","40/1767","206/18842",0.194174757281553,2.07053807396663,4.96991853908192,6.901671681259e-06,0.000167338986116064,0.000167338986116064,"DMD/SERPINF1/PTPRM/PLAAT3/FGF2/MAF/PTF1A/RP1L1/SPRY1/CRB2/EPHA2/SPRY2/ZEB2/NRP1/SGCA/TWIST1/CRYBG3/ALDH1A3/SGCB/PER2/RPE65/ANGPTL7/MYOM1/DRD2/PDGFRA/SGCG/FZD5/PROX1/RBP4/OPN4/SLC17A7/TMOD1/ACVRL1/FZD4/ATP2B4/CLDN19/EFEMP1/SSPN/CYP1A1/FOS",40
"GO:0099177","regulation of trans-synaptic signaling","76/1767","488/18842",0.155737704918033,1.66067336506258,4.75686952392991,6.90729459824875e-06,0.000167338986116064,0.000167338986116064,"CLMP/HTR2A/ATP1A2/CX3CR1/CRHR2/CNRIP1/EIF4EBP2/NRXN1/SHANK3/CBLN1/PTN/SNCAIP/IGF1/RASGRF2/JPH4/PENK/KIT/CHRNA2/MICU3/SV2C/EFNB3/NTF4/CX3CL1/CCL2/MME/SV2B/MAP1B/GRIA4/MIR324/CBLN4/RELN/DRD2/FAM107A/EPHB1/NTRK2/RIMS3/MCTP1/PRNP/GLRA3/PLPPR4/PLCL2/TAC1/HAP1/NGFR/ADRA2A/S100B/ADIPOQ/GABRA4/PRKAR2B/UNC13C/DLGAP2/AKAP12/PRKN/SLC8A3/TACR1/ABHD6/NPAS4/CYP46A1/NLGN1/ADRB2/ZDHHC2/GRIN2B/CALB2/STXBP1/NRN1/SCTR/NSG1/SLC7A10/NLGN4X/GRIK1/APBA1/KCNB1/ADRA1A/CHRDL1/ARC/MEF2C",76
"GO:0046683","response to organophosphorus","27/1767","116/18842",0.232758620689655,2.48196826883672,5.15033268689584,7.09713628940636e-06,0.000171130948274137,0.000171130948274137,"DMTN/PENK/NT5E/CDO1/DUSP1/PER1/AQP1/PDE2A/NPR2/HCN1/FOSB/P2RX6/SLC8A3/ABCC9/CITED1/HMGCS2/AKAP6/CPS1/SLC26A3/MMP19/RYR3/CRHBP/KCNE1/RAPGEF3/P2RY12/PKD2/FOS",27
"GO:0048738","cardiac muscle tissue development","38/1767","192/18842",0.197916666666667,2.11043906810036,4.97503135954435,7.31217801062988e-06,0.000175492272255117,0.000175492272255117,"YAP1/MYH11/ALPK3/ZFPM2/BMP5/MYL7/SCN5A/MSX1/IGF1/MYOCD/FGF2/TGFBR3/MYL3/BMP2/ADAMTS9/SORBS2/JPH2/PDGFRA/SGCG/RGS2/MIR222/EDN1/TBX18/ACTC1/PROX1/AKAP6/FZD7/RBP4/FGF8/PPARA/S1PR1/FHOD3/NRG1/MYL2/CACNA1G/CAV3/MEF2C/SGCZ",38
"GO:0051147","regulation of muscle cell differentiation","31/1767","143/18842",0.216783216783217,2.31161820635505,5.06472836216269,7.41259033390326e-06,0.000176237062279594,0.000176237062279594,"MIR221/CAMK1/LAMA1/IGF1/MYOCD/LAMA2/KIT/MIR145/RCAN1/MIR125B1/CCN3/PRKD1/SMYD1/PRDM16/BHLHE41/BMP2/RGS2/MIR222/EDN1/FOXO4/PROX1/AKAP6/FZD7/PPARA/LAMC1/RBPMS2/NOTCH4/NRG1/CAV3/MEF2C/CYP26B1",31
"GO:0032526","response to retinoic acid","24/1767","97/18842",0.247422680412371,2.63833511280696,5.20398189882773,7.44615313759187e-06,0.000176237062279594,0.000176237062279594,"NTRK3/ANKK1/SERPINF1/OSR1/TESC/BRINP1/TIE1/LEP/ABCA1/MEST/DUSP1/AQP1/WNT8A/DRD2/WNT10B/WNT11/KLF4/FZD7/RBP4/BMP6/FZD4/PTCH1/ALDH1A2/CYP26B1",24
"GO:0110020","regulation of actomyosin structure organization","24/1767","97/18842",0.247422680412371,2.63833511280696,5.20398189882773,7.44615313759187e-06,0.000176237062279594,0.000176237062279594,"MYOC/LIMCH1/FERMT2/ARHGAP6/SFRP1/ITGB1BP1/PRKD1/NRP1/PTGER4/SYNPO/PHLDB2/TAC1/RGCC/EDN1/TMEFF2/PROX1/TACR1/ARHGEF15/DLC1/S1PR1/FHOD3/RAPGEF3/PIK3R1/CAV3",24
"GO:0051962","positive regulation of nervous system development","41/1767","214/18842",0.191588785046729,2.04296315101894,4.93608500374048,7.50874476859825e-06,0.000176903271245507,0.000176903271245507,"CX3CR1/SERPINF1/NRXN1/SHANK3/PTN/LRRTM4/IL6/KIT/EGR2/PTPRZ1/SLIT2/MIR125B1/CXCL12/CX3CL1/SLITRK2/NRP1/ROBO3/ARMCX5-GPRASP2/MME/BMP2/MAP1B/SEMA5A/RELN/DRD2/EPHB1/NTRK2/QKI/HAP1/KHDC3L/BIN1/ISLR2/GFAP/PRKCA/SLITRK3/IL34/NLGN1/FZD4/ST8SIA2/VIM/DCT/SOX10",41
"GO:0072073","kidney epithelium development","26/1767","110/18842",0.236363636363636,2.52040952821938,5.14463708484663,7.75032678347735e-06,0.000181761088401551,0.000181761088401551,"CER1/OSR1/FGF2/SFRP1/GPC3/SLIT2/IRX1/KLF15/PECAM1/BMPER/POU3F3/BMP2/SIM1/AQP1/LGR4/WNT11/EDN1/CAT/CITED1/CD34/KLHL3/KANK2/FGF1/TCF21/MEF2C/PKD2",26
"GO:0050919","negative chemotaxis","15/1767","45/18842",0.333333333333333,3.55442369364271,5.5188020049776,8.18616373136235e-06,0.000191109713292168,0.000191109713292168,"PLXNA4/FLRT2/SLIT2/SEMA3G/SEMA6A/ROBO3/SLIT3/SEMA6D/SEMA3D/SEMA5A/SEMA3A/NRG1/LGR6/PDGFA/DPP4",15
"GO:0046887","positive regulation of hormone secretion","30/1767","137/18842",0.218978102189781,2.33502286443682,5.04498668586518,8.37000361969103e-06,0.000194517369188838,0.000194517369188838,"ITSN1/C1QTNF1/GALR1/ACSL4/PRKD1/NMB/ECRG4/LEP/MYRIP/CACNA2D1/NNAT/DRD2/HCAR2/TAC1/EDN3/EDN1/IRS2/PRKN/PRKCA/TACR1/RBP4/BMP6/RASL10B/TCF7L2/DOC2B/RAPGEF3/FFAR4/PPARG/GPLD1/MLXIPL",30
"GO:0071466","cellular response to xenobiotic stimulus","36/1767","179/18842",0.201117318435754,2.14456848554979,4.94956993192207,8.66443345470444e-06,0.000200452838843973,0.000200452838843973,"SULT1C4/AKR1C1/NOS1/GSTM2/CYP1A2/AOX1/ALDH2/DPYD/SULT1C3/ACSM2B/AADAC/ACSM1/CYP3A4/ABCA1/SLCO1A2/MIR27B/CDH13/PDE2A/SLC28A3/ADIPOQ/EDN1/FMO2/AOC2/CYP2U1/ABCB11/CYP46A1/ACSL1/CRHBP/ABCB1/GLYAT/MEF2C/CYP26B1/ALDH3A1/GPLD1/SOX10/CYP1A1",36
"GO:0019233","sensory perception of pain","19/1767","68/18842",0.279411764705882,2.97944339025933,5.2602820231157,1.00696339323971e-05,0.000231917667608932,0.000231917667608932,"HTR2A/OPRPN/PIRT/MGLL/PENK/CXCL12/CCN3/CCL2/MME/KCNA1/EPHB1/SPX/TAC1/MRGPRX2/PROK2/TMEM100/SCN9A/KCNA2/SCN11A",19
"GO:0051017","actin filament bundle assembly","33/1767","159/18842",0.207547169811321,2.21313173377754,4.9416628514017,1.01652393977357e-05,0.000233074417619511,0.000233074417619511,"MYOC/LIMCH1/FERMT2/SHANK3/DMTN/ARHGAP6/SFRP1/SYNPO2/ITGB1BP1/ZEB2/NEDD9/CX3CL1/PARVA/NRP1/FSCN3/PTGER4/SYNPO/FAM107A/PHLDB2/TAC1/RGCC/TMEFF2/PRKN/TACR1/MYL9/ARHGEF15/SORBS1/DLC1/S1PR1/FHOD3/RAPGEF3/EPS8/PIK3R1",33
"GO:0007423","sensory organ development","62/1767","379/18842",0.163588390501319,1.7443873536083,4.70931075998102,1.02393356344913e-05,0.000233729901416654,0.000233729901416654,"NTRK3/DMD/SERPINF1/NECTIN3/ADAMTS18/MYO7B/PTPRM/MSX1/OSR1/PLAAT3/FGF2/MAF/KIT/SLC25A27/PTF1A/RP1L1/SPRY1/CRB2/MAB21L1/EPHA2/SPRY2/ZEB2/NTF4/NRP1/SGCA/TWIST1/CRYBG3/ALDH1A3/PMEL/SGCB/BMP2/PER2/CPAMD8/RPE65/ANGPTL7/MYOM1/SOBP/DRD2/PDGFRA/SGCG/FZD5/TBX18/PROX1/RBP4/OPN4/MEIS2/SLC17A7/TMOD1/ACVRL1/BMP6/FZD4/ATP2B4/CLDN19/ABCB5/EFEMP1/CHRDL1/SSPN/CYP26B1/TMIE/CYP1A1/FOS/MFAP5",62
"GO:0016055","Wnt signaling pathway","69/1767","436/18842",0.158256880733945,1.68753601968817,4.67249542406762,1.05071857671438e-05,0.000238782770354206,0.000238782770354206,"MYOC/FERMT2/GRK5/EGF/NDRG2/APCDD1/APCDD1L/DKK4/ADGRA2/WLS/SFRP1/MIR145/GPC3/ZEB2/RECK/CCN3/LRP1/RSPO1/JADE1/EGFR/MEST/BMP2/IGFBP6/KANK1/AMOTL2/SEMA5A/WNT8A/DRD2/IGFBP1/TMEM196/RSPO3/DCDC2/LGR4/WNT10B/WNT11/DIXDC1/TLE4/AMOTL1/SOSTDC1/EDN1/FZD5/PRKN/TBX18/TMEM88/KLF4/EGR1/DAB2IP/CITED1/FZD7/MIR32/TMEM170B/FZD4/SOX17/LRP4/CALCOCO1/DAAM2/WIF1/TCF7L2/EDNRB/CAV1/PRICKLE2/LGR6/PKD2/RBMS3/DKK3/SOX10/MDFIC/TRABD2B/MARK1",69
"GO:0015849","organic acid transport","56/1767","332/18842",0.168674698795181,1.79862403774691,4.72278422235773,1.09013006903783e-05,0.00024556614186747,0.00024556614186747,"SLC10A6/FABP4/ATP1A2/PMP2/AKR1C1/SLCO1B3-SLCO1B7/LRRC8C/SLC7A14/ABCD2/SLC16A12/RBP7/SLC1A3/SLC51B/ACSL4/SLC7A3/ABCG2/FABP9/NMB/ALB/LEP/SLC1A7/CD36/PLA2R1/SLC16A7/PER2/SLC27A6/SLCO1A2/DRD2/CES1/SPX/SLC36A2/AVP/FOLR2/SLC16A11/SLC13A2/RGS2/ACE2/EDN1/ABCC6/IRS2/SLC22A11/ABCB11/PLA2G4A/SLCO1C1/SLC17A7/PPARA/SLC26A3/ACSL1/PLA2G2A/STXBP1/PLA2G5/ABCB1/SLC7A10/THRSP/PPARG/AVPR1A",56
"GO:0046942","carboxylic acid transport","56/1767","332/18842",0.168674698795181,1.79862403774691,4.72278422235773,1.09013006903783e-05,0.00024556614186747,0.00024556614186747,"SLC10A6/FABP4/ATP1A2/PMP2/AKR1C1/SLCO1B3-SLCO1B7/LRRC8C/SLC7A14/ABCD2/SLC16A12/RBP7/SLC1A3/SLC51B/ACSL4/SLC7A3/ABCG2/FABP9/NMB/ALB/LEP/SLC1A7/CD36/PLA2R1/SLC16A7/PER2/SLC27A6/SLCO1A2/DRD2/CES1/SPX/SLC36A2/AVP/FOLR2/SLC16A11/SLC13A2/RGS2/ACE2/EDN1/ABCC6/IRS2/SLC22A11/ABCB11/PLA2G4A/SLCO1C1/SLC17A7/PPARA/SLC26A3/ACSL1/PLA2G2A/STXBP1/PLA2G5/ABCB1/SLC7A10/THRSP/PPARG/AVPR1A",56
"GO:0050804","modulation of chemical synaptic transmission","75/1767","486/18842",0.154320987654321,1.64556652483459,4.63831250654092,1.10093384932519e-05,0.000246916866818087,0.000246916866818087,"CLMP/HTR2A/ATP1A2/CX3CR1/CRHR2/CNRIP1/EIF4EBP2/NRXN1/SHANK3/CBLN1/PTN/SNCAIP/IGF1/RASGRF2/JPH4/PENK/KIT/CHRNA2/MICU3/SV2C/EFNB3/NTF4/CX3CL1/CCL2/MME/SV2B/MAP1B/GRIA4/MIR324/CBLN4/RELN/DRD2/FAM107A/EPHB1/NTRK2/RIMS3/MCTP1/PRNP/GLRA3/PLPPR4/PLCL2/TAC1/HAP1/NGFR/ADRA2A/S100B/ADIPOQ/GABRA4/PRKAR2B/UNC13C/DLGAP2/AKAP12/PRKN/SLC8A3/TACR1/NPAS4/CYP46A1/NLGN1/ADRB2/ZDHHC2/GRIN2B/CALB2/STXBP1/NRN1/SCTR/NSG1/SLC7A10/NLGN4X/GRIK1/APBA1/KCNB1/ADRA1A/CHRDL1/ARC/MEF2C",75
"GO:0086012","membrane depolarization during cardiac muscle cell action potential","10/1767","22/18842",0.454545454545455,4.84694140042188,5.80773771827623,1.15300145113271e-05,0.000257470237087722,0.000257470237087722,"ATP1A2/SCN5A/SCN2B/ANK2/CACNA2D1/KCNJ2/SCN3B/SCN4B/CACNA1G/CAV3",10
"GO:0034765","regulation of monoatomic ion transmembrane transport","48/1767","271/18842",0.177121771217712,1.8886974608286,4.74035463304255,1.22527997143682e-05,0.000272425884558419,0.000272425884558419,"ATP1A2/DMD/CAPN3/SCN5A/OSR1/TESC/KCNIP2/NOS1/FHL1/JPH4/GSTM2/IL13/TRPC6/FXYD6/STAC2/TRPC1/CX3CL1/LRRC38/ANK2/CACNA2D1/FXYD2/JPH2/KCNJ2/PRNP/SNCA/ATP1B2/BIN1/TRDN/EDN1/CASQ2/KCNS1/AKAP6/HRC/ADCYAP1R1/CLIC2/FXYD1/GRIN2B/DPP6/ATP2B4/UTRN/PLN/KCNE1/DHRS7C/CAV1/ANO6/CAV3/KCNAB1/KCNIP1",48
"GO:0035924","cellular response to vascular endothelial growth factor stimulus","21/1767","81/18842",0.259259259259259,2.76455176172211,5.11963280989183,1.25860884459672e-05,0.000276473942171993,0.000276473942171993,"KDR/VEGFD/ITGB1BP1/CCBE1/SPRY2/PRKD1/NRP1/SEMA6A/MIR27B/ANXA1/EGR3/PDGFRA/GAS1/DCN/FLT4/PROX1/DAB2IP/NR4A1/ANGPT1/ATP2B4/ADAMTS3",21
"GO:0051591","response to cAMP","21/1767","81/18842",0.259259259259259,2.76455176172211,5.11963280989183,1.25860884459672e-05,0.000276473942171993,0.000276473942171993,"DMTN/PENK/CDO1/DUSP1/PER1/AQP1/PDE2A/HCN1/FOSB/SLC8A3/CITED1/HMGCS2/AKAP6/CPS1/SLC26A3/MMP19/CRHBP/KCNE1/RAPGEF3/PKD2/FOS",21
"GO:0009636","response to toxic substance","46/1767","256/18842",0.1796875,1.91605652235427,4.74721805658531,1.25963595148455e-05,0.000276473942171993,0.000276473942171993,"SOD3/SLC29A4/MTARC1/GSTM2/PENK/HBA2/ABCG2/GPX3/ALDH2/SCN2B/ALDH1A1/TPO/ALB/CD36/CYGB/PTGS2/MAP1B/MT1M/ADH4/AIFM2/CDH13/DRD2/CES1/MGST1/MT1X/MPO/HBB/TTPA/EDN1/PRKN/HP/CAT/PRKCA/CLIC2/INMT/CPS1/SLC47A2/ABCB1/HBA1/TRPM6/GLYAT/FBLN5/SCN11A/CYP1A1/FOS/PRXL2A",46
"GO:0014074","response to purine-containing compound","29/1767","133/18842",0.218045112781955,2.32507414546553,4.93322139756601,1.28210041163447e-05,0.000280207136772538,0.000280207136772538,"DMTN/GSTM2/PENK/NT5E/CDO1/DUSP1/PER1/AQP1/PDE2A/NPR2/HCN1/FOSB/P2RX6/CASQ2/SLC8A3/ABCC9/CITED1/HMGCS2/AKAP6/CPS1/SLC26A3/MMP19/RYR3/CRHBP/KCNE1/RAPGEF3/P2RY12/PKD2/FOS",29
"GO:0001938","positive regulation of endothelial cell proliferation","24/1767","100/18842",0.24,2.55918505942275,5.02897632603787,1.29971172771819e-05,0.000282852518371213,0.000282852518371213,"EGF/FGFBP1/STAT5A/KDR/PPP1R16B/FGF2/F3/MIR126/CXCL12/PRKD1/NRP1/CCL24/MIR27B/SEMA5A/CDH13/EGR3/MIR10B/FLT4/PROX1/PRKCA/NR4A1/TEK/ACVRL1/BMP6",24
"GO:0006940","regulation of smooth muscle contraction","16/1767","52/18842",0.307692307692308,3.28100648643942,5.2985214325506,1.31418541447004e-05,0.000284795623996546,0.000284795623996546,"MYOCD/KIT/MIR145/ADRA2B/SPX/ADRA2A/EDN3/RGS2/EDN1/TACR1/ADRB3/PROK2/ADRB2/CAV1/ADRA1A/CNN1",16
"GO:0071674","mononuclear cell migration","40/1767","212/18842",0.188679245283019,2.01193793979776,4.7665623168676,1.40694988879576e-05,0.000303617421380463,0.000303617421380463,"CX3CR1/BMP5/DEFB124/IL6/JAM2/DSG4/ICAM2/GNAI1/SLIT2/NEDD9/CXCL12/CCN3/PECAM1/CX3CL1/CCL2/SIRPA/CXCR2/DUSP1/CD200/ANXA1/XG/CCL23/GPR15/MSTN/CCL21/CH25H/SAA1/PF4/IL34/RARRES2/S1PR1/EDNRB/EPS8/P2RY12/ANO6/CD209/CTSG/APOD/PDGFD/JAM3",40
"GO:0086015","SA node cell action potential","7/1767","11/18842",0.636363636363636,6.78571796059063,6.174571205552,1.48162176456117e-05,0.000315751426671625,0.000315751426671625,"SCN5A/ANK2/HCN1/SCN3B/KCNA5/TBX18/CACNA1G",7
"GO:0086018","SA node cell to atrial cardiac muscle cell signaling","7/1767","11/18842",0.636363636363636,6.78571796059063,6.174571205552,1.48162176456117e-05,0.000315751426671625,0.000315751426671625,"SCN5A/ANK2/HCN1/SCN3B/KCNA5/TBX18/CACNA1G",7
"GO:1990839","response to endothelin","7/1767","11/18842",0.636363636363636,6.78571796059063,6.174571205552,1.48162176456117e-05,0.000315751426671625,0.000315751426671625,"KLF2/KLF15/PRKD1/IRS2/KLF4/KLF11/EDNRB",7
"GO:0050995","negative regulation of lipid catabolic process","11/1767","27/18842",0.407407407407407,4.34429562556331,5.59402399482462,1.50788397151684e-05,0.000320020333789689,0.000320020333789689,"ENDOU/ACACB/PDE3B/HCAR2/CIDEC/ADRA2A/PLIN1/CIDEA/HCAR3/ALK/GPLD1",11
"GO:0032231","regulation of actin filament bundle assembly","24/1767","101/18842",0.237623762376238,2.53384659348787,4.97205731242412,1.55507216784962e-05,0.000328676981649204,0.000328676981649204,"MYOC/LIMCH1/FERMT2/SHANK3/ARHGAP6/SFRP1/SYNPO2/ITGB1BP1/CX3CL1/NRP1/PTGER4/SYNPO/PHLDB2/TAC1/RGCC/TMEFF2/PRKN/TACR1/ARHGEF15/DLC1/S1PR1/FHOD3/RAPGEF3/PIK3R1",24
"GO:0045923","positive regulation of fatty acid metabolic process","14/1767","42/18842",0.333333333333333,3.55442369364271,5.3312438533345,1.63452779585208e-05,0.000342650398346788,0.000342650398346788,"ABCD2/TWIST1/PTGS2/KAT2B/AVP/ADIPOQ/EDN1/IRS2/PPARA/PPARGC1A/GPIHBP1/PPARG/AVPR1A/MLXIPL",14
"GO:0086091","regulation of heart rate by cardiac conduction","14/1767","42/18842",0.333333333333333,3.55442369364271,5.3312438533345,1.63452779585208e-05,0.000342650398346788,0.000342650398346788,"SCN5A/SCN2B/ANK2/CACNA2D1/KCNJ2/HCN1/SCN3B/SCN4B/BIN1/KCNA5/KCNE1/CAV1/CACNA1G/CTNNA3",14
"GO:0048638","regulation of developmental growth","41/1767","221/18842",0.18552036199095,1.97825391094142,4.70582879642581,1.68129906849136e-05,0.000351022439665512,0.000351022439665512,"MYCBP2/YAP1/ZFPM2/CAPN3/STAT5A/IGF1/FGF2/PLXNA4/ACACB/TGFBR3/CXCL12/NRP1/SEMA3G/LEP/SEMA6D/MAP1B/STAT5B/GHR/SEMA5A/RGMA/SEMA3A/CPNE8/MSTN/OSTN/RGS2/DUSP6/ISLR2/MIR222/EDN1/PRKN/PROX1/AKAP6/RBP4/PPARA/PTCH1/VIM/NRG1/CAV3/MEF2C/SPAAR/RNF157",41
"GO:0002792","negative regulation of peptide secretion","13/1767","37/18842",0.351351351351351,3.74655470410988,5.37950530286122,1.7147224913263e-05,0.000356551203054732,0.000356551203054732,"PDE8B/CCN3/LEP/DRD2/ADRA2A/FOXO1/PRKN/NPY2R/CRHBP/KCNB1/FFAR4/FAM3D/HADH",13
"GO:0061572","actin filament bundle organization","33/1767","163/18842",0.202453987730061,2.15882175258054,4.7799518669814,1.75004988526197e-05,0.000362429685915543,0.000362429685915543,"MYOC/LIMCH1/FERMT2/SHANK3/DMTN/ARHGAP6/SFRP1/SYNPO2/ITGB1BP1/ZEB2/NEDD9/CX3CL1/PARVA/NRP1/FSCN3/PTGER4/SYNPO/FAM107A/PHLDB2/TAC1/RGCC/TMEFF2/PRKN/TACR1/MYL9/ARHGEF15/SORBS1/DLC1/S1PR1/FHOD3/RAPGEF3/EPS8/PIK3R1",33
"GO:0070588","calcium ion transmembrane transport","53/1767","314/18842",0.168789808917197,1.79985148818214,4.59779711628423,1.82005430857661e-05,0.00037541361160038,0.00037541361160038,"HTR2A/ATP1A2/DMD/CAPN3/PLCH2/NOS1/JPH4/GSTM2/FGF2/IL13/TRPC6/MICU3/TRPC1/CX3CL1/ANK2/SLC24A4/TMEM37/CACNA2D1/DRD2/JPH2/PRNP/SNCA/PLCL2/TMBIM1/BIN1/TRPM1/PKD1L2/TRDN/CCL21/P2RX6/EDN1/CASQ2/SLC8A3/AKAP6/HRC/ADCYAP1R1/TMC2/CLIC2/CACHD1/CNGA1/GRIN2B/RYR3/ATP2B4/PLN/EDNRB/DHRS7C/CAV1/TRPM6/ANO6/CACNA1G/TRPM3/PKD2/SCN11A",53
"GO:0007411","axon guidance","36/1767","185/18842",0.194594594594595,2.07501491304547,4.72682300791398,1.85402151535475e-05,0.00037956848329986,0.00037956848329986,"MYCBP2/NRXN1/PTPRM/FEZ1/PLXNA4/SLIT2/EFNB3/CXCL12/NCAM1/NRP1/ARHGEF40/SEMA3G/SEMA6A/NFIB/ROBO3/NOVA2/KALRN/SLIT3/SEMA6D/SEMA3D/SEMA5A/RELN/NEXN/EPHB1/HMCN2/SEMA3A/EDN3/TENM1/EDN1/FGF8/CNTN6/PTCH1/ROBO4/TENM2/LGR6/BOC",36
"GO:0046889","positive regulation of lipid biosynthetic process","24/1767","102/18842",0.235294117647059,2.50900496021838,4.9158186545212,1.85497837438211e-05,0.00037956848329986,0.00037956848329986,"HTR2A/CYP7A1/PLCH2/ABCD2/GNAI1/PTGS2/NR5A2/KAT2B/QKI/AVP/PCK1/EDN1/DGAT2/ABHD6/HSD17B13/PPARA/SORBS1/BMP6/FGF1/GPIHBP1/ADM/AVPR1A/GPLD1/MLXIPL",24
"GO:0060420","regulation of heart growth","17/1767","59/18842",0.288135593220339,3.07246793857251,5.12886467772192,1.87503179272494e-05,0.000382149336802988,0.000382149336802988,"YAP1/ZFPM2/IGF1/FGF2/ACACB/TGFBR3/RGS2/DUSP6/MIR222/EDN1/PROX1/AKAP6/RBP4/PPARA/NRG1/CAV3/MEF2C",17
"GO:0006633","fatty acid biosynthetic process","35/1767","178/18842",0.196629213483146,2.09671060580047,4.72922062528715,1.91044348603147e-05,0.000386300698592819,0.000386300698592819,"CYP7A1/PTGIS/AKR1C3/ABCD2/MGLL/GSTM2/CYP1A2/ACSL4/ACACB/ACSM2B/ACSM1/ACADL/CYP3A4/PTGS2/ANGPTL4/ACSM3/KAT2B/SCD/AVP/ELOVL3/FADS3/ACSS2/LPL/EDN1/PLA2G4A/ACSL1/PECR/PDK4/EHHADH/ACSM2A/ACSM5/GPIHBP1/AVPR1A/CYP1A1/MLXIPL",35
"GO:0015718","monocarboxylic acid transport","35/1767","178/18842",0.196629213483146,2.09671060580047,4.72922062528715,1.91044348603147e-05,0.000386300698592819,0.000386300698592819,"SLC10A6/FABP4/PMP2/AKR1C1/SLCO1B3-SLCO1B7/ABCD2/SLC16A12/RBP7/SLC51B/ACSL4/ABCG2/FABP9/NMB/LEP/CD36/PLA2R1/SLC16A7/SLC27A6/SLCO1A2/DRD2/CES1/SPX/SLC16A11/EDN1/IRS2/SLC22A11/ABCB11/PLA2G4A/SLCO1C1/PPARA/ACSL1/PLA2G2A/PLA2G5/THRSP/PPARG",35
"GO:0050918","positive chemotaxis","19/1767","71/18842",0.267605633802817,2.85355141602302,5.03361506091977,1.98126557783528e-05,0.000399050196382824,0.000399050196382824,"NTRK3/KDR/FGF2/F3/MET/VEGFD/CXCL12/CX3CL1/FGF7/NRP1/CCL2/CCL16/SEMA5A/CDH13/FGF8/HGF/ANGPT1/S1PR1/S100A4",19
"GO:0042552","myelination","25/1767","109/18842",0.229357798165138,2.44570437635966,4.86943946775866,2.00394176807657e-05,0.000402040817220361,0.000402040817220361,"MYOC/PTN/IGF1/ABCD2/GPM6B/JAM2/EGR2/B4GALT6/PTPRZ1/SCN2A/TPPP/HYCC1/LPIN1/ANK2/CLDN5/LGI4/QKI/S100B/SLC8A3/CFH/GAL3ST1/PRX/MPZ/PLP1/SOX10",25
"GO:0062013","positive regulation of small molecule metabolic process","32/1767","157/18842",0.203821656050955,2.17340557063503,4.7494280640219,2.02293315424683e-05,0.000404271777440144,0.000404271777440144,"CYP7A1/IGF1/ABCD2/GNAI1/PTH1R/TWIST1/LHCGR/PTGS2/CES1/KAT2B/QKI/AVP/SNCA/ADIPOQ/PID1/FOXO1/EDN1/IRS2/PRKN/DGAT2/ADCYAP1R1/PPARA/SORBS1/BMP6/FGF1/PPARGC1A/GPIHBP1/ADM/PPARG/AVPR1A/GPLD1/MLXIPL",32
"GO:0042448","progesterone metabolic process","8/1767","15/18842",0.533333333333333,5.68707790982833,5.84180604964574,2.07311556069348e-05,0.000412694632547353,0.000412694632547353,"AKR1C1/AKR1C3/DHRS9/HSD3B1/AKR1C2/EGR1/CYP46A1/ADM",8
"GO:0097485","neuron projection guidance","36/1767","186/18842",0.193548387096774,2.06385891888932,4.69052157342317,2.09498656334397e-05,0.000415438262136472,0.000415438262136472,"MYCBP2/NRXN1/PTPRM/FEZ1/PLXNA4/SLIT2/EFNB3/CXCL12/NCAM1/NRP1/ARHGEF40/SEMA3G/SEMA6A/NFIB/ROBO3/NOVA2/KALRN/SLIT3/SEMA6D/SEMA3D/SEMA5A/RELN/NEXN/EPHB1/HMCN2/SEMA3A/EDN3/TENM1/EDN1/FGF8/CNTN6/PTCH1/ROBO4/TENM2/LGR6/BOC",36
"GO:0014819","regulation of skeletal muscle contraction","9/1767","19/18842",0.473684210526316,5.05102314359753,5.6831222338224,2.12351943841918e-05,0.000419476762912343,0.000419476762912343,"DMD/SCN4A/GSTM2/PRKD1/KCNJ2/ADGRD1/SLC8A3/KBTBD13/CAV3",9
"GO:0072006","nephron development","27/1767","123/18842",0.219512195121951,2.34071804215495,4.79886553048923,2.21660033309882e-05,0.00043618618049025,0.00043618618049025,"OSR1/FGF2/GPC3/IRX1/KLF15/PECAM1/POU3F3/BMP2/AQP1/ACTA2/PDGFRA/LGR4/CR1/WNT11/EDN1/EGR1/CITED1/TEK/COL4A3/CD34/KLHL3/ANGPT1/FGF1/TCF21/MEF2C/PKD2/PDGFD",27
"GO:0010543","regulation of platelet activation","16/1767","54/18842",0.296296296296296,3.15948772768241,5.11207524751336,2.23271560681562e-05,0.000437680433458207,0.000437680433458207,"HTR2A/ADAMTS18/C1QTNF1/TLR4/EMILIN2/IL6/THBD/PEAR1/MMRN1/SVEP1/PDGFRA/PRKCA/PLA2G4A/SELP/PDGFA/CTSG",16
"GO:0007616","long-term memory","11/1767","28/18842",0.392857142857143,4.18914221036462,5.43253114633455,2.2735533487745e-05,0.000443991254726458,0.000443991254726458,"NTF4/RELN/DRD2/PRNP/TAC1/ACSS2/EGR1/TACR1/NPAS4/SLC2A4/ARC",11
"GO:0051494","negative regulation of cytoskeleton organization","31/1767","151/18842",0.205298013245033,2.18914836760776,4.7195233845517,2.33404057179616e-05,0.000454076983967617,0.000454076983967617,"MYOC/CAPZA3/SHANK3/DMTN/KANK3/ARHGAP6/PLEKHH2/SLIT2/MAP1B/KANK1/ADD3/PHLDB2/KAT2B/SNCA/TMOD2/CDH5/TMEFF2/PRKN/GAS2L2/SPTA1/LMOD1/TMOD1/DLC1/SPTB/S1PR1/KANK2/GSN/EPS8/PIK3R1/CAV3/SPTBN1",31
"GO:0006081","aldehyde metabolic process","20/1767","78/18842",0.256410256410256,2.73417207203285,4.93704027876707,2.39741349190795e-05,0.00046347443354273,0.00046347443354273,"AKR1C1/AKR1C3/BMP5/ALPL/ALDH2/ALDH1A1/GLYCTK/ALDH1A3/BMP2/RPE65/ADH4/PCK1/AGXT/BMP6/ALDH1L1/ALDH1A2/HOGA1/EDNRB/ALDH3A1/DKK3",20
"GO:0051899","membrane depolarization","23/1767","97/18842",0.237113402061856,2.52840448310667,4.85479997468102,2.40866942560746e-05,0.00046347443354273,0.00046347443354273,"MYOC/ATP1A2/KDR/SCN5A/FHL1/SCN3A/CHRNA2/SCN2B/ALB/ANK2/CACNA2D1/KCNJ2/HCN1/SCN3B/SCN4B/DCN/EDN1/BOK/SCN9A/CAV1/CACNA1G/CAV3/SCN11A",23
"GO:0001501","skeletal system development","56/1767","341/18842",0.164222873900293,1.7511530220879,4.50295804066324,2.40941732390788e-05,0.00046347443354273,0.00046347443354273,"MYOC/CER1/BMP3/MAP2K6/TLL1/BMP5/SOX5/IGF1/OSR1/FGF2/ETS2/ALPL/HOXA9/CCN3/PTH1R/NFIB/TWIST1/LEP/HOXA3/ALX4/BMP2/HOXA2/PTGER4/PRELP/GHR/NR5A2/GDF10/TGFBR2/HOXA4/NPR2/FREM1/PDGFRA/PKDCC/WNT10B/WNT11/OSTN/HOXD4/RBP4/FGF8/RPS6KA3/ACVRL1/LEPR/BMP6/NPR3/PCSK5/DDR2/ZBTB16/SHOX/OGN/EFEMP1/MEF2C/FBLN5/CYP26B1/HYAL1/HHIP/GPLD1",56
"GO:0042573","retinoic acid metabolic process","12/1767","33/18842",0.363636363636364,3.8775531203375,5.32215305201938,2.42601838534727e-05,0.000464926508475508,0.000464926508475508,"ADH1A/AKR1C3/ADH1B/ALDH1A1/CYP3A4/ALDH1A3/DHRS9/ADH6/ALDH1A2/ADH1C/CYP26B1/CYP1A1",12
"GO:0045446","endothelial cell differentiation","24/1767","104/18842",0.230769230769231,2.46075486482957,4.8053197030617,2.61630174766877e-05,0.000499528839257501,0.000499528839257501,"KDR/PPP1R16B/MET/TIE1/PECAM1/NRP1/CLDN5/AMOTL2/ATOH8/FSTL1/PDE2A/ZEB1/CDH5/PROX1/ACVRL1/BMP6/APOLD1/SOX17/S1PR1/TMEM100/ROBO4/RAPGEF3/NOTCH4/NRG1",24
"GO:0007272","ensheathment of neurons","25/1767","111/18842",0.225225225225225,2.40163763083967,4.7643828166971,2.78470438796385e-05,0.000527757997659865,0.000527757997659865,"MYOC/PTN/IGF1/ABCD2/GPM6B/JAM2/EGR2/B4GALT6/PTPRZ1/SCN2A/TPPP/HYCC1/LPIN1/ANK2/CLDN5/LGI4/QKI/S100B/SLC8A3/CFH/GAL3ST1/PRX/MPZ/PLP1/SOX10",25
"GO:0008366","axon ensheathment","25/1767","111/18842",0.225225225225225,2.40163763083967,4.7643828166971,2.78470438796385e-05,0.000527757997659865,0.000527757997659865,"MYOC/PTN/IGF1/ABCD2/GPM6B/JAM2/EGR2/B4GALT6/PTPRZ1/SCN2A/TPPP/HYCC1/LPIN1/ANK2/CLDN5/LGI4/QKI/S100B/SLC8A3/CFH/GAL3ST1/PRX/MPZ/PLP1/SOX10",25
"GO:0006816","calcium ion transport","65/1767","416/18842",0.15625,1.66613610639502,4.41961052862202,2.81743586698159e-05,0.000531998184294758,0.000531998184294758,"HTR2A/ATP1A2/DMD/EGF/CAPN3/PLCH2/NOS1/JPH4/GSTM2/FGF2/IL13/CHRNA2/TRPC6/MICU3/CXCL12/TRPC1/CX3CL1/CCL2/ANK2/SLC24A4/TMEM37/CACNA2D1/DRD2/JPH2/PRNP/SNCA/PLCL2/ADRA2A/MYLK/TMBIM1/BIN1/TRPM1/SRL/PKD1L2/CALCRL/TRDN/CCL21/P2RX6/HTR3C/EDN1/CASQ2/CDH23/SLC8A3/CLCA1/AKAP6/HRC/ADCYAP1R1/TMC2/CLIC2/CACHD1/CNGA1/GRIN2B/RYR3/ATP2B4/PLN/EDNRB/DHRS7C/CAV1/TRPM6/ANO6/CACNA1G/TRPM3/CAV3/PKD2/SCN11A",65
"GO:0045214","sarcomere organization","14/1767","44/18842",0.318181818181818,3.39285898029531,5.11184308176345,2.97084879012753e-05,0.000558911332823993,0.000558911332823993,"CAPN3/CSRP1/PRKD1/MYOM3/MYOZ2/FLNC/MYOM1/MYOM2/EDN1/MYH3/PROX1/TNNT3/FHOD3/CAV3",14
"GO:1904018","positive regulation of vasculature development","36/1767","189/18842",0.19047619047619,2.03109925351012,4.58296903335623,2.99983213062397e-05,0.000561341259705213,0.000561341259705213,"PTGIS/KDR/EMILIN2/FGF2/F3/MIR126/HSPB6/TIE1/CCBE1/C3/CXCL12/PRKD1/NRP1/BMPER/TWIST1/CCL24/MIR27B/AQP1/SEMA5A/CMA1/ANGPTL4/NODAL/SASH1/CDH5/ANXA3/ANGPT4/KLF4/C6/PRKCA/TEK/CD34/TLR3/FGF1/RAPGEF3/ADM/HYAL1",36
"GO:0003158","endothelium development","27/1767","125/18842",0.216,2.30326655348048,4.70283811685312,3.00562395675494e-05,0.000561341259705213,0.000561341259705213,"KDR/PPP1R16B/MET/TIE1/PECAM1/NRP1/CLDN5/AMOTL2/ATOH8/FSTL1/PDE2A/ZEB1/CDH5/EDN1/PROX1/ACVRL1/CD34/BMP6/APOLD1/SOX17/S1PR1/FGF1/TMEM100/ROBO4/RAPGEF3/NOTCH4/NRG1",27
"GO:0032835","glomerulus development","17/1767","61/18842",0.278688524590164,2.97173128484882,4.96184486679403,3.02603608546382e-05,0.00056310584546892,0.00056310584546892,"OSR1/KLF15/PECAM1/AQP1/ACTA2/PDGFRA/LGR4/CR1/EDN1/EGR1/TEK/COL4A3/CD34/ANGPT1/TCF21/MEF2C/PDGFD",17
"GO:0006959","humoral immune response","50/1767","296/18842",0.168918918918919,1.80122822312975,4.46958149214288,3.03915620840682e-05,0.000563505642107489,0.000563505642107489,"MUC7/CFD/CXCL2/SERPING1/IL6/JCHAIN/CCL13/C3/CXCL12/CX3CL1/TF/CCL2/CCL16/CFI/CCL24/CXCL3/PF4V1/VIP/C7/ELANE/CFHR1/PPBP/TAC1/MASP2/CCL23/CCL14/IGHA2/CR1/RNASE7/CCL21/TSLP/FCN2/C6/PF4/RNASE4/IFNE/BST1/VSIG4/C4BPA/IFNA8/RARRES2/CFH/CCL28/MASP1/KLK3/A2M/ADM/MEF2C/IGHA1/CTSG",50
"GO:0002028","regulation of sodium ion transport","18/1767","67/18842",0.26865671641791,2.86475939487621,4.91881088839291,3.07145474034872e-05,0.000565411883384624,0.000565411883384624,"NKAIN2/DMD/SCN5A/OSR1/TESC/NOS1/FXYD6/SCN2B/PER1/FXYD2/DRD2/SCN3B/ATP1B2/SCN4B/FXYD1/ATP2B4/UTRN/CAV3",18
"GO:0051952","regulation of amine transport","18/1767","67/18842",0.26865671641791,2.86475939487621,4.91881088839291,3.07145474034872e-05,0.000565411883384624,0.000565411883384624,"HTR2A/ATP1A2/CXCL12/LEP/ADRA2B/PER2/DRD2/AVP/SNCA/ADRA2A/RGS2/ACE2/PRKN/STXBP1/KCNB1/KCNA2/AVPR1A/FFAR3",18
"GO:0048661","positive regulation of smooth muscle cell proliferation","22/1767","92/18842",0.239130434782609,2.54991264978716,4.79391571148018,3.1228739138501e-05,0.000572824300769076,0.000572824300769076,"MIR221/JUN/IGF1/IL6/FGF2/IL13/CX3CL1/ADAMTS1/MIR27B/CDH13/ELANE/HBEGF/RGCC/MIR222/EDN1/PRKCA/S1PR1/RBPMS2/DDR2/NR4A3/PIK3R1/PDGFD",22
"GO:0006814","sodium ion transport","43/1767","242/18842",0.177685950413223,1.89471345652855,4.50635159672849,3.14755064934325e-05,0.000575296090214482,0.000575296090214482,"SLC10A6/NKAIN2/ATP1A2/DMD/SLC5A4/SCN4A/SCN5A/OSR1/TESC/NOS1/CLCNKB/SCN3A/FXYD6/SCN2A/SGK1/SCN2B/SLC24A4/PER1/FXYD2/DRD2/SLC28A3/SCN7A/HCN1/SCN3B/ATP1B2/SCN4B/SLC9A9/SLC13A2/EDN1/SLC8A3/SLC17A7/FXYD1/CNGA1/SLC6A2/KLHL3/ATP2B4/UTRN/EDNRB/SCN9A/ANO6/CAV3/PKD2/SCN11A",43
"GO:0050767","regulation of neurogenesis","48/1767","281/18842",0.170818505338078,1.8214840280589,4.46315009050983,3.24152513029456e-05,0.00059037138543237,0.00059037138543237,"NTRK3/CX3CR1/SERPINF1/YAP1/SHANK3/PTN/IL6/NOS1/KIT/EGR2/PTPRZ1/SLIT2/MIR125B1/EFNB3/CXCL12/CX3CL1/NRP1/SEMA3G/ROBO3/ARMCX5-GPRASP2/MME/MEST/CNTFR/BHLHE41/SEMA6D/BMP2/PER2/MAP1B/SEMA5A/RELN/DRD2/RGMA/FEZF2/NTRK2/QKI/HAP1/KHDC3L/BIN1/ISLR2/GFAP/NEGR1/IL34/FZD4/LRP4/DAAM2/VIM/DCT/SOX10",48
"GO:0060306","regulation of membrane repolarization","13/1767","39/18842",0.333333333333333,3.55442369364271,5.13690527909498,3.27014127398251e-05,0.000593478642514988,0.000593478642514988,"SCN5A/KCNIP2/NOS1/ANK2/CACNA2D1/KCNJ2/SCN4B/KCNA5/CASQ2/AKAP6/KCNE1/CAV1/CAV3",13
"GO:0030449","regulation of complement activation","11/1767","29/18842",0.379310344827586,4.04468903069688,5.27840618552702,3.35342906379559e-05,0.000606451115199089,0.000606451115199089,"SERPING1/C3/CFI/CFHR1/CR1/C6/VSIG4/C4BPA/CFH/MASP1/A2M",11
"GO:0141161","regulation of cAMP/PKA signal transduction","15/1767","50/18842",0.3,3.19898132427844,5.00852602306266,3.40530257915006e-05,0.000611806040717948,0.000611806040717948,"PDE7B/NRXN1/PDE8B/PDE1B/CALCR/PDE1A/PDE3B/MYOM1/PDE11A/VIP/PDE2A/ADIPOQ/PRKAR2B/AKAP6/PDE1C",15
"GO:0010880","regulation of release of sequestered calcium ion into cytosol by sarcoplasmic reticulum","12/1767","34/18842",0.352941176470588,3.76350744032757,5.1882235659442,3.43068807879223e-05,0.000611806040717948,0.000611806040717948,"ATP1A2/DMD/JPH4/GSTM2/ANK2/JPH2/TRDN/CASQ2/AKAP6/HRC/CLIC2/DHRS7C",12
"GO:0035633","maintenance of blood-brain barrier","12/1767","34/18842",0.352941176470588,3.76350744032757,5.1882235659442,3.43068807879223e-05,0.000611806040717948,0.000611806040717948,"DMD/IL6/JAM2/LAMA2/ZEB2/PECAM1/CLDN5/CDH5/ESAM/ANGPT1/LAMC1/JAM3",12
"GO:0060421","positive regulation of heart growth","12/1767","34/18842",0.352941176470588,3.76350744032757,5.1882235659442,3.43068807879223e-05,0.000611806040717948,0.000611806040717948,"YAP1/ZFPM2/IGF1/FGF2/ACACB/TGFBR3/MIR222/EDN1/PROX1/AKAP6/NRG1/MEF2C",12
"GO:1902904","negative regulation of supramolecular fiber organization","31/1767","154/18842",0.201298701298701,2.14650262018683,4.59561769156446,3.48765516433455e-05,0.000619813042353711,0.000619813042353712,"MYOC/CAPZA3/SHANK3/DMTN/KANK3/ARHGAP6/PLEKHH2/SLIT2/MAP1B/KANK1/ADD3/PHLDB2/SNCA/TMOD2/CDH5/TMEFF2/PRKN/GAS2L2/SPTA1/LMOD1/TMOD1/CRYAB/DLC1/SPTB/S1PR1/KANK2/GSN/EPS8/PIK3R1/CAV3/SPTBN1",31
"GO:0043266","regulation of potassium ion transport","20/1767","80/18842",0.25,2.66581777023203,4.80311308335187,3.56636898572439e-05,0.000631616245195878,0.000631616245195878,"HTR2A/KCNIP2/NOS1/FHL1/ANK2/DRD2/KCNJ2/ATP1B2/ADRA2A/BIN1/CASQ2/KCNS1/AKAP6/DPP6/KCNE1/CAV1/ANO6/CAV3/KCNAB1/KCNIP1",20
"GO:0010810","regulation of cell-substrate adhesion","37/1767","198/18842",0.186868686868687,1.99263146461788,4.51690523148183,3.61141912584623e-05,0.000637396860149355,0.000637396860149355,"MYOC/LIMCH1/FBLN2/FERMT2/NDNF/DMTN/KDR/GPM6B/CORO2B/ARHGAP6/SFRP1/ITGB1BP1/NEDD9/CX3CL1/NRP1/VIT/CD36/CCDC80/KANK1/CDH13/FAM107A/PHLDB2/SPOCK3/CCL21/FBLN1/FZD7/TEK/ACVRL1/BST1/ECM2/DLC1/FZD4/UTRN/CCL28/HOXA7/PLPP3/APOD",37
"GO:0051480","regulation of cytosolic calcium ion concentration","16/1767","56/18842",0.285714285714286,3.04664888026518,4.93412434621948,3.67980062993174e-05,0.000647241645045529,0.000647241645045529,"TRPC6/CNR1/TRPC1/SV2B/CAV2/CDH23/SLC8A3/TMEM178A/BOK/HRC/CALB2/ATP2B4/PLN/HCRTR1/CAV1/CAV3",16
"GO:0085029","extracellular matrix assembly","14/1767","45/18842",0.311111111111111,3.31746211406653,5.00684933098608,3.94282472038168e-05,0.000691138148937894,0.000691138148937894,"TNXB/MYH11/HAS1/GPM6B/HAS3/TIE1/MIR145/TGFBR3/MIR27B/MFAP4/RGCC/LTBP4/PPARG/FBLN5",14
"GO:0007160","cell-matrix adhesion","41/1767","229/18842",0.179039301310044,1.90914460400897,4.45279202628521,3.97495346986806e-05,0.000694400034736134,0.000694400034736134,"MYOC/LIMCH1/FERMT2/DMTN/KDR/ITGA7/GPM6B/CORO2B/ARHGAP6/SFRP1/ITGB1BP1/CX3CL1/LYVE1/NRP1/SVEP1/CD36/ADAMTS9/ITGA1/CDH13/FAM107A/PHLDB2/FREM1/CCL21/COL17A1/TEK/EPDR1/ACVRL1/BST1/CD34/TSPAN11/SORBS1/ECM2/DLC1/THSD1/UTRN/CCL28/ITGA9/HOXA7/FBLN5/PLPP3/APOD",41
"GO:0007613","memory","21/1767","87/18842",0.241379310344828,2.57389301953438,4.73332357858667,4.04159971108896e-05,0.000701272166086247,0.000701272166086247,"HTR2A/SERPINF1/EIF4EBP2/SHANK3/PTN/SCN2A/NTF4/RELN/DRD2/KAT2B/PRNP/TAC1/ACSS2/SLC8A3/EGR1/TACR1/NPAS4/VLDLR/SLC2A4/ARC/FOS",21
"GO:0170062","nutrient storage","21/1767","87/18842",0.241379310344828,2.57389301953438,4.73332357858667,4.04159971108896e-05,0.000701272166086247,0.000701272166086247,"IL6/ACACB/APOB/C3/LEP/ABCA1/MEST/CD36/PNPLA2/CES1/CIDEC/KHDC3L/MIR10B/LPL/DAB2IP/DGAT2/CRY2/CIDEA/PPARA/CAV1/PPARG",21
"GO:0032368","regulation of lipid transport","29/1767","141/18842",0.205673758865248,2.19315504501359,4.57471366579255,4.07514675525676e-05,0.000702712405365923,0.000702712405365923,"ABCA8/EGF/EEPD1/C1QTNF1/GALR1/ACSL4/MIR145/PLTP/LRP1/NMB/ECRG4/ABCA1/PLA2R1/MIR27B/CES1/TAC1/ADIPOQ/EDN1/IRS2/PRKN/CRY2/ABCA5/PPARA/BMP6/ACSL1/PTCH1/CAV1/CETP/PPARG",29
"GO:0008064","regulation of actin polymerization or depolymerization","28/1767","134/18842",0.208955223880597,2.22814619601483,4.58964060709957,4.0772643457758e-05,0.000702712405365923,0.000702712405365923,"CAPZA3/DMTN/KANK3/PLEKHH2/SLIT2/CXCL12/CCL24/KANK1/CSF3/SEMA5A/ADD3/CYRIA/CFL2/BIN1/TENM1/TMOD2/CCL21/SPTA1/LMOD1/ESAM/TMOD1/SPTB/DAAM2/KANK2/PAK3/GSN/EPS8/SPTBN1",28
"GO:0046879","hormone secretion","46/1767","268/18842",0.171641791044776,1.83026294672647,4.40372536071485,4.15026793428877e-05,0.000712902211053749,0.00071290221105375,"ITSN1/C1QTNF1/GALR1/IL6/PDE8B/ACSL4/CCN3/PRKD1/NMB/ECRG4/LEP/MYRIP/PER2/CACNA2D1/NNAT/ADCY5/DRD2/VIP/HCAR2/ANXA1/TAC1/ADRA2A/EDN3/FOXO1/KCNA5/EDN1/IRS2/PRKN/PRKCA/TACR1/RBP4/CRY2/BMP6/CRHBP/RASL10B/TCF7L2/DOC2B/KCNB1/RAPGEF3/FFAR4/FAM3D/HADH/PPARG/GPLD1/MLXIPL/FFAR3",46
"GO:0008202","steroid metabolic process","51/1767","308/18842",0.165584415584416,1.76567151015368,4.35836060164341,4.37469895399783e-05,0.000748948460924428,0.000748948460924428,"AKR1D1/CYP7A1/GPR146/AKR1C1/FAXDC2/AKR1C3/BMP5/CYP1A2/AKR1C8/GNAI1/SULT1C3/LIPE/APOB/CYP39A1/ACADL/CYP3A4/ABCA1/DHRS9/HSD3B1/BMP2/MIR27B/NR5A2/AKR1C2/CES1/QKI/UGT2B28/CYP11A1/HSD11B1/CH25H/CYP2U1/ACAA2/EGR1/PROX1/DGAT2/HMGCS2/ABCB11/ABCA5/CUBN/CYP46A1/SCARF1/VLDLR/BMP6/EDNRB/FGF1/HSD17B11/CETP/ADM/STS/DKK3/RDH5/CYP1A1",51
"GO:0099622","cardiac muscle cell membrane repolarization","13/1767","40/18842",0.325,3.46556310130164,5.02150600965573,4.43116831146534e-05,0.000754243219214274,0.000754243219214274,"SCN5A/KCNIP2/NOS1/SCN2B/ANK2/CACNA2D1/KCNJ2/SCN4B/KCNA5/CASQ2/KCNJ8/KCNE1/CAV3",13
"GO:0005976","polysaccharide metabolic process","22/1767","94/18842",0.234042553191489,2.49565918915339,4.67637135201269,4.44715042879087e-05,0.000754243219214274,0.000754243219214274,"EPM2A/EGF/GBE1/HAS1/IGF1/STBD1/HAS3/GABARAPL1/PYGL/G6PC1/GYS2/PPP1R1A/PHKG1/PGM1/PYGM/UGP2/PER2/GYG2/IRS2/PPP1R3G/SORBS1/CHST7",22
"GO:0045766","positive regulation of angiogenesis","35/1767","185/18842",0.189189189189189,2.01737560990532,4.47338393377951,4.44968254326178e-05,0.000754243219214274,0.000754243219214274,"PTGIS/KDR/EMILIN2/FGF2/F3/MIR126/HSPB6/TIE1/CCBE1/C3/PRKD1/NRP1/BMPER/TWIST1/CCL24/MIR27B/AQP1/SEMA5A/CMA1/ANGPTL4/NODAL/SASH1/CDH5/ANXA3/ANGPT4/KLF4/C6/PRKCA/TEK/CD34/TLR3/FGF1/RAPGEF3/ADM/HYAL1",35
"GO:0061564","axon development","64/1767","414/18842",0.154589371980676,1.64842837966039,4.29153813857539,4.50157210201757e-05,0.000760528760393495,0.000760528760393495,"MYCBP2/MIR221/NRXN1/PTN/PTPRM/MGARP/GPM6B/FEZ1/PLXNA4/B4GALT6/SLIT2/NMNAT2/EFNB3/CXCL12/SLITRK2/NCAM1/CRTAC1/NRP1/ARHGEF40/SEMA3G/SEMA6A/NFIB/ROBO3/NOVA2/KALRN/SLIT3/SEMA6D/SEMA3D/MAP1B/SEMA5A/RELN/NEXN/DRD2/RGMA/EPHB1/HMCN2/NTRK2/SEMA3A/NPR2/PLPPR4/S100B/EDN3/TENM1/FAT4/ISLR2/MIR222/EDN1/PRKCA/FGF8/CNTN6/SLITRK3/SCARF1/STXBP1/LRP4/PTCH1/PAK3/ROBO4/VIM/TENM2/LGR6/PLP1/SCN11A/APOD/BOC",64
"GO:1903053","regulation of extracellular matrix organization","19/1767","75/18842",0.253333333333333,2.70136200716846,4.74919310353945,4.55573078693533e-05,0.00076581490568086,0.00076581490568086,"TNXB/LAMA1/IL6/LAMA2/TIE1/MIR145/TGFBR3/MIR205/RECK/LRP1/BMP2/ANGPTL7/MIR27B/RGCC/LAMC1/DDR2/PPARG/PRDM5/DPP4",19
"GO:0048762","mesenchymal cell differentiation","42/1767","238/18842",0.176470588235294,1.88175372016379,4.40374848847281,4.56268226515466e-05,0.00076581490568086,0.00076581490568086,"FERMT2/MIR221/BMP5/MSX1/IGF1/OSR1/IL6/IL17RD/SFRP1/MIR145/TGFBR3/SPRY1/CRB2/SPRY2/NCAM1/NRP1/SEMA3G/SEMA6A/TWIST1/SEMA6D/BMP2/SEMA3D/SEMA5A/WNT8A/TGFBR2/SEMA3A/QKI/RGCC/MIR222/EDN1/DAB2IP/GFAP/FGF8/HGF/TCF7L2/TCF21/NOTCH4/NRG1/S100A4/MEF2C/SOX10/MARK1",42
"GO:0045598","regulation of fat cell differentiation","26/1767","121/18842",0.214876033057851,2.29128138929034,4.58394025549073,4.59974263420737e-05,0.00076952046154036,0.00076952046154036,"FERMT2/YAP1/ZFPM2/IL6/DLK2/LMO3/SFRP1/PRDM16/LEP/ZFP36/BMP2/PTGS2/MIR27B/ZFP36L2/ADIPOQ/MEDAG/WNT10B/LPL/FOXO1/RARRES2/PTPRQ/SLC7A10/ZBTB16/FFAR4/RUNX1T1/PPARG",26
"GO:0097237","cellular response to toxic substance","28/1767","135/18842",0.207407407407407,2.21164140937769,4.54494688296116,4.69096941744659e-05,0.000781403031949246,0.000781403031949246,"SOD3/SLC29A4/MTARC1/GSTM2/HBA2/ABCG2/GPX3/ALDH2/ALDH1A1/TPO/ALB/CD36/CYGB/PTGS2/ADH4/AIFM2/CDH13/MGST1/MPO/HBB/EDN1/PRKN/HP/CAT/CLIC2/HBA1/FBLN5/PRXL2A",28
"GO:0098900","regulation of action potential","18/1767","69/18842",0.260869565217391,2.7817228906769,4.76966369394984,4.71330927783668e-05,0.000781403031949246,0.000781403031949246,"SCN5A/NOS1/CD36/ANK2/CACNA2D1/KCNJ2/TAC1/HCN1/BIN1/CASQ2/TBX18/TACR1/NPY2R/CAV1/KCNB1/ADRA1A/CTNNA3/CAV3",18
"GO:0071300","cellular response to retinoic acid","17/1767","63/18842",0.26984126984127,2.87739060913934,4.80151818776585,4.76440741810516e-05,0.000781403031949246,0.000781403031949246,"NTRK3/ANKK1/SERPINF1/OSR1/TESC/BRINP1/LEP/ABCA1/AQP1/DRD2/WNT10B/WNT11/KLF4/FZD7/FZD4/ALDH1A2/CYP26B1",17
"GO:0010743","regulation of macrophage derived foam cell differentiation","12/1767","35/18842",0.342857142857143,3.65597865631821,5.05928021363029,4.77726931526603e-05,0.000781403031949246,0.000781403031949246,"APOB/ABCA1/CD36/ADIPOQ/LPL/PF4/ABCA5/PPARA/PLA2G2A/PLA2G5/CETP/PPARG",12
"GO:0032373","positive regulation of sterol transport","12/1767","35/18842",0.342857142857143,3.65597865631821,5.05928021363029,4.77726931526603e-05,0.000781403031949246,0.000781403031949246,"ABCA8/EEPD1/PLTP/LRP1/ABCA1/CES1/ADIPOQ/ABCA5/PTCH1/CAV1/CETP/PPARG",12
"GO:0032376","positive regulation of cholesterol transport","12/1767","35/18842",0.342857142857143,3.65597865631821,5.05928021363029,4.77726931526603e-05,0.000781403031949246,0.000781403031949246,"ABCA8/EEPD1/PLTP/LRP1/ABCA1/CES1/ADIPOQ/ABCA5/PTCH1/CAV1/CETP/PPARG",12
"GO:0090278","negative regulation of peptide hormone secretion","12/1767","35/18842",0.342857142857143,3.65597865631821,5.05928021363029,4.77726931526603e-05,0.000781403031949246,0.000781403031949246,"PDE8B/CCN3/LEP/DRD2/ADRA2A/FOXO1/PRKN/CRHBP/KCNB1/FFAR4/FAM3D/HADH",12
"GO:0032355","response to estradiol","24/1767","108/18842",0.222222222222222,2.36961579576181,4.59182437634418,5.03324824403153e-05,0.00082065914226495,0.00082065914226495,"TXNIP/PENK/SFRP1/SSTR1/LEP/EGFR/MAP1B/DUSP1/STAT5B/GHR/PTGFR/DRD2/CAT/PRKCA/TACR1/ADCYAP1R1/CSN1S1/CRYAB/ESR2/SOCS2/STXBP1/CRHBP/PTCH1/ALDH1A2",24
"GO:0019915","lipid storage","20/1767","82/18842",0.24390243902439,2.60079782461662,4.67322711595637,5.21947926560927e-05,0.000848330554055987,0.000848330554055987,"IL6/ACACB/APOB/C3/LEP/ABCA1/MEST/CD36/PNPLA2/CES1/CIDEC/MIR10B/LPL/DAB2IP/DGAT2/CRY2/CIDEA/PPARA/CAV1/PPARG",20
"GO:0006979","response to oxidative stress","62/1767","400/18842",0.155,1.65280701754386,4.24522481837034,5.43430768351337e-05,0.000880460702287845,0.000880460702287845,"TXNIP/SOD3/RNF112/IL6/ETV5/KLF2/PENK/MET/HBA2/GPX3/VKORC1L1/PRKD1/TPO/ALB/CD36/MGAT3/CYGB/SIRPA/PLA2R1/NXNL1/PTGS2/DUSP1/ANGPTL7/AQP1/AIFM2/MGST1/KAT2B/C19orf12/MCTP1/PRNP/SNCA/SELENOP/MPO/PDGFRA/HBB/FOXO1/KCNA5/MSRA/EDN1/MSRB3/FOXO4/PRKN/KLF4/HP/CAT/PRKCA/TACR1/ADCYAP1R1/FGF8/HGF/CRYAB/CA3/HBA1/DDR2/PPARGC1A/NCOA7/PKD2/FBLN5/HYAL1/APOD/PDGFD/FOS",62
"GO:0006898","receptor-mediated endocytosis","46/1767","271/18842",0.169741697416974,1.81000173329407,4.32058786981683,5.49410080070858e-05,0.000887349110454066,0.000887349110454066,"MRC1/IQSEC3/ITSN1/EGF/CLEC4M/STAB2/TAMALIN/MIR205/ACKR3/C3/LRP1/RSPO1/LYVE1/TF/GAS7/CD36/PLA2R1/CXCR2/MARCO/GHR/MIR27B/USP6/SELE/DRD2/FCER2/SNCA/ENTREP1/CAV2/ADIPOQ/GRK3/CCDC158/ACE2/CALCRL/CCL21/CUBN/SCARF1/VLDLR/ADRB2/ANGPT1/CAV1/NRG1/STON1/ADM/ARC/CAV3/DPP4",46
"GO:0030595","leukocyte chemotaxis","39/1767","217/18842",0.179723502304147,1.91644042468294,4.36793188766097,5.55911635900926e-05,0.000895035160497541,0.000895035160497541,"CX3CR1/PTN/DEFB124/IL6/KIT/VEGFD/CCL13/SLIT2/C3/NEDD9/CXCL12/CCN3/CX3CL1/CCL2/CCL16/CXCR2/CCL24/CXCL3/DUSP1/PF4V1/ANXA1/PPBP/CCL23/MSTN/EDN3/CCL21/CH25H/EDN1/SAA1/PF4/IL34/BST1/RARRES2/EDNRB/CCL28/ANO6/CTSG/DPP4/JAM3",39
"GO:1903034","regulation of response to wounding","32/1767","165/18842",0.193939393939394,2.06802833084667,4.43262589410835,5.64498864266099e-05,0.000906020677147089,0.000906020677147089,"FERMT2/MIR221/DMTN/ADAMTS18/PTN/C1QTNF1/SERPING1/EMILIN2/FGF2/F3/THBD/IL33/MMRN1/CD36/KANK1/RGMA/PHLDB2/ANXA1/HBEGF/ADRA2A/MYLK/PDGFRA/MIR222/EDN1/PROS1/PF4/SCARF1/DDR2/CAV1/ANO6/PDGFA/TFPI",32
"GO:0015837","amine transport","21/1767","89/18842",0.235955056179775,2.51605272696057,4.61172949877966,5.78798028342502e-05,0.000926076845348002,0.000926076845348002,"HTR2A/ATP1A2/CXCL12/LEP/ADRA2B/PER2/DRD2/SLC22A3/AVP/SNCA/ADRA2A/RGS2/ACE2/PRKN/STXBP1/SLC47A2/SLC14A2/KCNB1/KCNA2/AVPR1A/FFAR3",21
"GO:0007200","phospholipase C-activating G protein-coupled receptor signaling pathway","31/1767","158/18842",0.19620253164557,2.09216078170109,4.43475962505655,5.82593738515527e-05,0.000929255105905511,0.000929255105905511,"HTR2A/CX3CR1/NRXN1/PLCH2/MAS1/NMUR1/PRKD1/PTH1R/LHCGR/CXCR2/GPR142/MRGPRX4/OXGR1/SELE/DRD2/TAC1/ADRA2A/RGS2/TACR1/OPN4/MRGPRX2/S1PR1/PLPP1/PTGER3/HCRTR1/EDNRB/FFAR4/DGKI/P2RY12/ADRA1A/PKD2",31
"GO:0021537","telencephalon development","34/1767","180/18842",0.188888888888889,2.01417342639754,4.39804106647201,5.87108455774011e-05,0.000932125600168404,0.000932125600168404,"ATP1A2/SHANK3/SCN5A/MGARP/FEZ1/PLXNA4/SLIT2/AVPR2/CXCL12/KIF26A/NFIB/KCNA1/BMP2/AQP1/RELN/DRD2/FEZF2/TACC1/NTRK2/SEMA3A/ATP1B2/FAT4/DIXDC1/SLC8A3/PROX1/DAB2IP/LHX6/ATP2B4/FOXP2/EZH1/P2RY12/KCNA2/AVPR1A/FOS",34
"GO:0070542","response to fatty acid","16/1767","58/18842",0.275862068965517,2.941592022325,4.76395696056301,5.89838045277904e-05,0.000932125600168404,0.000932125600168404,"AKR1C1/AKR1C3/CD36/AKR1C2/PID1/LPL/FOXO1/EDN1/CAT/DGAT2/HMGCS2/CPS1/ACSL1/PDK4/CAV3/FFAR3",16
"GO:0086065","cell communication involved in cardiac conduction","16/1767","58/18842",0.275862068965517,2.941592022325,4.76395696056301,5.89838045277904e-05,0.000932125600168404,0.000932125600168404,"ATP1A2/SCN5A/ANK2/CACNA2D1/HCN1/SCN3B/ATP1B2/SCN4B/KCNA5/TRDN/CASQ2/TBX18/HRC/CAV1/CACNA1G/CTNNA3",16
"GO:0014808","release of sequestered calcium ion into cytosol by sarcoplasmic reticulum","13/1767","41/18842",0.317073170731707,3.3810371720016,4.90972901470898,5.93505003643441e-05,0.000935043465862795,0.000935043465862795,"ATP1A2/DMD/JPH4/GSTM2/ANK2/JPH2/TRDN/CASQ2/AKAP6/HRC/CLIC2/RYR3/DHRS7C",13
"GO:0051209","release of sequestered calcium ion into cytosol","25/1767","116/18842",0.21551724137931,2.29811876744141,4.51139451499487,6.06554576774499e-05,0.000952680215998113,0.000952680215998113,"HTR2A/ATP1A2/DMD/CAPN3/PLCH2/JPH4/GSTM2/FGF2/IL13/TRPC1/CX3CL1/ANK2/DRD2/JPH2/SNCA/PLCL2/TRDN/CCL21/CASQ2/AKAP6/HRC/CLIC2/RYR3/DHRS7C/PKD2",25
"GO:0030832","regulation of actin filament length","28/1767","137/18842",0.204379562043796,2.17935467347436,4.45672413865435,6.17425608588841e-05,0.000966798148083015,0.000966798148083015,"CAPZA3/DMTN/KANK3/PLEKHH2/SLIT2/CXCL12/CCL24/KANK1/CSF3/SEMA5A/ADD3/CYRIA/CFL2/BIN1/TENM1/TMOD2/CCL21/SPTA1/LMOD1/ESAM/TMOD1/SPTB/DAAM2/KANK2/PAK3/GSN/EPS8/SPTBN1",28
"GO:0044344","cellular response to fibroblast growth factor stimulus","22/1767","96/18842",0.229166666666667,2.44366628937936,4.56181867789254,6.25283940154605e-05,0.000976127147913085,0.000976127147913085,"NDNF/NRXN1/FGF2/FGF16/FLRT2/SPRY1/ITGB1BP1/SPRY2/FGF7/CCL2/ZFP36/FGF17/SNCA/ZFP36L2/EGR3/NR4A1/FGF8/CRIPTO/CPS1/KL/FGF1/HYAL1",22
"GO:0048041","focal adhesion assembly","20/1767","83/18842",0.240963855421687,2.56946291106702,4.60972645681053,6.277650555196e-05,0.000977030704590504,0.000977030704590504,"MYOC/LIMCH1/FERMT2/DMTN/KDR/GPM6B/CORO2B/ARHGAP6/SFRP1/ITGB1BP1/NRP1/FAM107A/PHLDB2/TEK/ACVRL1/TSPAN11/SORBS1/DLC1/THSD1/APOD",20
"GO:0086070","SA node cell to atrial cardiac muscle cell communication","7/1767","13/18842",0.538461538461538,5.74176135126899,5.50158255619537,6.50338811957464e-05,0.00100910578193762,0.00100910578193762,"SCN5A/ANK2/HCN1/SCN3B/KCNA5/TBX18/CACNA1G",7
"GO:0046622","positive regulation of organ growth","12/1767","36/18842",0.333333333333333,3.55442369364271,4.9349852813769,6.55778236349338e-05,0.00101383647461591,0.00101383647461591,"YAP1/ZFPM2/IGF1/FGF2/ACACB/TGFBR3/MIR222/EDN1/PROX1/AKAP6/NRG1/MEF2C",12
"GO:0030038","contractile actin filament bundle assembly","23/1767","103/18842",0.223300970873786,2.38111878506162,4.52133131384409,6.61283526083197e-05,0.00101383647461591,0.00101383647461591,"MYOC/LIMCH1/FERMT2/ARHGAP6/SFRP1/ITGB1BP1/ZEB2/NRP1/PTGER4/SYNPO/PHLDB2/TAC1/RGCC/TMEFF2/TACR1/MYL9/ARHGEF15/SORBS1/DLC1/S1PR1/FHOD3/RAPGEF3/PIK3R1",23
"GO:0043149","stress fiber assembly","23/1767","103/18842",0.223300970873786,2.38111878506162,4.52133131384409,6.61283526083197e-05,0.00101383647461591,0.00101383647461591,"MYOC/LIMCH1/FERMT2/ARHGAP6/SFRP1/ITGB1BP1/ZEB2/NRP1/PTGER4/SYNPO/PHLDB2/TAC1/RGCC/TMEFF2/TACR1/MYL9/ARHGEF15/SORBS1/DLC1/S1PR1/FHOD3/RAPGEF3/PIK3R1",23
"GO:0071774","response to fibroblast growth factor","23/1767","103/18842",0.223300970873786,2.38111878506162,4.52133131384409,6.61283526083197e-05,0.00101383647461591,0.00101383647461591,"NDNF/NRXN1/FGF2/FGF16/FLRT2/SPRY1/ITGB1BP1/SPRY2/FGF7/CCL2/ZFP36/NPR2/FGF17/SNCA/ZFP36L2/EGR3/NR4A1/FGF8/CRIPTO/CPS1/KL/FGF1/HYAL1",23
"GO:0009914","hormone transport","47/1767","281/18842",0.167259786476868,1.783536444141,4.25697960293751,6.65897742939733e-05,0.00101787226420788,0.00101787226420788,"ITSN1/C1QTNF1/GALR1/IL6/PDE8B/ACSL4/CCN3/PRKD1/NMB/ECRG4/LEP/MYRIP/PER2/CACNA2D1/NNAT/ADCY5/DRD2/VIP/HCAR2/ANXA1/TAC1/ADRA2A/EDN3/FOXO1/KCNA5/EDN1/IRS2/PRKN/PRKCA/TACR1/RBP4/CRY2/SLCO1C1/BMP6/CRHBP/RASL10B/TCF7L2/DOC2B/KCNB1/RAPGEF3/FFAR4/FAM3D/HADH/PPARG/GPLD1/MLXIPL/FFAR3",47
"GO:0060419","heart growth","19/1767","77/18842",0.246753246753247,2.63119676022902,4.61389090842196,6.72343048087343e-05,0.00102467474628386,0.00102467474628386,"YAP1/ZFPM2/IGF1/FGF2/ACACB/TGFBR3/SORBS2/RGS2/DUSP6/MIR222/EDN1/PROX1/AKAP6/RBP4/PPARA/S1PR1/NRG1/CAV3/MEF2C",19
"GO:0070296","sarcoplasmic reticulum calcium ion transport","14/1767","47/18842",0.297872340425532,3.17629351346795,4.80546175200212,6.74867729858017e-05,0.00102547948537005,0.00102547948537005,"ATP1A2/DMD/JPH4/GSTM2/ANK2/JPH2/TRDN/CASQ2/AKAP6/HRC/CLIC2/RYR3/PLN/DHRS7C",14
"GO:0043270","positive regulation of monoatomic ion transport","33/1767","174/18842",0.189655172413793,2.02234451534844,4.35825756659843,6.89648956845869e-05,0.00104484868506206,0.00104484868506206,"CAPN3/SCN5A/TESC/KCNIP2/NOS1/FHL1/IL13/TRPC6/FXYD6/SCN2B/CXCL12/STAC2/TRPC1/CX3CL1/LEP/CCL2/LRRC38/ANK2/FXYD2/KCNJ2/SNCA/SCN3B/ATP1B2/ADRA2A/MYLK/SCN4B/EDN1/AKAP6/ADCYAP1R1/FXYD1/KCNE1/CAV1/ANO6",33
"GO:0001503","ossification","56/1767","354/18842",0.15819209039548,1.68684514274569,4.19667549965979,6.98829493973831e-05,0.00105564361207341,0.00105564361207341,"MYOC/CER1/FERMT2/BMP3/MAP2K6/YAP1/BMP5/PTN/IGF1/OSR1/IL6/GPM6B/TWIST2/PENK/PTPRB/ALPL/SFRP1/MIR205/CLEC3B/EPHA2/TMT1A/MIR125B1/TP63/CCN3/PRKD1/TWIST1/LEP/EGFR/SMAD9/BMP2/CCN1/GDF10/NPR2/TAC1/PKDCC/LGR4/RRAS2/IGSF10/CAT/CITED1/TACR1/HGF/BMP6/CRIM1/KL/LRP4/S1PR1/PTCH1/DDR2/ZBTB16/FFAR4/ANO6/CHRDL1/PPARG/MEF2C/GPLD1",56
"GO:0006956","complement activation","17/1767","65/18842",0.261538461538462,2.78885551347351,4.64738586127853,7.33170494469623e-05,0.00110427086791671,0.00110427086791671,"CFD/SERPING1/C3/CFI/C7/CFHR1/MASP2/IGHA2/CR1/FCN2/C6/VSIG4/C4BPA/CFH/MASP1/A2M/IGHA1",17
"GO:0097009","energy homeostasis","16/1767","59/18842",0.271186440677966,2.89173453042119,4.68159252653482,7.39544041931075e-05,0.00111061350858421,0.00111061350858421,"CEBPA/GPBAR1/PM20D1/ACACB/MRAP2/GFRAL/TWIST1/LEP/CD36/FOXO1/LEPR/SCTR/NR4A3/PPARGC1A/ALK/MLXIPL",16
"GO:1902905","positive regulation of supramolecular fiber organization","31/1767","160/18842",0.19375,2.06600877192982,4.35611141678043,7.46087082108006e-05,0.00111717296026435,0.00111717296026435,"MYOC/LIMCH1/FERMT2/SFRP1/SYNPO2/ITGB1BP1/PRKD1/CX3CL1/NRP1/CCL24/MAP1B/CSF3/SEMA5A/SYNPO/CFL2/TAC1/ANKRD53/RGCC/BIN1/TENM1/CCL21/EDN1/PROX1/TACR1/LMOD1/ARHGEF15/FHOD3/WASF3/RAPGEF3/GSN/CAV3",31
"GO:0050769","positive regulation of neurogenesis","33/1767","175/18842",0.188571428571429,2.01078826097502,4.32147339338686,7.74767110727372e-05,0.00115674531415575,0.00115674531415575,"CX3CR1/SERPINF1/SHANK3/PTN/IL6/KIT/EGR2/PTPRZ1/SLIT2/MIR125B1/CXCL12/CX3CL1/NRP1/ROBO3/ARMCX5-GPRASP2/MME/BMP2/MAP1B/SEMA5A/RELN/DRD2/NTRK2/QKI/HAP1/KHDC3L/BIN1/ISLR2/GFAP/IL34/FZD4/VIM/DCT/SOX10",33
"GO:0048565","digestive tract development","19/1767","78/18842",0.243589743589744,2.59746346843121,4.54784252075904,8.11655459596401e-05,0.00120830795376438,0.00120830795376438,"CLMP/YAP1/KIT/OTC/NPR2/PDGFRA/PKDCC/WNT11/HMGCS2/CPS1/RARRES2/SOX17/ALDH1A2/EDNRB/RBPMS2/PCSK5/TCF21/PDGFA/CYP1A1",19
"GO:0010883","regulation of lipid storage","14/1767","48/18842",0.291666666666667,3.11012073193737,4.70877788678982,8.71214020548055e-05,0.00128949717854029,0.00128949717854029,"IL6/ACACB/APOB/C3/LEP/ABCA1/MEST/CD36/PNPLA2/CES1/MIR10B/LPL/PPARA/PPARG",14
"GO:0042698","ovulation cycle","14/1767","48/18842",0.291666666666667,3.11012073193737,4.70877788678982,8.71214020548055e-05,0.00128949717854029,0.00128949717854029,"SERPINF1/PTN/SLIT2/LEP/LHCGR/SLIT3/NR5A2/GDF10/NPR2/PDGFRA/MSTN/EGR1/MMP19/TYRO3",14
"GO:0015711","organic anion transport","66/1767","440/18842",0.15,1.59949066213922,4.09322993129324,8.74218316088978e-05,0.00129022565271063,0.00129022565271063,"SLC10A6/FABP4/ATP1A2/PMP2/AKR1C1/SLCO1B3-SLCO1B7/LRRC8C/SLC7A14/ABCD2/SLC16A12/RBP7/SLC1A3/SLC51B/ACSL4/SLC7A3/ABCG2/FABP9/NMB/SLC22A12/ALB/LEP/SLC1A7/SLC25A25/CD36/PLA2R1/SLC16A7/PER2/SLC27A6/SLCO1A2/DRD2/SLC22A25/CES1/MGST1/SLC22A3/SPX/SLC36A2/AVP/FOLR2/SLC16A11/SLC13A2/CR1/RGS2/ACE2/EDN1/ABCC6/IRS2/SLC4A1/SLC22A11/CALHM4/ABCB11/PLA2G4A/SLCO1C1/SLC17A7/PPARA/SLC26A3/ACSL1/PLA2G2A/STXBP1/PLA2G5/ABCB1/CA4/SLC7A10/SLC2A4/THRSP/PPARG/AVPR1A",66
"GO:0002691","regulation of cellular extravasation","12/1767","37/18842",0.324324324324324,3.45835818840912,4.8150327721818,8.8824511021336e-05,0.0013034362531588,0.0013034362531588,"CXCL12/LYVE1/PTGER4/SELE/ELANE/XG/CCL21/BST1/CCL28/SELP/PDGFD/JAM3",12
"GO:0086005","ventricular cardiac muscle cell action potential","12/1767","37/18842",0.324324324324324,3.45835818840912,4.8150327721818,8.8824511021336e-05,0.0013034362531588,0.0013034362531588,"SCN5A/NOS1/SCN2B/ANK2/SCN3B/BIN1/CASQ2/KCNJ8/KCNE1/CAV1/CTNNA3/CAV3",12
"GO:0030902","hindbrain development","20/1767","85/18842",0.235294117647059,2.50900496021838,4.48547390409702,8.980673250392e-05,0.00131409509441633,0.00131409509441633,"NRXN1/CBLN1/BMP5/SCN5A/MYO16/EGR2/PTF1A/WLS/SSTR1/GDF10/EPHB1/ATP1B2/HAP1/PROX1/DLC1/FZD4/NAV2/KCNE1/FOXP2/NLGN4X",20
"GO:0097530","granulocyte migration","27/1767","133/18842",0.203007518796992,2.16472420439894,4.33624215449865,9.3461261121484e-05,0.00136368476454529,0.00136368476454529,"CCL13/SLIT2/PECAM1/CX3CL1/CCL2/CCL16/CXCR2/CCL24/CXCL3/PTGER4/PF4V1/ANXA1/PPBP/XG/MSTN/EDN3/CCL21/EDN1/SAA1/PF4/MRGPRX2/IL34/BST1/RARRES2/CCL28/DPP4/JAM3",27
"GO:0010882","regulation of cardiac muscle contraction by calcium ion signaling","11/1767","32/18842",0.34375,3.66549943406904,4.85455112770437,9.60021438534971e-05,0.00139679039895626,0.00139679039895626,"ATP1A2/DMD/NOS1/JPH4/GSTM2/ANK2/JPH2/TRDN/CASQ2/HRC/CLIC2",11
"GO:0010875","positive regulation of cholesterol efflux","10/1767","27/18842",0.37037037037037,3.94935965960301,4.93341215982004,9.70712661983958e-05,0.00140396986820268,0.00140396986820268,"ABCA8/EEPD1/PLTP/LRP1/ABCA1/CES1/ADIPOQ/PTCH1/CAV1/PPARG",10
"GO:0048729","tissue morphogenesis","62/1767","408/18842",0.151960784313725,1.62039903680771,4.07550376061626,9.72513172542399e-05,0.00140396986820268,0.00140396986820268,"KRT15/FERMT2/MIR221/EGF/YAP1/ZFPM2/BMP5/KDR/OSR1/ACTG2/DSC1/FGF2/MET/WLS/TIE1/MIR145/TGFBR3/CRB2/GPC3/SLIT2/EPHA2/IRX1/MMRN2/NRP1/KRT14/MYL3/KRT17/BMP2/RASIP1/TGFBR2/PHLDB2/ADAMTS5/ARHGAP24/HBEGF/ACTA2/MYLK/LGR4/WNT11/KRT25/TMEFF2/TBX18/ACTC1/KLF4/PROX1/CITED1/FGF8/HGF/ACVRL1/KLHL3/DLC1/SOX17/S1PR1/PTCH1/FGF1/TCF21/NOTCH4/NRG1/MYL2/PDGFA/MEF2C/PKD2/SOX10",62
"GO:0015833","peptide transport","41/1767","238/18842",0.172268907563025,1.83695006015989,4.17998527034477,9.74231977241139e-05,0.00140396986820268,0.00140396986820268,"ITSN1/CLEC4M/SLC15A5/IL6/PDE8B/ACSL4/CCN3/PRKD1/ECRG4/LEP/MYRIP/PER2/CACNA2D1/NNAT/ADCY5/DRD2/VIP/MGST1/ADRA2A/EDN3/FOXO1/KCNA5/EDN1/IRS2/PRKN/PRKCA/RBP4/NPY2R/CRHBP/RASL10B/TCF7L2/DOC2B/KCNB1/RAPGEF3/FFAR4/FAM3D/CD209/HADH/GPLD1/MLXIPL/FFAR3",41
"GO:0046209","nitric oxide metabolic process","19/1767","79/18842",0.240506329113924,2.56458418402069,4.48281932517031,9.75890270538075e-05,0.00140396986820268,0.00140396986820268,"CX3CR1/PTGIS/TLR4/KLF2/MTARC1/NOS1/CD36/CYGB/SIRPA/PTGS2/HBB/EDN1/KLF4/PPARA/CPS1/ATP2B4/CAV1/PKD2/CYP1A1",19
"GO:0044703","multi-organism reproductive process","30/1767","155/18842",0.193548387096774,2.06385891888932,4.27828772449794,9.86354943432816e-05,0.00141506117024328,0.00141506117024328,"ENDOU/PTN/TPPP3/MAFF/PSG1/STOX2/LEP/ADRA2B/PTGFR/ACVR1C/NODAL/TAC1/ADRA2A/IL11RA/CLIC5/MSTN/RGS2/FOSB/ACE2/EDN1/FBLN1/TACR1/CRHBP/OXTR/PCSK5/PSG4/STS/AVPR1A/CYP1A1/FOS",30
"GO:0016102","diterpenoid biosynthetic process","6/1767","10/18842",0.6,6.39796264855688,5.49251871915793,0.000101585937707745,0.00144929271129716,0.00144929271129716,"AKR1C3/ALDH1A1/ALDH1A3/DHRS9/ALDH1A2/CYP1A1",6
"GO:1990859","cellular response to endothelin","6/1767","10/18842",0.6,6.39796264855688,5.49251871915793,0.000101585937707745,0.00144929271129716,0.00144929271129716,"KLF2/KLF15/PRKD1/IRS2/KLF4/KLF11",6
"GO:0001666","response to hypoxia","46/1767","278/18842",0.165467625899281,1.76442615008163,4.13058959551141,0.000103033348798036,0.00145928906049712,0.00145928906049712,"NDNF/PTGIS/MGARP/MYOCD/NOS1/PENK/VEGFD/SFRP1/MIR145/SCN2A/TGFBR3/CXCL12/TWIST1/LEP/CYGB/BMP2/PTGS2/CPEB1/AQP1/ANGPTL4/DRD2/S100B/RGCC/MSTN/AK4/KCNA5/EDN1/ANGPT4/ACAA2/SLC8A3/EGR1/CLCA1/CAT/ALAS2/PPARA/MPL/CA3/SLC2A4/DDR2/CAV1/PPARG/CAV3/EPAS1/DPP4/CYP1A1/FOS",46
"GO:1903514","release of sequestered calcium ion into cytosol by endoplasmic reticulum","13/1767","43/18842",0.302325581395349,3.22377962911781,4.69622065987087,0.000103100126447512,0.00145928906049712,0.00145928906049712,"ATP1A2/DMD/JPH4/GSTM2/ANK2/JPH2/TRDN/CASQ2/AKAP6/HRC/CLIC2/RYR3/DHRS7C",13
"GO:0051047","positive regulation of secretion","48/1767","294/18842",0.163265306122449,1.74094221729439,4.11907173693375,0.000103139004859902,0.00145928906049712,0.00145928906049712,"ITSN1/C1QTNF1/TLR4/GALR1/IGF1/ACSL4/IL13/MICU3/WLS/CXCL12/PRKD1/NMB/ECRG4/LEP/PLA2R1/BMP2/MYRIP/CACNA2D1/NNAT/AQP1/DRD2/HCAR2/AVP/SNCA/TAC1/RGCC/EDN3/EDN1/IRS2/PRKN/PRKCA/TACR1/ABCB11/RBP4/NLGN1/BMP6/NPR1/STXBP1/RASL10B/TCF7L2/DOC2B/KCNB1/RAPGEF3/FFAR4/PPARG/AVPR1A/GPLD1/MLXIPL",48
"GO:0060078","regulation of postsynaptic membrane potential","28/1767","141/18842",0.198581560283688,2.11752900897863,4.28475347831761,0.000104650890350456,0.00146881253701972,0.00146881253701972,"NRXN1/SHANK3/CBLN1/NOS1/MET/CHRNA2/SLC1A7/GRIA4/GABRA2/RELN/DRD2/GLRA3/HCN1/GABRA4/P2RX6/HTR3C/PRKN/SLC8A3/RGS7BP/NPAS4/SLC17A7/NLGN1/ADRB2/GRIN2B/NLGN4X/GRIK1/KCNA2/MEF2C",28
"GO:0051149","positive regulation of muscle cell differentiation","18/1767","73/18842",0.246575342465753,2.62929971858502,4.48674862886524,0.00010467005228762,0.00146881253701972,0.00146881253701972,"CAMK1/LAMA1/IGF1/MYOCD/LAMA2/KIT/MIR145/MIR125B1/PRKD1/SMYD1/EDN1/PROX1/AKAP6/LAMC1/NOTCH4/NRG1/MEF2C/CYP26B1",18
"GO:0150116","regulation of cell-substrate junction organization","18/1767","73/18842",0.246575342465753,2.62929971858502,4.48674862886524,0.00010467005228762,0.00146881253701972,0.00146881253701972,"MYOC/LIMCH1/FERMT2/DMTN/KDR/GPM6B/ARHGAP6/SFRP1/ITGB1BP1/NRP1/FAM107A/PHLDB2/TEK/ACVRL1/DLC1/RHOU/PIK3R1/APOD",18
"GO:0055119","relaxation of cardiac muscle","8/1767","18/18842",0.444444444444444,4.73923159152361,5.1056677889687,0.000108966909753435,0.00152494291142682,0.00152494291142682,"ATP1A2/GSTM2/KCNJ2/RGS2/AKAP6/HRC/PLN/GSN",8
"GO:0002686","negative regulation of leukocyte migration","14/1767","49/18842",0.285714285714286,3.04664888026518,4.61459104226918,0.000111537246428107,0.00154825756122908,0.00154825756122908,"BMP5/SLIT2/CXCL12/CCN3/IL33/CCL2/DUSP1/CD200/PTGER4/CCL21/CCL28/HOXA7/DPP4/APOD",14
"GO:0046460","neutral lipid biosynthetic process","14/1767","49/18842",0.285714285714286,3.04664888026518,4.61459104226918,0.000111537246428107,0.00154825756122908,0.00154825756122908,"AGMO/C3/MOGAT1/LPIN1/PNPLA2/GPAT3/PCK1/AGPAT2/DGAT2/PLA2G4A/ACSL1/GPAM/THRSP/GPLD1",14
"GO:0046463","acylglycerol biosynthetic process","14/1767","49/18842",0.285714285714286,3.04664888026518,4.61459104226918,0.000111537246428107,0.00154825756122908,0.00154825756122908,"AGMO/C3/MOGAT1/LPIN1/PNPLA2/GPAT3/PCK1/AGPAT2/DGAT2/PLA2G4A/ACSL1/GPAM/THRSP/GPLD1",14
"GO:0030003","intracellular monoatomic cation homeostasis","62/1767","410/18842",0.151219512195122,1.6124946512623,4.0336470239621,0.000111990704019062,0.00154830777590788,0.00154830777590788,"HTR2A/ATP1A2/DMTN/TESC/SLC25A27/TRPC6/MICU3/CCL13/FXYD6/SCARA5/CNR1/CXCL12/TRPC1/PTH1R/TF/CYBRD1/SMAD9/ATP13A5/ANK2/BMP2/SLC24A4/SV2B/MT1M/DRD2/ELANE/KCNJ2/C19orf12/PRNP/AVP/MT1X/ATP1B2/ACO1/CAV2/CCL23/SLC9A9/CCL14/EDN3/CDH5/TRDN/RGN/EDN1/CASQ2/CDH23/SLC8A3/TMEM178A/BOK/ATP13A4/SLC4A1/HRC/ALAS2/FXYD1/BMP6/SLC26A3/CALB2/RYR3/ATP2B4/PLN/HCRTR1/DHRS7C/CAV1/CAV3/AVPR1A",62
"GO:0007162","negative regulation of cell adhesion","48/1767","295/18842",0.16271186440678,1.73504071825271,4.09331779274959,0.000112212962178178,0.00154830777590788,0.00154830777590788,"MYOC/MIR221/DMTN/ADAMTS18/STAT5A/C1QTNF1/DACT2/CORO2B/ARHGAP6/ITGB1BP1/EPHA2/CXCL12/CX3CL1/SEMA6A/BMP2/DUSP1/KANK1/PDE3B/SEMA5A/CDH13/FAM107A/PHLDB2/VSIR/ANXA1/PRNP/ADIPOQ/RGCC/CR1/CCL21/MIR222/KLF4/FBLN1/FZD7/ACVRL1/VSIG4/PPARA/BMP6/ANGPT1/DLC1/FZD4/PLA2G2A/PLA2G5/CCL28/NOTCH4/HOXA7/CTSG/APOD/JAM3",48
"GO:0036293","response to decreased oxygen levels","47/1767","287/18842",0.163763066202091,1.74624996795687,4.09812015791193,0.000112445249301721,0.00154830777590788,0.00154830777590788,"NDNF/PTGIS/MGARP/MYOCD/NOS1/PENK/VEGFD/SFRP1/MIR145/SCN2A/TGFBR3/ZEB2/CXCL12/TWIST1/LEP/CYGB/BMP2/PTGS2/CPEB1/AQP1/ANGPTL4/DRD2/S100B/RGCC/MSTN/AK4/KCNA5/EDN1/ANGPT4/ACAA2/SLC8A3/EGR1/CLCA1/CAT/ALAS2/PPARA/MPL/CA3/SLC2A4/DDR2/CAV1/PPARG/CAV3/EPAS1/DPP4/CYP1A1/FOS",47
"GO:0008154","actin polymerization or depolymerization","32/1767","171/18842",0.187134502923977,1.9954659332731,4.20659364427644,0.000114690146343039,0.00157327668553314,0.00157327668553314,"CAPZA3/DMTN/KANK3/ARHGAP6/PLEKHH2/SLIT2/DIAPH2/CXCL12/CCL24/KANK1/CSF3/SEMA5A/ADD3/FAM107A/CYRIA/CFL2/BIN1/TENM1/TMOD2/CCL21/SPTA1/LMOD1/ESAM/TMOD1/SPTB/DAAM2/KANK2/PAK3/WASF3/GSN/EPS8/SPTBN1",32
"GO:0002791","regulation of peptide secretion","34/1767","186/18842",0.182795698924731,1.94920009006213,4.18499428907345,0.000115177576666756,0.00157327668553314,0.00157327668553314,"ITSN1/IL6/PDE8B/ACSL4/CCN3/PRKD1/ECRG4/LEP/MYRIP/PER2/CACNA2D1/NNAT/ADCY5/DRD2/ADRA2A/FOXO1/KCNA5/IRS2/PRKN/PRKCA/RBP4/NPY2R/CRHBP/RASL10B/TCF7L2/DOC2B/KCNB1/RAPGEF3/FFAR4/FAM3D/HADH/GPLD1/MLXIPL/FFAR3",34
"GO:0055088","lipid homeostasis","34/1767","186/18842",0.182795698924731,1.94920009006213,4.18499428907345,0.000115177576666756,0.00157327668553314,0.00157327668553314,"CYP7A1/TLCD2/RILP/AKR1C1/CEBPA/HSDL2/ACACB/SLC25A27/G6PC1/APOB/ACSM1/CYP39A1/ABCA1/ANGPTL8/MIR27B/ANGPTL4/ACSM3/PNPLA2/CES1/ABCG8/LPL/IRS2/DGAT2/NEGR1/ABCB11/ABCA5/ACSM2A/PCSK5/CAV1/CETP/GPIHBP1/PPARG/CAV3/MLXIPL",34
"GO:0035904","aorta development","12/1767","38/18842",0.31578947368421,3.36734876239836,4.69914465421599,0.000118818932999353,0.00161442867694358,0.00161442867694358,"EGR2/MIR145/MIR205/LRP1/ADAMTS9/PDE2A/TGFBR2/NGFR/MYLK/PROX1/ACVRL1/PKD2",12
"GO:0045745","positive regulation of G protein-coupled receptor signaling pathway","12/1767","38/18842",0.31578947368421,3.36734876239836,4.69914465421599,0.000118818932999353,0.00161442867694358,0.00161442867694358,"NRXN1/NOS1/MRAP/MRAP2/C3/DRD2/CAV2/RGS2/EDN1/GAS2L2/PRKCA/PKD2",12
"GO:0006805","xenobiotic metabolic process","27/1767","135/18842",0.2,2.13265421618563,4.24866070892185,0.00012171822618675,0.00164129925429482,0.00164129925429482,"SULT1C4/AKR1C1/NOS1/GSTM2/CYP1A2/AOX1/ALDH2/DPYD/SULT1C3/ACSM2B/AADAC/ACSM1/CYP3A4/SLCO1A2/MIR27B/SLC28A3/FMO2/AOC2/CYP2U1/ABCB11/CYP46A1/ACSL1/ABCB1/GLYAT/CYP26B1/ALDH3A1/CYP1A1",27
"GO:0061041","regulation of wound healing","27/1767","135/18842",0.2,2.13265421618563,4.24866070892185,0.00012171822618675,0.00164129925429482,0.00164129925429482,"FERMT2/MIR221/DMTN/ADAMTS18/C1QTNF1/SERPING1/EMILIN2/FGF2/F3/THBD/MMRN1/CD36/KANK1/PHLDB2/ANXA1/HBEGF/ADRA2A/MYLK/PDGFRA/EDN1/PROS1/PF4/DDR2/CAV1/ANO6/PDGFA/TFPI",27
"GO:0007416","synapse assembly","44/1767","264/18842",0.166666666666667,1.77721184682135,4.09102175839844,0.000121755260102478,0.00164129925429482,0.00164129925429482,"PCDHB4/NTRK3/MYCBP2/NRXN1/NECTIN3/SHANK3/CBLN1/ADGRL2/LRRTM4/GABRE/IL1RAPL2/PLXNA4/SLITRK2/CRTAC1/ARMCX5-GPRASP2/MAP1B/GABRA2/CBLN4/RELN/DRD2/EPHB1/GABRG1/SNCA/LRFN5/HTR4/CCDC141/GABRA4/FZD5/PRKCA/NEGR1/ADGRL3/NPAS4/SLITRK3/ARHGEF15/NLGN1/VLDLR/ZDHHC2/LRP4/ST8SIA2/NLGN4X/LRRTM2/MEF2C/EGFLAM/MARK1",44
"GO:0001952","regulation of cell-matrix adhesion","25/1767","121/18842",0.206611570247934,2.20315518200994,4.27109963650036,0.0001246581739303,0.00167603241179587,0.00167603241179587,"MYOC/LIMCH1/FERMT2/DMTN/KDR/GPM6B/ARHGAP6/SFRP1/ITGB1BP1/CX3CL1/NRP1/CD36/CDH13/FAM107A/PHLDB2/CCL21/TEK/ACVRL1/BST1/DLC1/UTRN/CCL28/HOXA7/PLPP3/APOD",25
"GO:0001823","mesonephros development","18/1767","74/18842",0.243243243243243,2.59376864130684,4.41897997291049,0.000126338990884899,0.00169419597176199,0.00169419597176199,"CER1/OSR1/FGF2/SFRP1/GPC3/SLIT2/BMPER/BMP2/SIM1/LGR4/WNT11/CAT/CITED1/FGF8/FGF1/ZBTB16/TCF21/PKD2",18
"GO:0051492","regulation of stress fiber assembly","20/1767","87/18842",0.229885057471264,2.45132668527083,4.36471776312776,0.000126669434859393,0.00169420369124438,0.00169420369124438,"MYOC/LIMCH1/FERMT2/ARHGAP6/SFRP1/ITGB1BP1/NRP1/PTGER4/SYNPO/PHLDB2/TAC1/RGCC/TMEFF2/TACR1/ARHGEF15/DLC1/S1PR1/FHOD3/RAPGEF3/PIK3R1",20
"GO:0035767","endothelial cell chemotaxis","11/1767","33/18842",0.333333333333333,3.55442369364271,4.7245118643289,0.000131873123853509,0.00175922172496525,0.00175922172496525,"KDR/FGF2/MET/FGF16/CCN3/PRKD1/NRP1/SEMA5A/EGR3/NR4A1/FGF1",11
"GO:0051489","regulation of filopodium assembly","13/1767","44/18842",0.295454545454545,3.15051191027422,4.59411921944036,0.000133877265192708,0.00178133065810816,0.00178133065810816,"NRXN1/DMTN/PPP1R16B/NRP1/PALM/TENM1/CCL21/DOCK11/NLGN1/DAAM2/TENM2/PIK3R1/RHOQ",13
"GO:0030041","actin filament polymerization","28/1767","143/18842",0.195804195804196,2.08791321864327,4.20090610768996,0.000134828780216095,0.00178935559480585,0.00178935559480585,"CAPZA3/DMTN/KANK3/ARHGAP6/SLIT2/DIAPH2/CCL24/KANK1/CSF3/ADD3/FAM107A/CYRIA/BIN1/TENM1/TMOD2/CCL21/SPTA1/LMOD1/ESAM/TMOD1/SPTB/DAAM2/KANK2/PAK3/WASF3/GSN/EPS8/SPTBN1",28
"GO:0061448","connective tissue development","36/1767","203/18842",0.177339901477833,1.89102344292321,4.10596968584492,0.000139319723718822,0.00184112434805975,0.00184112434805975,"CER1/BMP3/BMP5/SOX5/OSR1/PLAAT3/FGF2/CCN3/NFIB/LEP/BMP2/GHR/NR5A2/TGFBR2/NPR2/ACTA2/PKDCC/WNT10B/WNT11/LPL/EGR1/DGAT2/HMGCS2/ACVRL1/CD34/BMP6/ZBTB16/OGN/EFEMP1/ARID5B/PPARGC1A/PPARG/MEF2C/HYAL1/GPLD1/PDGFD",36
"GO:2001057","reactive nitrogen species metabolic process","19/1767","81/18842",0.234567901234568,2.50126111774857,4.35572695648183,0.000139446528698451,0.00184112434805975,0.00184112434805975,"CX3CR1/PTGIS/TLR4/KLF2/MTARC1/NOS1/CD36/CYGB/SIRPA/PTGS2/HBB/EDN1/KLF4/PPARA/CPS1/ATP2B4/CAV1/PKD2/CYP1A1",19
"GO:0032890","regulation of organic acid transport","16/1767","62/18842",0.258064516129032,2.75181189185242,4.44452562309154,0.000140628341705178,0.00184723059590229,0.00184723059590229,"ATP1A2/ACSL4/LEP/PLA2R1/PER2/CES1/AVP/RGS2/ACE2/EDN1/IRS2/ABCB11/PPARA/ACSL1/STXBP1/AVPR1A",16
"GO:0046847","filopodium assembly","16/1767","62/18842",0.258064516129032,2.75181189185242,4.44452562309154,0.000140628341705178,0.00184723059590229,0.00184723059590229,"NRXN1/DMTN/PPP1R16B/NRP1/PALM/FGD4/TENM1/CCL21/DOCK11/ARHGEF4/NLGN1/DAAM2/TENM2/PIK3R1/RHOQ/FGD5",16
"GO:0043114","regulation of vascular permeability","14/1767","50/18842",0.28,2.98571590265988,4.52278046342427,0.000141669998897899,0.00185616610800921,0.00185616610800921,"FERMT2/SLIT2/ZEB2/CLDN5/PDE2A/CDH5/AKAP12/TACR1/TEK/C2CD4B/BMP6/ANGPT1/NPR1/ADM",14
"GO:0090087","regulation of peptide transport","34/1767","188/18842",0.180851063829787,1.92846391889126,4.11573934965728,0.000142806991624311,0.00186630205847955,0.00186630205847955,"ITSN1/IL6/PDE8B/ACSL4/CCN3/PRKD1/ECRG4/LEP/MYRIP/PER2/CACNA2D1/NNAT/ADCY5/DRD2/ADRA2A/FOXO1/KCNA5/IRS2/PRKN/PRKCA/RBP4/NPY2R/CRHBP/RASL10B/TCF7L2/DOC2B/KCNB1/RAPGEF3/FFAR4/FAM3D/HADH/GPLD1/MLXIPL/FFAR3",34
"GO:0007178","cell surface receptor protein serine/threonine kinase signaling pathway","59/1767","389/18842",0.151670951156812,1.6173084672873,3.95761403166167,0.000149450596855712,0.00194816818642369,0.00194816818642369,"CER1/FERMT2/BMP3/JUN/BMP5/KDR/DACT2/MYOCD/IL17RD/FMOD/MIR145/TGFBR3/SPRY1/CRB2/MIR205/SPRY2/ZEB2/MIR125B1/CCN3/LRP1/BMPER/PRDM16/SMAD9/BMP2/CLDN5/CCN1/ATOH8/FSTL1/MIR27B/GDF10/ACVR1C/RGMA/TGFBR2/NODAL/CDKN1C/GREM2/RGCC/MSTN/CDH5/LTBP4/SOSTDC1/CRIPTO3/ZNF423/CITED1/CRIPTO/ACVRL1/CIDEA/PPARA/BMP6/CRIM1/WFIKKN2/RBPMS2/TMEM100/CAV1/CHRDL1/PPARG/ID1/DKK3/FOS",59
"GO:0010742","macrophage derived foam cell differentiation","12/1767","39/18842",0.307692307692308,3.28100648643942,4.58706763917117,0.000157093386448032,0.00203256944282404,0.00203256944282404,"APOB/ABCA1/CD36/ADIPOQ/LPL/PF4/ABCA5/PPARA/PLA2G2A/PLA2G5/CETP/PPARG",12
"GO:0014812","muscle cell migration","21/1767","95/18842",0.221052631578947,2.35714413367885,4.26591089779087,0.000157112552336671,0.00203256944282404,0.00203256944282404,"MIR221/IGF1/MYOCD/SLIT2/ITGB1BP1/CCN3/LRP1/PARVA/NRP1/ADAMTS1/ANXA1/TCP11L2/ADIPOQ/MSTN/FOXO4/TACR1/DDR2/NR4A3/PDGFA/MEF2C/PDGFD",21
"GO:1901890","positive regulation of cell junction assembly","21/1767","95/18842",0.221052631578947,2.35714413367885,4.26591089779087,0.000157112552336671,0.00203256944282404,0.00203256944282404,"MYOC/FERMT2/NRXN1/KDR/LRRTM4/SFRP1/ITGB1BP1/EPHA2/SLITRK2/NRP1/ARMCX5-GPRASP2/CLDN5/EPHB1/ACE2/PRKCA/TEK/SLITRK3/NLGN1/ACVRL1/ST8SIA2/CAV1",21
"GO:0045926","negative regulation of growth","34/1767","189/18842",0.17989417989418,1.91826040609289,4.08142959211204,0.000158740212784717,0.0020441564501307,0.0020441564501307,"CDKN2C/MSX1/SCGB3A1/PRDM11/FHL1/SFRP1/SLIT2/BCL6/CCN3/JADE1/SEMA3G/SLIT3/SEMA6D/MT1M/SEMA5A/RGMA/MT1X/TMEM196/MSTN/OSTN/RGS2/RBP4/MEG3/ACVRL1/CRYAB/ESR2/PPARA/NPR1/SOX17/PTCH1/MYL2/CAV3/HYAL1/DCUN1D3",34
"GO:0044706","multi-multicellular organism process","30/1767","159/18842",0.188679245283019,2.01193793979776,4.12210478531558,0.000158804210202911,0.0020441564501307,0.0020441564501307,"ENDOU/PTN/TPPP3/MAFF/PSG1/STOX2/LEP/ADRA2B/PTGFR/ACVR1C/NODAL/TAC1/ADRA2A/IL11RA/CLIC5/MSTN/RGS2/FOSB/ACE2/EDN1/FBLN1/TACR1/CRHBP/OXTR/PCSK5/PSG4/STS/AVPR1A/CYP1A1/FOS",30
"GO:0046620","regulation of organ growth","17/1767","69/18842",0.246376811594203,2.62718273008374,4.35596041994726,0.000163132006005708,0.00209276529068337,0.00209276529068337,"YAP1/ZFPM2/IGF1/FGF2/ACACB/TGFBR3/RGS2/DUSP6/MIR222/EDN1/PROX1/AKAP6/RBP4/PPARA/NRG1/CAV3/MEF2C",17
"GO:1990748","cellular detoxification","25/1767","123/18842",0.203252032520325,2.16733152051385,4.17825882871206,0.000163804944502517,0.00209276529068337,0.00209276529068337,"SOD3/SLC29A4/MTARC1/GSTM2/HBA2/ABCG2/GPX3/ALDH2/ALDH1A1/TPO/ALB/CD36/CYGB/PTGS2/ADH4/AIFM2/MGST1/MPO/HBB/HP/CAT/CLIC2/HBA1/FBLN5/PRXL2A",25
"GO:0141091","transforming growth factor beta receptor superfamily signaling pathway","55/1767","357/18842",0.15406162464986,1.64280086680966,3.94448880395321,0.000164038281472945,0.00209276529068337,0.00209276529068337,"CER1/FERMT2/JUN/BMP5/KDR/DACT2/MYOCD/IL17RD/FMOD/MIR145/TGFBR3/SPRY1/CRB2/SPRY2/ZEB2/MIR125B1/CCN3/BMPER/PRDM16/SMAD9/BMP2/CLDN5/CCN1/FSTL1/MIR27B/GDF10/ACVR1C/RGMA/TGFBR2/NODAL/CDKN1C/GREM2/RGCC/MSTN/CDH5/LTBP4/SOSTDC1/CRIPTO3/ZNF423/CITED1/CRIPTO/ACVRL1/CIDEA/PPARA/BMP6/CRIM1/WFIKKN2/RBPMS2/TMEM100/CAV1/CHRDL1/PPARG/ID1/DKK3/FOS",55
"GO:0015908","fatty acid transport","23/1767","109/18842",0.211009174311927,2.25004802625089,4.21042731498625,0.000164497139220183,0.00209276529068337,0.00209276529068337,"FABP4/PMP2/ABCD2/RBP7/ACSL4/FABP9/NMB/LEP/CD36/PLA2R1/SLC27A6/DRD2/SPX/EDN1/IRS2/SLC22A11/PLA2G4A/PPARA/ACSL1/PLA2G2A/PLA2G5/THRSP/PPARG",23
"GO:0030833","regulation of actin filament polymerization","24/1767","116/18842",0.206896551724138,2.20619401674375,4.19192542904438,0.000165010598119422,0.00209276529068337,0.00209276529068337,"CAPZA3/DMTN/KANK3/SLIT2/CCL24/KANK1/CSF3/ADD3/CYRIA/BIN1/TENM1/TMOD2/CCL21/SPTA1/LMOD1/ESAM/TMOD1/SPTB/DAAM2/KANK2/PAK3/GSN/EPS8/SPTBN1",24
"GO:0032869","cellular response to insulin stimulus","35/1767","197/18842",0.177664974619289,1.8944897859517,4.05991740503668,0.000165025300375149,0.00209276529068337,0.00209276529068337,"IGF1/TBC1D4/TRARG1/G6PC1/ECHDC3/SLC22A12/LEP/LPIN1/KANK1/PDE3B/CPEB1/GHR/IGFBP1/KAT2B/PCK1/CAV2/ADIPOQ/TNS2/MSTN/PID1/FOXO1/IRS2/FOXO4/HMGCS2/SIK2/SORBS1/RARRES2/CA3/PDK4/SLC2A4/PIK3R1/PPARG/RHOQ/GPLD1/FFAR3",35
"GO:0030308","negative regulation of cell growth","29/1767","152/18842",0.190789473684211,2.03443987728234,4.1191944221292,0.000165930521950721,0.00209906197226331,0.00209906197226331,"CDKN2C/MSX1/SCGB3A1/PRDM11/FHL1/SFRP1/SLIT2/BCL6/CCN3/JADE1/SEMA3G/SLIT3/SEMA6D/SEMA5A/RGMA/TMEM196/OSTN/RGS2/MEG3/ACVRL1/CRYAB/ESR2/PPARA/NPR1/SOX17/MYL2/CAV3/HYAL1/DCUN1D3",29
"GO:0010038","response to metal ion","49/1767","308/18842",0.159090909090909,1.69642949014766,3.96422070226032,0.000167705486537056,0.00211630314214821,0.00211630314214821,"TXNIP/SERPINF1/DLG2/NRXN1/HAAO/CAPN3/AKR1C3/SCN5A/RASA4/KCNIP2/PENK/KIT/MICU3/TRPC1/OTC/TF/KCNA1/MT1M/DUSP1/RASA4B/AQP1/DRD2/KCNMB1/CPNE8/PRNP/SNCA/KCNMB2/MT1X/HCN1/ACO1/SLC13A2/EDN1/ABCC6/CASQ2/PRKN/CAT/HMGCS2/NLGN1/BMP6/CPS1/RYR3/CRHBP/PLN/CPA1/CAV1/KCNB1/MEF2C/PKD2/CYP1A1",49
"GO:0090276","regulation of peptide hormone secretion","33/1767","182/18842",0.181318681318681,1.93345025093752,4.07062358394273,0.000168855868142608,0.00212559739897165,0.00212559739897165,"ITSN1/IL6/PDE8B/ACSL4/CCN3/PRKD1/ECRG4/LEP/MYRIP/PER2/CACNA2D1/NNAT/ADCY5/DRD2/ADRA2A/FOXO1/KCNA5/IRS2/PRKN/PRKCA/RBP4/CRHBP/RASL10B/TCF7L2/DOC2B/KCNB1/RAPGEF3/FFAR4/FAM3D/HADH/GPLD1/MLXIPL/FFAR3",33
"GO:0042311","vasodilation","13/1767","45/18842",0.288888888888889,3.08050053449035,4.49489665699456,0.000172247178750695,0.00215377653453697,0.00215377653453697,"KLF2/MAS1/NOS1/PECAM1/ITGA1/KAT2B/ADRA2A/RGS2/ADRB3/ADRB2/CPS1/EDNRB/ADRB1",13
"GO:0015909","long-chain fatty acid transport","16/1767","63/18842",0.253968253968254,2.70813233801349,4.36863189160337,0.000172282560436796,0.00215377653453697,0.00215377653453697,"FABP4/ABCD2/FABP9/NMB/CD36/PLA2R1/SLC27A6/DRD2/SPX/IRS2/PLA2G4A/ACSL1/PLA2G2A/PLA2G5/THRSP/PPARG",16
"GO:0051895","negative regulation of focal adhesion assembly","8/1767","19/18842",0.421052631578947,4.48979834986447,4.89578802456773,0.00017277179365834,0.00215377653453697,0.00215377653453697,"DMTN/ARHGAP6/ITGB1BP1/FAM107A/PHLDB2/ACVRL1/DLC1/APOD",8
"GO:0071379","cellular response to prostaglandin stimulus","8/1767","19/18842",0.421052631578947,4.48979834986447,4.89578802456773,0.00017277179365834,0.00215377653453697,0.00215377653453697,"PTGDR2/AKR1C3/SFRP1/PTGER4/PTGFR/AKR1C2/GNG2/CCL21",8
"GO:0010874","regulation of cholesterol efflux","15/1767","57/18842",0.263157894736842,2.8061239686653,4.39308167457951,0.000177980153497175,0.00218912991597421,0.00218912991597421,"ABCA8/EGF/EEPD1/MIR145/PLTP/LRP1/ABCA1/MIR27B/CES1/ADIPOQ/ABCA5/PTCH1/CAV1/CETP/PPARG",15
"GO:0030837","negative regulation of actin filament polymerization","15/1767","57/18842",0.263157894736842,2.8061239686653,4.39308167457951,0.000177980153497175,0.00218912991597421,0.00218912991597421,"CAPZA3/DMTN/KANK3/SLIT2/KANK1/ADD3/TMOD2/SPTA1/LMOD1/TMOD1/SPTB/KANK2/GSN/EPS8/SPTBN1",15
"GO:0046888","negative regulation of hormone secretion","15/1767","57/18842",0.263157894736842,2.8061239686653,4.39308167457951,0.000177980153497175,0.00218912991597421,0.00218912991597421,"PDE8B/CCN3/NMB/LEP/DRD2/ADRA2A/FOXO1/EDN1/PRKN/CRY2/CRHBP/KCNB1/FFAR4/FAM3D/HADH",15
"GO:0032228","regulation of synaptic transmission, GABAergic","11/1767","34/18842",0.323529411764706,3.44988182030028,4.59942115891445,0.000178535240102268,0.00218912991597421,0.00218912991597421,"NRXN1/DRD2/PLCL2/TAC1/HAP1/GABRA4/TACR1/NPAS4/NLGN1/STXBP1/ADRA1A",11
"GO:0086011","membrane repolarization during action potential","11/1767","34/18842",0.323529411764706,3.44988182030028,4.59942115891445,0.000178535240102268,0.00218912991597421,0.00218912991597421,"KCNIP2/NOS1/SCN2B/KCNA1/CACNA2D1/KCNJ2/KCNA5/CASQ2/KCNJ8/KCNE1/CAV1",11
"GO:0003009","skeletal muscle contraction","14/1767","51/18842",0.274509803921569,2.92717245358811,4.43323358319103,0.000178591400855373,0.00218912991597421,0.00218912991597421,"DMD/SCN4A/GSTM2/STAC2/PRKD1/KCNJ2/ADGRD1/MYH3/SLC8A3/KBTBD13/TNNT3/SYNM/CA3/CAV3",14
"GO:0045778","positive regulation of ossification","14/1767","51/18842",0.274509803921569,2.92717245358811,4.43323358319103,0.000178591400855373,0.00218912991597421,0.00218912991597421,"PTN/OSR1/GPM6B/CCN3/BMP2/CCN1/TAC1/PKDCC/TACR1/BMP6/KL/ZBTB16/ANO6/MEF2C",14
"GO:0051495","positive regulation of cytoskeleton organization","32/1767","175/18842",0.182857142857143,1.94985528336971,4.0609635995284,0.000179138707986623,0.00219061048623642,0.00219061048623642,"MYOC/LIMCH1/FERMT2/SFRP1/SYNPO2/ITGB1BP1/PRKD1/CX3CL1/NRP1/CCL24/MAP1B/CSF3/SEMA5A/SYNPO/ADD3/CFL2/TAC1/ANKRD53/RGCC/BIN1/TENM1/CCL21/EDN1/PROX1/TACR1/LMOD1/ARHGEF15/FHOD3/WASF3/RAPGEF3/GSN/CAV3",32
"GO:0005977","glycogen metabolic process","18/1767","76/18842",0.236842105263158,2.52551157179877,4.28673206832307,0.000181761824590784,0.00221740791234743,0.00221740791234743,"EPM2A/GBE1/IGF1/STBD1/GABARAPL1/PYGL/G6PC1/GYS2/PPP1R1A/PHKG1/PGM1/PYGM/UGP2/PER2/GYG2/IRS2/PPP1R3G/SORBS1",18
"GO:0060538","skeletal muscle organ development","22/1767","103/18842",0.213592233009709,2.27759188136329,4.18241808163018,0.000187992865295207,0.00228798899563076,0.00228798899563076,"DMD/MYOCD/EGR2/RCAN1/MYOZ2/MYL3/KLHL40/MYOM1/EPHB1/CFL2/CAV2/S100B/MSTN/DES/FOXP2/POPDC1/CAV1/MYMX/TCF21/MEF2C/CYP26B1/SCN11A",22
"GO:0002790","peptide secretion","37/1767","214/18842",0.172897196261682,1.84364967287075,3.99278392012169,0.000193021747547911,0.00233994810373521,0.00233994810373521,"ITSN1/IL6/PDE8B/ACSL4/CCN3/PRKD1/ECRG4/LEP/MYRIP/PER2/CACNA2D1/NNAT/ADCY5/DRD2/VIP/ADRA2A/EDN3/FOXO1/KCNA5/EDN1/IRS2/PRKN/PRKCA/RBP4/NPY2R/CRHBP/RASL10B/TCF7L2/DOC2B/KCNB1/RAPGEF3/FFAR4/FAM3D/HADH/GPLD1/MLXIPL/FFAR3",37
"GO:0099625","ventricular cardiac muscle cell membrane repolarization","10/1767","29/18842",0.344827586206897,3.67699002790625,4.64094709818701,0.000193545003294794,0.00233994810373521,0.00233994810373521,"SCN5A/NOS1/SCN2B/ANK2/CACNA2D1/SCN4B/CASQ2/KCNJ8/KCNE1/CAV3",10
"GO:0006873","intracellular monoatomic ion homeostasis","62/1767","418/18842",0.148325358851675,1.58163350961135,3.86843666896493,0.0001936288831946,0.00233994810373521,0.00233994810373521,"HTR2A/ATP1A2/DMTN/TESC/SLC25A27/TRPC6/MICU3/CCL13/FXYD6/SCARA5/CNR1/CXCL12/TRPC1/PTH1R/TF/CYBRD1/SMAD9/ATP13A5/ANK2/BMP2/SLC24A4/SV2B/MT1M/DRD2/ELANE/KCNJ2/C19orf12/PRNP/AVP/MT1X/ATP1B2/ACO1/CAV2/CCL23/SLC9A9/CCL14/EDN3/CDH5/TRDN/RGN/EDN1/CASQ2/CDH23/SLC8A3/TMEM178A/BOK/ATP13A4/SLC4A1/HRC/ALAS2/FXYD1/BMP6/SLC26A3/CALB2/RYR3/ATP2B4/PLN/HCRTR1/DHRS7C/CAV1/CAV3/AVPR1A",62
"GO:0010976","positive regulation of neuron projection development","28/1767","146/18842",0.191780821917808,2.04501089223279,4.0776766915378,0.000194731293967785,0.00234774630473837,0.00234774630473837,"NTRK3/DMD/MIR221/SERPINF1/NDNF/CAMK1/BMP5/PTN/FEZ1/PRKD1/CX3CL1/ROBO3/ARMCX5-GPRASP2/RELN/RGMA/NTRK2/KAT2B/ATP1B2/KHDC3L/ALKAL2/RGS2/MIR222/DAB2IP/ZDHHC15/SCARF1/VLDLR/DDR2/ALK",28
"GO:0035725","sodium ion transmembrane transport","34/1767","191/18842",0.178010471204188,1.89817390969401,4.01343239103699,0.000195472339739467,0.00235116144473514,0.00235116144473514,"ATP1A2/DMD/SLC5A4/SCN4A/SCN5A/OSR1/TESC/NOS1/SCN3A/FXYD6/SCN2A/SCN2B/SLC24A4/FXYD2/SLC28A3/SCN7A/HCN1/SCN3B/ATP1B2/SCN4B/SLC9A9/SLC13A2/SLC8A3/SLC17A7/FXYD1/CNGA1/SLC6A2/ATP2B4/UTRN/SCN9A/ANO6/CAV3/PKD2/SCN11A",34
"GO:0032272","negative regulation of protein polymerization","17/1767","70/18842",0.242857142857143,2.5896515482254,4.28632974431082,0.000196870787312235,0.00235694257257724,0.00235694257257724,"CAPZA3/DMTN/KANK3/SLIT2/KANK1/ADD3/SNCA/TMOD2/CDH5/SPTA1/LMOD1/TMOD1/SPTB/KANK2/GSN/EPS8/SPTBN1",17
"GO:0051279","regulation of release of sequestered calcium ion into cytosol","17/1767","70/18842",0.242857142857143,2.5896515482254,4.28632974431082,0.000196870787312235,0.00235694257257724,0.00235694257257724,"ATP1A2/DMD/CAPN3/JPH4/GSTM2/IL13/TRPC1/CX3CL1/ANK2/JPH2/SNCA/TRDN/CASQ2/AKAP6/HRC/CLIC2/DHRS7C",17
"GO:0008203","cholesterol metabolic process","27/1767","139/18842",0.194244604316547,2.07128287183496,4.07798682014364,0.000202045862381273,0.00241327337020981,0.00241327337020981,"AKR1D1/CYP7A1/GPR146/CYP1A2/GNAI1/SULT1C3/LIPE/APOB/CYP39A1/ACADL/CYP3A4/ABCA1/MIR27B/CES1/QKI/CYP11A1/CH25H/ACAA2/DGAT2/HMGCS2/ABCA5/CUBN/CYP46A1/SCARF1/VLDLR/FGF1/CETP",27
"GO:0071398","cellular response to fatty acid","12/1767","40/18842",0.3,3.19898132427844,4.47857040412205,0.000205428402162337,0.00243743872367222,0.00243743872367222,"AKR1C1/AKR1C3/AKR1C2/PID1/LPL/EDN1/DGAT2/HMGCS2/CPS1/PDK4/CAV3/FFAR3",12
"GO:0031346","positive regulation of cell projection organization","51/1767","327/18842",0.155963302752294,1.66307897592457,3.8910532078546,0.000205794624269919,0.00243743872367222,0.00243743872367222,"NTRK3/DMD/MIR221/SERPINF1/NDNF/CAMK1/BMP5/PTN/FEZ1/KIT/SLIT2/NEDD9/CXCL12/PRKD1/CX3CL1/NRP1/ROBO3/ARMCX5-GPRASP2/MAP1B/PALM/SEMA5A/RELN/RGMA/NTRK2/KAT2B/ATP1B2/HAP1/KHDC3L/ENPP2/MSTN/TENM1/ALKAL2/RGS2/ISLR2/CCL21/MIR222/DOCK11/DAB2IP/ZDHHC15/SCARF1/NLGN1/VLDLR/FZD4/DDR2/VIM/TENM2/EPS8/P2RY12/PIK3R1/RHOQ/ALK",51
"GO:0072224","metanephric glomerulus development","7/1767","15/18842",0.466666666666667,4.97619317109979,4.95578477003417,0.000205967368783829,0.00243743872367222,0.00243743872367222,"OSR1/AQP1/PDGFRA/LGR4/EGR1/CD34/TCF21",7
"GO:1900006","positive regulation of dendrite development","7/1767","15/18842",0.466666666666667,4.97619317109979,4.95578477003417,0.000205967368783829,0.00243743872367222,0.00243743872367222,"BMP5/PTN/KHDC3L/DAB2IP/ZDHHC15/VLDLR/ALK",7
"GO:0016051","carbohydrate biosynthetic process","33/1767","184/18842",0.179347826086957,1.91243448734037,4.00099448242458,0.000208652618579243,0.00246353988281147,0.00246353988281147,"PFKFB1/EPM2A/EGF/GBE1/PFKFB3/HAS1/IGF1/HAS3/CHST9/G6PC1/GYS2/PTH1R/PGM1/LEP/LHCGR/B3GALT1/UGP2/PER2/SNCA/PCK1/ADIPOQ/GYG2/FOXO1/PC/IRS2/DGAT2/RBP4/PPP1R3G/ADCYAP1R1/SORBS1/TCF7L2/PPARGC1A/ALDOC",33
"GO:0010812","negative regulation of cell-substrate adhesion","16/1767","64/18842",0.25,2.66581777023203,4.29420431141371,0.00020995485651154,0.00246757012138047,0.00246757012138048,"MYOC/DMTN/CORO2B/ARHGAP6/ITGB1BP1/CX3CL1/KANK1/FAM107A/PHLDB2/FBLN1/FZD7/ACVRL1/DLC1/FZD4/HOXA7/APOD",16
"GO:0014823","response to activity","16/1767","64/18842",0.25,2.66581777023203,4.29420431141371,0.00020995485651154,0.00246757012138047,0.00246757012138048,"CAPN3/IL6/LEP/MSTN/ABCG8/EDN1/PRKN/CAT/RBP4/CRY2/BMP6/RARRES2/KL/PPARGC1A/HADH/FOS",16
"GO:0050803","regulation of synapse structure or activity","49/1767","311/18842",0.157556270096463,1.68006521853852,3.89019367648876,0.000212438861755065,0.00249106391318268,0.00249106391318268,"NTRK3/MYCBP2/ITSN1/NRXN1/CAMK1/NECTIN3/SHANK3/CBLN1/CDH8/LRRTM4/IL1RAPL2/FRMPD4/NEDD9/SPARCL1/SLITRK2/FGF7/CRTAC1/ADGRB3/ARMCX5-GPRASP2/MAP1B/CTTNBP2/RELN/DRD2/EPHB1/PRNP/SNCA/LRFN5/PLPPR4/HTR4/CCDC141/DAB2IP/PRKCA/NEGR1/ZDHHC15/SLC17A7/SLITRK3/ARHGEF15/NLGN1/VLDLR/GRIN2B/LRP4/NRN1/PAK3/ST8SIA2/NLGN4X/LRRTM2/ARC/MEF2C/MARK1",49
"GO:0051592","response to calcium ion","25/1767","125/18842",0.2,2.13265421618563,4.08718339841286,0.000213504098754493,0.00249718435461902,0.00249718435461902,"TXNIP/NRXN1/CAPN3/AKR1C3/SCN5A/RASA4/KCNIP2/PENK/MICU3/TRPC1/DUSP1/RASA4B/KCNMB1/CPNE8/KCNMB2/HCN1/EDN1/CASQ2/NLGN1/RYR3/CRHBP/CAV1/KCNB1/MEF2C/PKD2",25
"GO:0050905","neuromuscular process","21/1767","97/18842",0.216494845360825,2.30854322370609,4.15643612638762,0.000213933239102875,0.00249718435461902,0.00249718435461902,"MYCBP2/DMD/NRXN1/SCN4A/SHANK3/GSTM2/STAC2/PRKD1/KCNA1/DRD2/KCNJ2/NPR2/ADGRD1/MYH3/CDH23/SLC8A3/KBTBD13/TNNT3/SYNM/CA3/CAV3",21
"GO:0044042","glucan metabolic process","18/1767","77/18842",0.233766233766234,2.49271272021696,4.22218448234774,0.000216702423846325,0.00252377244642795,0.00252377244642795,"EPM2A/GBE1/IGF1/STBD1/GABARAPL1/PYGL/G6PC1/GYS2/PPP1R1A/PHKG1/PGM1/PYGM/UGP2/PER2/GYG2/IRS2/PPP1R3G/SORBS1",18
"GO:0062012","regulation of small molecule metabolic process","51/1767","328/18842",0.155487804878049,1.65800861319309,3.86730356967204,0.00022197992266801,0.00257601549125646,0.00257601549125646,"PFKFB1/CYP7A1/GPR146/AKR1C3/BMP5/IGF1/ABCD2/ACACB/GNAI1/PTH1R/TWIST1/ACADL/LHCGR/BMP2/PTGS2/MIR27B/ANGPTL4/CES1/KAT2B/QKI/AVP/SNCA/ADIPOQ/PID1/FOXO1/CH25H/EDN1/IRS2/PRKN/EGR1/PROX1/DGAT2/ABCB11/ADCYAP1R1/PPARA/SORBS1/BMP6/ATP2B4/TCF7L2/PDK4/FGF1/ME1/CAV1/PPARGC1A/GPIHBP1/ADM/PPARG/AVPR1A/GPLD1/DKK3/MLXIPL",51
"GO:0007156","homophilic cell-cell adhesion","32/1767","177/18842",0.180790960451977,1.92782302028079,3.98958454692975,0.000222191367333842,0.00257601549125646,0.00257601549125646,"PCDHB4/NECTIN3/PTPRM/CDH8/DSC1/PCDHGB7/DSG4/CDH22/PCDHGA9/PECAM1/CADM3/ROBO3/PCDH9/CDH12/CEACAM8/PCDH18/CDH13/NEXN/HMCN2/PCDHGA3/FAT4/CDH5/CADM2/FAT2/CDH23/PCDHB15/CNTN6/ESAM/PCDHGA2/CDH20/ROBO4/PCDHGB6",32
"GO:0007157","heterophilic cell-cell adhesion","14/1767","52/18842",0.269230769230769,2.8708806756345,4.34584531719935,0.000223521097286367,0.00258035845930826,0.00258035845930827,"NRXN1/NECTIN3/CBLN1/CRB2/CADM3/CEACAM8/SELE/CCDC141/FAT4/NEGR1/SCARF1/NLGN1/SELP/CD209",14
"GO:0010001","glial cell differentiation","30/1767","162/18842",0.185185185185185,1.9746798298015,4.0079375274626,0.000223570777724334,0.00258035845930826,0.00258035845930827,"MYOC/NTRK3/CDKN2C/PTN/IL6/GPM6B/EGR2/B4GALT6/PTPRZ1/ZEB2/TPPP/LRP1/NFIB/BMP2/LGI4/RELN/NTRK2/QKI/S100B/BIN1/GPR17/SLC8A3/BOK/IL34/CFH/DAAM2/NR3C1/PRX/PLP1/SOX10",30
"GO:0032350","regulation of hormone metabolic process","11/1767","35/18842",0.314285714285714,3.3513137682917,4.47893479703076,0.000238468074120838,0.00274612562485342,0.00274612562485342,"AKR1C3/BMP5/BMP2/NR5A2/EGR1/SLCO1C1/BMP6/TCF7L2/ADM/DKK3/FFAR3",11
"GO:0034767","positive regulation of monoatomic ion transmembrane transport","24/1767","119/18842",0.201680672268908,2.15057568018719,4.05033407318285,0.000248061294088756,0.00285020762067081,0.00285020762067081,"CAPN3/TESC/KCNIP2/NOS1/FHL1/IL13/TRPC6/FXYD6/STAC2/TRPC1/CX3CL1/LRRC38/ANK2/FXYD2/KCNJ2/SNCA/ATP1B2/EDN1/AKAP6/ADCYAP1R1/FXYD1/KCNE1/CAV1/ANO6",24
"GO:0071621","granulocyte chemotaxis","23/1767","112/18842",0.205357142857143,2.1897788826906,4.06252711258587,0.000250988974496365,0.00286793796823113,0.00286793796823113,"CCL13/SLIT2/CX3CL1/CCL2/CCL16/CXCR2/CCL24/CXCL3/PF4V1/ANXA1/PPBP/MSTN/EDN3/CCL21/EDN1/SAA1/PF4/IL34/BST1/RARRES2/CCL28/DPP4/JAM3",23
"GO:0007193","adenylate cyclase-inhibiting G protein-coupled receptor signaling pathway","22/1767","105/18842",0.20952380952381,2.23420917886113,4.07965357543597,0.000251336407905597,0.00286793796823113,0.00286793796823113,"GPR146/ADGRG3/GNAI1/ADRA2B/MARCO/PALM/PTGER4/DRD2/PDE2A/ADRA2A/HTR4/RGS2/AKAP12/ADRB3/OPN4/NPY2R/MRGPRX2/ADRB2/HCAR3/S1PR1/P2RY12/FFAR3",22
"GO:0010562","positive regulation of phosphorus metabolic process","48/1767","305/18842",0.157377049180328,1.67815413732639,3.84103711562514,0.000251838010839611,0.00286793796823113,0.00286793796823113,"LIMCH1/HTR2A/EGF/FAXDC2/PLCH2/KDR/IGF1/IL6/FGF2/BANK1/KIT/IL13/ITGB1BP1/SPRY2/C3/NEDD9/RSPO1/PTH1R/FGF7/NRP1/LEP/EGFR/LHCGR/BMP2/ITLN1/ELANE/SNCA/MMD/SASH1/PRKAR2B/TENM1/PID1/FLT4/PRKN/ANGPT4/FZD7/ADCYAP1R1/CRIPTO/IL34/PPARA/ANGPT1/RARRES2/TLR3/FGF1/DDR2/NRG1/PELI2/MLXIPL",48
"GO:0045937","positive regulation of phosphate metabolic process","48/1767","305/18842",0.157377049180328,1.67815413732639,3.84103711562514,0.000251838010839611,0.00286793796823113,0.00286793796823113,"LIMCH1/HTR2A/EGF/FAXDC2/PLCH2/KDR/IGF1/IL6/FGF2/BANK1/KIT/IL13/ITGB1BP1/SPRY2/C3/NEDD9/RSPO1/PTH1R/FGF7/NRP1/LEP/EGFR/LHCGR/BMP2/ITLN1/ELANE/SNCA/MMD/SASH1/PRKAR2B/TENM1/PID1/FLT4/PRKN/ANGPT4/FZD7/ADCYAP1R1/CRIPTO/IL34/PPARA/ANGPT1/RARRES2/TLR3/FGF1/DDR2/NRG1/PELI2/MLXIPL",48
"GO:0015844","monoamine transport","16/1767","65/18842",0.246153846153846,2.62480518915154,4.22118869104889,0.000254571283308136,0.00287990773363565,0.00287990773363565,"HTR2A/SLC29A4/GPM6B/NOS1/CXCL12/ADRA2B/DRD2/VIP/SLC22A3/SNCA/ADRA2A/PRKN/SLC6A2/KCNB1/KCNA2/FFAR3",16
"GO:0051893","regulation of focal adhesion assembly","16/1767","65/18842",0.246153846153846,2.62480518915154,4.22118869104889,0.000254571283308136,0.00287990773363565,0.00287990773363565,"MYOC/LIMCH1/FERMT2/DMTN/KDR/GPM6B/ARHGAP6/SFRP1/ITGB1BP1/NRP1/FAM107A/PHLDB2/TEK/ACVRL1/DLC1/APOD",16
"GO:0090109","regulation of cell-substrate junction assembly","16/1767","65/18842",0.246153846153846,2.62480518915154,4.22118869104889,0.000254571283308136,0.00287990773363565,0.00287990773363565,"MYOC/LIMCH1/FERMT2/DMTN/KDR/GPM6B/ARHGAP6/SFRP1/ITGB1BP1/NRP1/FAM107A/PHLDB2/TEK/ACVRL1/DLC1/APOD",16
"GO:0006957","complement activation, alternative pathway","8/1767","20/18842",0.4,4.26530843237125,4.69998223623136,0.000264355513221783,0.00295122379378045,0.00295122379378045,"CFD/C3/CFI/C7/CR1/VSIG4/CFH/MASP1",8
"GO:0046885","regulation of hormone biosynthetic process","8/1767","20/18842",0.4,4.26530843237125,4.69998223623136,0.000264355513221783,0.00295122379378045,0.00295122379378045,"BMP5/BMP2/NR5A2/EGR1/BMP6/ADM/DKK3/FFAR3",8
"GO:0048745","smooth muscle tissue development","8/1767","20/18842",0.4,4.26530843237125,4.69998223623136,0.000264355513221783,0.00295122379378045,0.00295122379378045,"OSR1/MIR145/NPR2/MYLK/PROX1/PTCH1/FOXP2/PKD2",8
"GO:0106070","regulation of adenylate cyclase-activating G protein-coupled receptor signaling pathway","8/1767","20/18842",0.4,4.26530843237125,4.69998223623136,0.000264355513221783,0.00295122379378045,0.00295122379378045,"NRXN1/NOS1/MRAP/MRAP2/PDE3B/PDE2A/PRKCA/ATP2B4",8
"GO:0150118","negative regulation of cell-substrate junction organization","8/1767","20/18842",0.4,4.26530843237125,4.69998223623136,0.000264355513221783,0.00295122379378045,0.00295122379378045,"DMTN/ARHGAP6/ITGB1BP1/FAM107A/PHLDB2/ACVRL1/DLC1/APOD",8
"GO:0001894","tissue homeostasis","34/1767","194/18842",0.175257731958763,1.86882070490493,3.91295442966691,0.00026489761856168,0.00295122379378045,0.00295122379378045,"DMD/YAP1/TLR4/IL6/JAM2/LAMA2/ALPL/RP1L1/CRB2/ZEB2/PECAM1/ALDH1A1/NXNL1/ARMS2/CLDN5/LCA5/RPE65/ATP1B2/HTR4/FREM1/CDH5/ABCC6/CDH23/PIWIL4/PRKCA/RBP4/CUBN/ESAM/CD34/ANGPT1/S1PR1/LAMC1/PDK4/JAM3",34
"GO:0060249","anatomical structure homeostasis","34/1767","194/18842",0.175257731958763,1.86882070490493,3.91295442966691,0.00026489761856168,0.00295122379378045,0.00295122379378045,"DMD/YAP1/TLR4/IL6/JAM2/LAMA2/ALPL/RP1L1/CRB2/ZEB2/PECAM1/ALDH1A1/NXNL1/ARMS2/CLDN5/LCA5/RPE65/ATP1B2/HTR4/FREM1/CDH5/ABCC6/CDH23/PIWIL4/PRKCA/RBP4/CUBN/ESAM/CD34/ANGPT1/S1PR1/LAMC1/PDK4/JAM3",34
"GO:0090077","foam cell differentiation","12/1767","41/18842",0.292682926829268,3.12095738953994,4.37344118640188,0.000265874430492541,0.0029515741182172,0.0029515741182172,"APOB/ABCA1/CD36/ADIPOQ/LPL/PF4/ABCA5/PPARA/PLA2G2A/PLA2G5/CETP/PPARG",12
"GO:0055023","positive regulation of cardiac muscle tissue growth","10/1767","30/18842",0.333333333333333,3.55442369364271,4.50428611683971,0.000266078430049565,0.0029515741182172,0.0029515741182172,"YAP1/ZFPM2/IGF1/FGF2/TGFBR3/MIR222/EDN1/AKAP6/NRG1/MEF2C",10
"GO:0030099","myeloid cell differentiation","55/1767","364/18842",0.151098901098901,1.61120854244793,3.78793501078571,0.000271343638211752,0.0030034933746887,0.0030034933746887,"MIR221/DMTN/CEBPA/FAXDC2/STAT5A/TLR4/TESC/MAF/KIT/HBA2/EPB42/PDE1B/MIR145/TGFBR3/HBM/HOXA9/EPHA2/MIR125B1/NEDD9/MXRA7/STAC2/IL33/TF/PRDM16/ZFP36/BMP2/CSF3/TAL1/STAT5B/PDE2A/TGFBR2/QKI/HBB/IL11RA/ADIPOQ/MIR222/HOXA5/TMEM178A/MTURN/PRKCA/PF4/MEIS2/ALAS2/IL34/MPL/TLR3/NR3C1/HBA1/ZBTB16/HOXA7/PPARG/MEF2C/AHSP/EPAS1/PRXL2A",55
"GO:0050807","regulation of synapse organization","48/1767","306/18842",0.156862745098039,1.67266997347892,3.81631872616115,0.00027212082114895,0.00300561836004517,0.00300561836004517,"NTRK3/MYCBP2/ITSN1/NRXN1/CAMK1/NECTIN3/SHANK3/CBLN1/CDH8/LRRTM4/IL1RAPL2/FRMPD4/NEDD9/SPARCL1/SLITRK2/FGF7/CRTAC1/ADGRB3/ARMCX5-GPRASP2/MAP1B/CTTNBP2/RELN/DRD2/EPHB1/PRNP/SNCA/LRFN5/PLPPR4/HTR4/CCDC141/DAB2IP/PRKCA/NEGR1/ZDHHC15/SLITRK3/ARHGEF15/NLGN1/VLDLR/GRIN2B/LRP4/NRN1/PAK3/ST8SIA2/NLGN4X/LRRTM2/ARC/MEF2C/MARK1",48
"GO:0030072","peptide hormone secretion","36/1767","210/18842",0.171428571428571,1.82798932815911,3.88145488137915,0.000277507661948421,0.00304307218429282,0.00304307218429282,"ITSN1/IL6/PDE8B/ACSL4/CCN3/PRKD1/ECRG4/LEP/MYRIP/PER2/CACNA2D1/NNAT/ADCY5/DRD2/VIP/ADRA2A/EDN3/FOXO1/KCNA5/EDN1/IRS2/PRKN/PRKCA/RBP4/CRHBP/RASL10B/TCF7L2/DOC2B/KCNB1/RAPGEF3/FFAR4/FAM3D/HADH/GPLD1/MLXIPL/FFAR3",36
"GO:0043113","receptor clustering","14/1767","53/18842",0.264150943396226,2.81671311571686,4.26051743160501,0.00027783844609565,0.00304307218429282,0.00304307218429282,"DLG2/NRXN1/SHANK3/LAMA1/PTN/ITGB1BP1/RELN/PIGR/NLGN1/ZDHHC2/LRP4/LAMC1/GSN/CHRDL1",14
"GO:0051937","catecholamine transport","14/1767","53/18842",0.264150943396226,2.81671311571686,4.26051743160501,0.00027783844609565,0.00304307218429282,0.00304307218429282,"HTR2A/SLC29A4/CXCL12/ADRA2B/DRD2/VIP/SLC22A3/SNCA/ADRA2A/PRKN/SLC6A2/KCNB1/KCNA2/FFAR3",14
"GO:0048008","platelet-derived growth factor receptor signaling pathway","13/1767","47/18842",0.276595744680851,2.9494154053631,4.30449344781087,0.000277881786299325,0.00304307218429282,0.00304307218429282,"MIR221/MYOCD/F3/LRP1/NRP1/SNCA/PDGFRA/ADIPOQ/PDGFRL/NR4A3/PDGFA/APOD/PDGFD",13
"GO:0044089","positive regulation of cellular component biogenesis","68/1767","475/18842",0.143157894736842,1.52653143895392,3.73888315418508,0.000278723263189222,0.00304475220208883,0.00304475220208883,"MYOC/LIMCH1/FERMT2/NRXN1/KDR/TLR4/LRRTM4/TPPP3/HAS3/KIT/SFRP1/SYNPO2/ITGB1BP1/EPHA2/TPPP/PRKD1/CX3CL1/SLITRK2/NRP1/ABCA1/ARMCX5-GPRASP2/CD36/CLDN5/CCL24/MAP1B/PALM/CSF3/TAL1/RASIP1/MIR27B/SYNPO/EPHB1/SNCA/TAC1/HAP1/ANKRD53/RGCC/TPPP2/MSTN/BIN1/TENM1/CDH5/ACE2/CCL21/DOCK11/DAB2IP/PRKCA/TACR1/TEK/LMOD1/SLITRK3/ARHGEF15/NLGN1/ACVRL1/STXBP1/FHOD3/ST8SIA2/CAV1/RAPGEF3/NRG1/TENM2/EPS8/P2RY12/PIK3R1/RHOQ/CAV3/HYAL1/TRABD2B",68
"GO:0042744","hydrogen peroxide catabolic process","9/1767","25/18842",0.36,3.83877758913413,4.5689465056016,0.000279220850308379,0.00304475220208883,0.00304475220208883,"HBA2/GPX3/TPO/SNCA/MPO/HBB/HP/CAT/HBA1",9
"GO:0034219","carbohydrate transmembrane transport","23/1767","113/18842",0.20353982300885,2.1704003085075,4.01426693189407,0.000287629796470033,0.00312980219209765,0.00312980219209765,"SLC5A4/PTPRM/IGF1/TRARG1/SLC25A27/AQP7B/AQP7/C3/LEP/AQP1/ITLN1/PPBP/SLC2A12/ADIPOQ/PID1/IRS2/SORBS1/SLC2A4/DHRS7C/NR4A3/FFAR4/PIK3R1/RHOQ",23
"GO:0043535","regulation of blood vessel endothelial cell migration","29/1767","157/18842",0.184713375796178,1.969648798388,3.92471054387168,0.00029501515124117,0.00320337804814937,0.00320337804814937,"MIR221/FGFBP1/STAT5A/KDR/FGF2/MIR126/TGFBR3/MIR205/ITGB1BP1/EPHA2/MMRN2/PRKD1/NRP1/MMRN1/PTGS2/MIR27B/ANXA1/MIR10B/RGCC/ANGPT4/KLF4/PRKCA/MEOX2/ACVRL1/ANGPT1/RHOJ/ATP2B4/PPARG/MEF2C",29
"GO:0007409","axonogenesis","54/1767","357/18842",0.151260504201681,1.61293176014039,3.76119975920478,0.000298810872449576,0.0032377481875549,0.0032377481875549,"MYCBP2/NRXN1/PTPRM/FEZ1/PLXNA4/B4GALT6/SLIT2/EFNB3/CXCL12/SLITRK2/NCAM1/NRP1/ARHGEF40/SEMA3G/SEMA6A/NFIB/ROBO3/NOVA2/KALRN/SLIT3/SEMA6D/SEMA3D/MAP1B/SEMA5A/RELN/NEXN/DRD2/RGMA/EPHB1/HMCN2/NTRK2/SEMA3A/NPR2/PLPPR4/S100B/EDN3/TENM1/FAT4/ISLR2/EDN1/PRKCA/FGF8/CNTN6/SLITRK3/STXBP1/LRP4/PTCH1/PAK3/ROBO4/VIM/TENM2/LGR6/SCN11A/BOC",54
"GO:0035051","cardiocyte differentiation","26/1767","135/18842",0.192592592592593,2.05366702299357,3.95237453488255,0.000302308637642865,0.0032687519219658,0.0032687519219658,"MYH11/ALPK3/IGF1/MYOCD/MIR145/TGFBR3/SPRY1/EGFR/BMP2/SORBS2/PDGFRA/RGS2/MIR222/EDN1/TBX18/ACTC1/PROX1/AKAP6/FZD7/PPARA/SOX17/FHOD3/NRG1/MYL2/CAV3/MEF2C",26
"GO:0072577","endothelial cell apoptotic process","16/1767","66/18842",0.242424242424242,2.58503541355833,4.14953366830581,0.000307163873574447,0.00331427238377807,0.00331427238377807,"NDNF/AKR1C3/KDR/F3/IL13/ECSCR/MIR126/CCL2/SEMA5A/NGFR/RGCC/CDH5/DAB2IP/TEK/COL4A3/ANGPT1",16
"GO:0030178","negative regulation of Wnt signaling pathway","30/1767","165/18842",0.181818181818182,1.93877656016875,3.89619373306997,0.000310884105758114,0.00334738106325717,0.00334738106325717,"APCDD1/APCDD1L/DKK4/SFRP1/LRP1/JADE1/MEST/BMP2/IGFBP6/IGFBP1/TMEM196/WNT11/TLE4/SOSTDC1/PRKN/TBX18/TMEM88/EGR1/DAB2IP/CITED1/TMEM170B/SOX17/LRP4/WIF1/TCF7L2/CAV1/RBMS3/DKK3/SOX10/TRABD2B",30
"GO:0048167","regulation of synaptic plasticity","33/1767","188/18842",0.175531914893617,1.87174439186504,3.86431031237761,0.000314213166668256,0.00336557569238061,0.00336557569238061,"CX3CR1/CRHR2/EIF4EBP2/SHANK3/CBLN1/PTN/JPH4/PENK/KIT/CX3CL1/MME/MAP1B/MIR324/RELN/DRD2/FAM107A/NTRK2/MCTP1/PRNP/S100B/UNC13C/SLC8A3/NPAS4/CYP46A1/ZDHHC2/GRIN2B/CALB2/SCTR/NSG1/KCNB1/CHRDL1/ARC/MEF2C",33
"GO:0045823","positive regulation of heart contraction","11/1767","36/18842",0.305555555555556,3.25822171917248,4.36274176987046,0.000314539784334636,0.00336557569238061,0.00336557569238061,"ATP1A2/SCN3B/EDN3/RGS2/ACE2/EDN1/HRC/ADRB1/ADRA1A/ADM/AVPR1A",11
"GO:0090075","relaxation of muscle","11/1767","36/18842",0.305555555555556,3.25822171917248,4.36274176987046,0.000314539784334636,0.00336557569238061,0.00336557569238061,"ATP1A2/GSTM2/GNAI1/KCNJ2/RGS2/AKAP6/KBTBD13/HRC/NPR3/PLN/GSN",11
"GO:0090287","regulation of cellular response to growth factor stimulus","51/1767","333/18842",0.153153153153153,1.63311358897097,3.74974873769671,0.000321481089824296,0.00342555605613022,0.00342555605613022,"CER1/DMD/NRXN1/KDR/MYOCD/IL17RD/FGF2/FGF16/MIR145/TGFBR3/SPRY1/CRB2/SLIT2/CCBE1/SPRY2/ZEB2/MIR125B1/MMRN2/NRP1/SEMA6A/MMRN1/PRDM16/BMP2/CCN1/FSTL1/MIR27B/CDKN1C/GREM2/MIR10B/CDH5/LTBP4/DCN/SOSTDC1/ZNF423/PROX1/DAB2IP/CITED1/ACVRL1/CIDEA/PPARA/CRIM1/ANGPT1/ATP2B4/WFIKKN2/RBPMS2/FGF1/ADAMTS3/CAV1/CHRDL1/PPARG/DKK3",51
"GO:0009582","detection of abiotic stimulus","24/1767","121/18842",0.198347107438017,2.11502897472955,3.95825901750999,0.000322146334717854,0.00342555605613022,0.00342555605613022,"HTR2A/KIT/CXCL12/PECAM1/KCNA1/SLC24A4/PRCD/RPE65/EPHB1/TAC1/PKD1L2/NMT2/TACR1/GPR88/OPN4/ANO3/TMC2/CABP1/PTPRQ/SCN9A/CAV3/PKD2/SCN11A/EYS",24
"GO:0048639","positive regulation of developmental growth","24/1767","121/18842",0.198347107438017,2.11502897472955,3.95825901750999,0.000322146334717854,0.00342555605613022,0.00342555605613022,"YAP1/ZFPM2/CAPN3/IGF1/FGF2/ACACB/TGFBR3/CXCL12/NRP1/LEP/MAP1B/GHR/SEMA5A/CPNE8/ISLR2/MIR222/EDN1/PRKN/PROX1/AKAP6/VIM/NRG1/MEF2C/RNF157",24
"GO:0001763","morphogenesis of a branching structure","20/1767","93/18842",0.21505376344086,2.29317657654368,4.0216117646299,0.000328834056929329,0.00348225096162687,0.00348225096162687,"KDR/FGF2/MET/TIE1/SLIT2/EPHA2/NRP1/BMP2/RASIP1/DRD2/TGFBR2/LGR4/CITED1/HGF/CRIPTO/FGF1/TCF21/NOTCH4/PDGFA/PKD2",20
"GO:1904659","D-glucose transmembrane transport","20/1767","93/18842",0.21505376344086,2.29317657654368,4.0216117646299,0.000328834056929329,0.00348225096162687,0.00348225096162687,"SLC5A4/PTPRM/IGF1/TRARG1/SLC25A27/C3/LEP/ITLN1/PPBP/SLC2A12/ADIPOQ/PID1/IRS2/SORBS1/SLC2A4/DHRS7C/NR4A3/FFAR4/PIK3R1/RHOQ",20
"GO:0043500","muscle adaptation","22/1767","107/18842",0.205607476635514,2.19244825963008,3.97918817708856,0.00033272385541133,0.00351619284237159,0.00351619284237159,"MYOC/SCN5A/IGF1/MIR145/KLF15/MYOZ2/MLIP/MSTN/RGS2/FOXO1/EDN1/KLF4/PRKCA/AKAP6/FBXO32/PPARA/ATP2B4/GSN/NR4A3/ADRA1A/PPARG/CAV3",22
"GO:1903532","positive regulation of secretion by cell","44/1767","276/18842",0.159420289855072,1.69994176652477,3.76831475292581,0.000335709840381695,0.00353503499697355,0.00353503499697355,"ITSN1/C1QTNF1/TLR4/GALR1/IGF1/ACSL4/IL13/MICU3/WLS/CXCL12/PRKD1/NMB/ECRG4/LEP/BMP2/MYRIP/CACNA2D1/NNAT/DRD2/HCAR2/AVP/SNCA/TAC1/RGCC/EDN3/EDN1/IRS2/PRKN/PRKCA/TACR1/RBP4/NLGN1/BMP6/STXBP1/RASL10B/TCF7L2/DOC2B/KCNB1/RAPGEF3/FFAR4/PPARG/AVPR1A/GPLD1/MLXIPL",44
"GO:0048846","axon extension involved in axon guidance","7/1767","16/18842",0.4375,4.66518109790606,4.71809081093939,0.000336571673193159,0.00353503499697355,0.00353503499697355,"PLXNA4/SLIT2/CXCL12/NRP1/SLIT3/SEMA5A/SEMA3A",7
"GO:0072537","fibroblast activation","7/1767","16/18842",0.4375,4.66518109790606,4.71809081093939,0.000336571673193159,0.00353503499697355,0.00353503499697355,"ZEB2/LEP/CYGB/ACTA2/RGCC/AKAP12/DDR2",7
"GO:0019432","triglyceride biosynthetic process","12/1767","42/18842",0.285714285714286,3.04664888026518,4.27148569362348,0.000340772721284843,0.00356706781255877,0.00356706781255877,"AGMO/C3/MOGAT1/LPIN1/GPAT3/PCK1/AGPAT2/DGAT2/ACSL1/GPAM/THRSP/GPLD1",12
"GO:0021954","central nervous system neuron development","14/1767","54/18842",0.259259259259259,2.76455176172211,4.17715797520953,0.000343094139292062,0.00356706781255877,0.00356706781255877,"MYCBP2/NDNF/BRINP1/B4GALT6/SLIT2/NRP1/NFIB/NOVA2/DRD2/EPHB1/NTRK2/PRKCA/FGF8/LHX6",14
"GO:0030834","regulation of actin filament depolymerization","14/1767","54/18842",0.259259259259259,2.76455176172211,4.17715797520953,0.000343094139292062,0.00356706781255877,0.00356706781255877,"CAPZA3/DMTN/PLEKHH2/SEMA5A/ADD3/CFL2/TMOD2/SPTA1/LMOD1/TMOD1/SPTB/GSN/EPS8/SPTBN1",14
"GO:0051932","synaptic transmission, GABAergic","14/1767","54/18842",0.259259259259259,2.76455176172211,4.17715797520953,0.000343094139292062,0.00356706781255877,0.00356706781255877,"NRXN1/GABRE/GABRA2/DRD2/GABRG1/PLCL2/TAC1/HAP1/GABRA4/TACR1/NPAS4/NLGN1/STXBP1/ADRA1A",14
"GO:0055021","regulation of cardiac muscle tissue growth","14/1767","54/18842",0.259259259259259,2.76455176172211,4.17715797520953,0.000343094139292062,0.00356706781255877,0.00356706781255877,"YAP1/ZFPM2/IGF1/FGF2/TGFBR3/RGS2/MIR222/EDN1/AKAP6/RBP4/PPARA/NRG1/CAV3/MEF2C",14
"GO:0033555","multicellular organismal response to stress","13/1767","48/18842",0.270833333333333,2.8879692510847,4.21304228042182,0.000348735643304432,0.00361839649295265,0.00361839649295265,"ATP1A2/NOS1/PENK/SCN3A/RELN/AVP/HMGCS2/TACR1/ADCYAP1R1/MRGPRX2/EDNRB/MEF2C/SCN11A",13
"GO:0010765","positive regulation of sodium ion transport","10/1767","31/18842",0.32258064516129,3.43976486481552,4.37333525633314,0.000360019804347325,0.0037204461068971,0.0037204461068971,"SCN5A/TESC/NOS1/FXYD6/SCN2B/FXYD2/SCN3B/ATP1B2/SCN4B/FXYD1",10
"GO:0046320","regulation of fatty acid oxidation","10/1767","31/18842",0.32258064516129,3.43976486481552,4.37333525633314,0.000360019804347325,0.0037204461068971,0.0037204461068971,"ABCD2/ACACB/TWIST1/ACADL/IRS2/DGAT2/ABCB11/PPARA/PDK4/PPARGC1A",10
"GO:0001657","ureteric bud development","16/1767","67/18842",0.238805970149254,2.54645279544552,4.07919052158901,0.000368877684334887,0.00379670498345487,0.00379670498345487,"CER1/OSR1/FGF2/SFRP1/GPC3/SLIT2/BMPER/BMP2/SIM1/LGR4/WNT11/CAT/CITED1/FGF1/TCF21/PKD2",16
"GO:0070527","platelet aggregation","16/1767","67/18842",0.238805970149254,2.54645279544552,4.07919052158901,0.000368877684334887,0.00379670498345487,0.00379670498345487,"HTR2A/ADAMTS18/C1QTNF1/EMILIN2/IL6/CSRP1/PEAR1/MMRN1/PDGFRA/HBB/PRKCA/MYL9/STXBP1/P2RY12/CTSG/TYRO3",16
"GO:1904064","positive regulation of cation transmembrane transport","23/1767","115/18842",0.2,2.13265421618563,3.91924176272842,0.000375260125578221,0.00385467200993948,0.00385467200993948,"CAPN3/TESC/KCNIP2/NOS1/FHL1/IL13/FXYD6/STAC2/TRPC1/CX3CL1/LRRC38/ANK2/FXYD2/KCNJ2/SNCA/ATP1B2/EDN1/AKAP6/ADCYAP1R1/FXYD1/KCNE1/CAV1/ANO6",23
"GO:0032230","positive regulation of synaptic transmission, GABAergic","6/1767","12/18842",0.5,5.33163554046406,4.82844473276871,0.000378751398140084,0.00388276882404684,0.00388276882404684,"NRXN1/TAC1/HAP1/TACR1/NLGN1/ADRA1A",6
"GO:0019217","regulation of fatty acid metabolic process","22/1767","108/18842",0.203703703703704,2.17214781278166,3.92978594147681,0.000381459399872108,0.00390273999550428,0.00390273999550428,"CYP7A1/ABCD2/ACACB/TWIST1/ACADL/PTGS2/ANGPTL4/KAT2B/AVP/ADIPOQ/EDN1/IRS2/DGAT2/ABCB11/PPARA/PDK4/CAV1/PPARGC1A/GPIHBP1/PPARG/AVPR1A/MLXIPL",22
"GO:0033622","integrin activation","9/1767","26/18842",0.346153846153846,3.69113229724435,4.41720915440015,0.000391729929441748,0.00399191451907305,0.00399191451907305,"FERMT2/ITGB1BP1/CXCL12/CX3CL1/PTGER4/RASIP1/SELP/P2RY12/JAM3",9
"GO:0045987","positive regulation of smooth muscle contraction","9/1767","26/18842",0.346153846153846,3.69113229724435,4.41720915440015,0.000391729929441748,0.00399191451907305,0.00399191451907305,"MYOCD/KIT/ADRA2B/SPX/EDN3/EDN1/TACR1/PROK2/ADRA1A",9
"GO:0032233","positive regulation of actin filament bundle assembly","15/1767","61/18842",0.245901639344262,2.62211583957249,4.08204059740583,0.000397845095881508,0.00404620279692559,0.00404620279692559,"MYOC/LIMCH1/FERMT2/SFRP1/SYNPO2/ITGB1BP1/CX3CL1/NRP1/SYNPO/TAC1/RGCC/TACR1/ARHGEF15/FHOD3/RAPGEF3",15
"GO:0070373","negative regulation of ERK1 and ERK2 cascade","17/1767","74/18842",0.22972972972973,2.44967038345646,4.01944436964376,0.000399922863396615,0.00405128959843198,0.00405128959843198,"MIR221/TLR4/LMO3/SPRY1/MIR205/ATF3/ITGB1BP1/SPRY2/SEMA6A/SIRPA/DUSP1/ADIPOQ/DUSP6/ACE2/KLF4/DAB2IP/FBLN1",17
"GO:1902893","regulation of miRNA transcription","17/1767","74/18842",0.22972972972973,2.44967038345646,4.01944436964376,0.000399922863396615,0.00405128959843198,0.00405128959843198,"JUN/IL6/MYOCD/FGF2/TEAD1/NFIB/TWIST1/EGFR/BMP2/ATOH8/NGFR/KLF4/EGR1/PPARA/NR3C1/PPARG/FOS",17
"GO:0031641","regulation of myelination","11/1767","37/18842",0.297297297297297,3.17016167270836,4.25056024150238,0.000410034707659493,0.00412929070301795,0.00412929070301795,"PTN/IGF1/JAM2/EGR2/PTPRZ1/TPPP/LPIN1/LGI4/QKI/S100B/SOX10",11
"GO:0090050","positive regulation of cell migration involved in sprouting angiogenesis","11/1767","37/18842",0.297297297297297,3.17016167270836,4.25056024150238,0.000410034707659493,0.00412929070301795,0.00412929070301795,"FGFBP1/KDR/FGF2/MIR126/TGFBR3/NRP1/PTGS2/MIR27B/ANXA1/MIR10B/RHOJ",11
"GO:1903524","positive regulation of blood circulation","11/1767","37/18842",0.297297297297297,3.17016167270836,4.25056024150238,0.000410034707659493,0.00412929070301795,0.00412929070301795,"ATP1A2/SCN3B/EDN3/RGS2/ACE2/EDN1/HRC/ADRB1/ADRA1A/ADM/AVPR1A",11
"GO:0008360","regulation of cell shape","24/1767","123/18842",0.195121951219512,2.08063825969329,3.86795547782347,0.000415026746981082,0.00417138429059655,0.00417138429059655,"FERMT2/DMTN/KDR/ITGA7/GAS2/KIT/PALM2AKAP2/EPB42/CCL13/PARVA/CCL2/CCL24/PALM/FGD4/ANXA1/S100B/SYNE3/SPTA1/PALMD/SPTB/POPDC1/RHOU/EPS8/FGD5",24
"GO:0050881","musculoskeletal movement","14/1767","55/18842",0.254545454545455,2.71428718423625,4.0956807682682,0.000421021487332645,0.00420562712067581,0.00420562712067581,"DMD/SCN4A/GSTM2/STAC2/PRKD1/KCNJ2/ADGRD1/MYH3/SLC8A3/KBTBD13/TNNT3/SYNM/CA3/CAV3",14
"GO:1902895","positive regulation of miRNA transcription","14/1767","55/18842",0.254545454545455,2.71428718423625,4.0956807682682,0.000421021487332645,0.00420562712067581,0.00420562712067581,"JUN/IL6/MYOCD/FGF2/TEAD1/EGFR/BMP2/ATOH8/NGFR/KLF4/EGR1/NR3C1/PPARG/FOS",14
"GO:0061138","morphogenesis of a branching epithelium","18/1767","81/18842",0.222222222222222,2.36961579576181,3.97377402977683,0.000421709105753123,0.00420562712067581,0.00420562712067581,"KDR/FGF2/MET/TIE1/SLIT2/EPHA2/NRP1/BMP2/RASIP1/TGFBR2/LGR4/CITED1/HGF/FGF1/TCF21/NOTCH4/PDGFA/PKD2",18
"GO:0090049","regulation of cell migration involved in sprouting angiogenesis","18/1767","81/18842",0.222222222222222,2.36961579576181,3.97377402977683,0.000421709105753123,0.00420562712067581,0.00420562712067581,"MIR221/FGFBP1/KDR/FGF2/MIR126/TGFBR3/MIR205/ITGB1BP1/MMRN2/NRP1/MMRN1/PTGS2/MIR27B/ANXA1/MIR10B/KLF4/MEOX2/RHOJ",18
"GO:0008643","carbohydrate transport","23/1767","116/18842",0.198275862068966,2.11426926604609,3.8724563430939,0.000427257320541148,0.00424980016699408,0.00424980016699408,"SLC5A4/PTPRM/IGF1/TRARG1/SLC25A27/AQP7B/AQP7/C3/LEP/AQP1/ITLN1/PPBP/SLC2A12/ADIPOQ/PID1/IRS2/SORBS1/SLC2A4/DHRS7C/NR4A3/FFAR4/PIK3R1/RHOQ",23
"GO:0070482","response to oxygen levels","48/1767","312/18842",0.153846153846154,1.64050324321971,3.66987112909196,0.000427793357931453,0.00424980016699408,0.00424980016699408,"NDNF/PTGIS/MGARP/MYOCD/NOS1/PENK/VEGFD/SFRP1/MIR145/SCN2A/TGFBR3/ZEB2/CXCL12/TWIST1/LEP/CYGB/BMP2/PTGS2/CPEB1/AQP1/ANGPTL4/DRD2/S100B/RGCC/MSTN/AK4/FOXO1/KCNA5/EDN1/ANGPT4/ACAA2/SLC8A3/EGR1/CLCA1/CAT/ALAS2/PPARA/MPL/CA3/SLC2A4/DDR2/CAV1/PPARG/CAV3/EPAS1/DPP4/CYP1A1/FOS",48
"GO:0001504","neurotransmitter uptake","12/1767","43/18842",0.27906976744186,2.97579658072413,4.17252528110434,0.000432775016060584,0.00427448554324454,0.00427448554324454,"ATP1A2/SLC29A4/GPM6B/NOS1/SLC1A3/SLC1A7/PER2/DRD2/SLC22A3/SNCA/PRKN/SLC6A2",12
"GO:0010761","fibroblast migration","12/1767","43/18842",0.27906976744186,2.97579658072413,4.17252528110434,0.000432775016060584,0.00427448554324454,0.00427448554324454,"DMTN/HAS1/FGF2/MIR145/ITGB1BP1/ZEB2/CCN3/TNS1/CYGB/ACTA2/AKAP12/DDR2",12
"GO:1902305","regulation of sodium ion transmembrane transport","12/1767","43/18842",0.27906976744186,2.97579658072413,4.17252528110434,0.000432775016060584,0.00427448554324454,0.00427448554324454,"DMD/SCN5A/OSR1/TESC/NOS1/FXYD6/FXYD2/ATP1B2/FXYD1/ATP2B4/UTRN/CAV3",12
"GO:0050982","detection of mechanical stimulus","13/1767","49/18842",0.26530612244898,2.82903110310338,4.12392698415324,0.000434390619954214,0.00428220772377129,0.00428220772377129,"HTR2A/KIT/CXCL12/PECAM1/KCNA1/PKD1L2/ANO3/TMC2/PTPRQ/SCN9A/CAV3/PKD2/SCN11A",13
"GO:0060070","canonical Wnt signaling pathway","47/1767","304/18842",0.154605263157895,1.64859783159086,3.66750520308681,0.000436747414792484,0.00429719295473984,0.00429719295473985,"EGF/DKK4/ADGRA2/WLS/SFRP1/MIR145/GPC3/ZEB2/RECK/RSPO1/JADE1/EGFR/MEST/BMP2/IGFBP6/KANK1/SEMA5A/WNT8A/IGFBP1/TMEM196/RSPO3/LGR4/WNT10B/WNT11/DIXDC1/TLE4/EDN1/FZD5/PRKN/TBX18/TMEM88/KLF4/EGR1/DAB2IP/FZD7/TMEM170B/FZD4/SOX17/LRP4/DAAM2/TCF7L2/EDNRB/CAV1/LGR6/RBMS3/DKK3/SOX10",47
"GO:0030534","adult behavior","16/1767","68/18842",0.235294117647059,2.50900496021838,4.01011299645667,0.000440977721479048,0.00431402205241217,0.00431402205241217,"HTR2A/NRXN1/SHANK3/PENK/FGF2/CXCL12/NTF4/DMRT3/LEP/DRD2/SNCA/FOSB/PRKN/PPARA/CRHBP/NLGN4X",16
"GO:0072163","mesonephric epithelium development","16/1767","68/18842",0.235294117647059,2.50900496021838,4.01011299645667,0.000440977721479048,0.00431402205241217,0.00431402205241217,"CER1/OSR1/FGF2/SFRP1/GPC3/SLIT2/BMPER/BMP2/SIM1/LGR4/WNT11/CAT/CITED1/FGF1/TCF21/PKD2",16
"GO:0072164","mesonephric tubule development","16/1767","68/18842",0.235294117647059,2.50900496021838,4.01011299645667,0.000440977721479048,0.00431402205241217,0.00431402205241217,"CER1/OSR1/FGF2/SFRP1/GPC3/SLIT2/BMPER/BMP2/SIM1/LGR4/WNT11/CAT/CITED1/FGF1/TCF21/PKD2",16
"GO:0030111","regulation of Wnt signaling pathway","49/1767","321/18842",0.152647975077882,1.62772673821021,3.64905846485424,0.000449922667921121,0.00439316125939711,0.00439316125939711,"EGF/APCDD1/APCDD1L/DKK4/ADGRA2/WLS/SFRP1/MIR145/GPC3/ZEB2/RECK/LRP1/RSPO1/JADE1/EGFR/MEST/BMP2/IGFBP6/KANK1/SEMA5A/IGFBP1/TMEM196/RSPO3/DCDC2/LGR4/WNT11/DIXDC1/TLE4/SOSTDC1/PRKN/TBX18/TMEM88/EGR1/DAB2IP/CITED1/FZD7/TMEM170B/SOX17/LRP4/DAAM2/WIF1/TCF7L2/CAV1/LGR6/RBMS3/DKK3/SOX10/MDFIC/TRABD2B",49
"GO:0032271","regulation of protein polymerization","32/1767","184/18842",0.173913043478261,1.85448192711794,3.74687445856599,0.000454726920604645,0.00443164604217354,0.00443164604217354,"CAPZA3/DMTN/TPPP3/KANK3/SLIT2/TPPP/CCL24/MAP1B/KANK1/CSF3/ADD3/CYRIA/SNCA/ANKRD53/TPPP2/BIN1/TENM1/TMOD2/CDH5/CCL21/SPTA1/LMOD1/ESAM/TMOD1/SPTB/DAAM2/KANK2/PAK3/GSN/EPS8/CAV3/SPTBN1",32
"GO:0061614","miRNA transcription","17/1767","75/18842",0.226666666666667,2.41700811167704,3.95544576832068,0.000472634169343711,0.00459744146543428,0.00459744146543428,"JUN/IL6/MYOCD/FGF2/TEAD1/NFIB/TWIST1/EGFR/BMP2/ATOH8/NGFR/KLF4/EGR1/PPARA/NR3C1/PPARG/FOS",17
"GO:0045927","positive regulation of growth","35/1767","208/18842",0.168269230769231,1.79430042227156,3.70555538392725,0.000478534550935197,0.00464314930098464,0.00464314930098464,"YAP1/ZFPM2/CAPN3/IGF1/FGF2/ACSL4/ACACB/SFRP1/TGFBR3/TEAD1/CXCL12/NRP1/LEP/EGFR/KRT17/MAP1B/GHR/SEMA5A/IGFBP1/CPNE8/HBEGF/AVP/ISLR2/MIR222/EDN1/PRKN/PROX1/AKAP6/RPS6KA3/VIM/NRG1/MEF2C/AVPR1A/HYAL1/RNF157",35
"GO:0019228","neuronal action potential","10/1767","32/18842",0.3125,3.33227221279004,4.2476597653707,0.00048002783184452,0.00464314930098464,0.00464314930098464,"SCN2A/KCNA1/KCNMB1/NPR2/KCNMB2/SCN4B/NPY2R/SCN9A/KCNA2/SCN11A",10
"GO:0032535","regulation of cellular component size","46/1767","297/18842",0.154882154882155,1.65155040310671,3.64084941544282,0.0004800452256275,0.00464314930098464,0.00464314930098464,"CAPZA3/SHANK3/DMTN/GPRC5B/AQP4/PLXNA4/KANK3/PLEKHH2/SLIT2/CXCL12/PRKD1/NRP1/SEMA3G/SEMA6D/CCL24/MAP1B/KANK1/CSF3/AQP1/SEMA5A/ADD3/RGMA/CYRIA/SEMA3A/CFL2/BIN1/TENM1/TMOD2/ISLR2/CCL21/EDN1/SPTA1/LMOD1/ESAM/TMOD1/SPTB/DAAM2/KANK2/SCTR/PAK3/VIM/GSN/EPS8/ANO6/CAV3/SPTBN1",46
"GO:0042632","cholesterol homeostasis","22/1767","110/18842",0.2,2.13265421618563,3.83258245672852,0.000497949759082825,0.00480727436588231,0.00480727436588231,"CYP7A1/RILP/AKR1C1/HSDL2/APOB/ACSM1/CYP39A1/ABCA1/MIR27B/ACSM3/CES1/ABCG8/LPL/DGAT2/NEGR1/ABCB11/ABCA5/PCSK5/CAV1/CETP/GPIHBP1/CAV3",22
"GO:0010232","vascular transport","19/1767","89/18842",0.213483146067416,2.27642865772623,3.88280934379196,0.000505401973590881,0.00485971376342411,0.00485971376342411,"ATP1A2/SLC29A4/SLC16A12/SLC1A3/SLC7A3/ABCG2/LRP1/CD36/SLC16A7/SLC22A3/ATP1B2/ABCC9/KCNJ8/SLCO1C1/LEPR/ATP2B4/ABCB1/SLC2A4/AVPR1A",19
"GO:0150104","transport across blood-brain barrier","19/1767","89/18842",0.213483146067416,2.27642865772623,3.88280934379196,0.000505401973590881,0.00485971376342411,0.00485971376342411,"ATP1A2/SLC29A4/SLC16A12/SLC1A3/SLC7A3/ABCG2/LRP1/CD36/SLC16A7/SLC22A3/ATP1B2/ABCC9/KCNJ8/SLCO1C1/LEPR/ATP2B4/ABCB1/SLC2A4/AVPR1A",19
"GO:0055007","cardiac muscle cell differentiation","21/1767","103/18842",0.203883495145631,2.17406497766496,3.84350484941626,0.000506220183690011,0.00485971376342411,0.00485971376342411,"MYH11/ALPK3/IGF1/MYOCD/BMP2/SORBS2/PDGFRA/RGS2/MIR222/EDN1/TBX18/ACTC1/PROX1/AKAP6/FZD7/PPARA/FHOD3/NRG1/MYL2/CAV3/MEF2C",21
"GO:0001954","positive regulation of cell-matrix adhesion","14/1767","56/18842",0.25,2.66581777023203,4.01600494140546,0.000513547213783282,0.00491169178769262,0.00491169178769262,"MYOC/FERMT2/KDR/SFRP1/ITGB1BP1/CX3CL1/NRP1/CD36/CDH13/CCL21/TEK/UTRN/CCL28/PLPP3",14
"GO:0050879","multicellular organismal movement","14/1767","56/18842",0.25,2.66581777023203,4.01600494140546,0.000513547213783282,0.00491169178769262,0.00491169178769262,"DMD/SCN4A/GSTM2/STAC2/PRKD1/KCNJ2/ADGRD1/MYH3/SLC8A3/KBTBD13/TNNT3/SYNM/CA3/CAV3",14
"GO:0001656","metanephros development","16/1767","69/18842",0.231884057971014,2.47264256949058,3.94225714594467,0.000524855673320055,0.00500287031835161,0.00500287031835161,"OSR1/IRX1/POU3F3/AQP1/PDGFRA/ADIPOQ/LGR4/EGR1/CITED1/FGF8/CD34/SOX17/PTCH1/TCF21/PDGFA/PKD2",16
"GO:0014821","phasic smooth muscle contraction","7/1767","17/18842",0.411764705882353,4.39075868038217,4.49928748759215,0.000526002720387435,0.00500287031835161,0.00500287031835161,"KIT/DRD2/EDN3/EDN1/PTGER3/EDNRB/SCN11A",7
"GO:0036303","lymph vessel morphogenesis","7/1767","17/18842",0.411764705882353,4.39075868038217,4.49928748759215,0.000526002720387435,0.00500287031835161,0.00500287031835161,"TIE1/CCBE1/SVEP1/PTPN14/FLT4/PROX1/ACVRL1",7
"GO:0045907","positive regulation of vasoconstriction","9/1767","27/18842",0.333333333333333,3.55442369364271,4.27280032481546,0.000539059261063424,0.00510813351443126,0.00510813351443126,"HTR2A/AVPR2/ADD3/AVP/TACR1/OXTR/CAV1/ADRA1A/AVPR1A",9
"GO:0051491","positive regulation of filopodium assembly","9/1767","27/18842",0.333333333333333,3.55442369364271,4.27280032481546,0.000539059261063424,0.00510813351443126,0.00510813351443126,"NRP1/PALM/TENM1/CCL21/DOCK11/NLGN1/TENM2/PIK3R1/RHOQ",9
"GO:0051056","regulation of small GTPase mediated signal transduction","47/1767","307/18842",0.153094462540717,1.63248775506066,3.59430484185947,0.000544843381409093,0.00513469642322697,0.00513469642322697,"MYOC/IQSEC3/FERMT2/ITSN1/ARHGEF28/ARHGAP20/LAMA1/IGF1/RASA4/RASGRF2/ARHGAP6/SPRY1/SLIT2/SYNPO2/SPRY2/NRP1/ARHGEF40/ABCA1/KALRN/RASA4B/KANK1/RASIP1/FGD4/RELN/MRAS/PSD2/ARHGAP24/RASA3/STARD8/DOCK11/DAB2IP/TEK/ADCYAP1R1/ARHGEF4/ARHGEF15/DLC1/LRP4/PREX2/ARHGAP31/KANK2/ABRA/RHOU/EPS8/ARHGAP26/FAM13A/ARHGAP10/FGD5",47
"GO:0002920","regulation of humoral immune response","12/1767","44/18842",0.272727272727273,2.90816484025313,4.07639535711727,0.00054486167263604,0.00513469642322697,0.00513469642322697,"SERPING1/C3/CFI/CFHR1/CR1/C6/VSIG4/C4BPA/CFH/MASP1/KLK3/A2M",12
"GO:1903115","regulation of actin filament-based movement","12/1767","44/18842",0.272727272727273,2.90816484025313,4.07639535711727,0.00054486167263604,0.00513469642322697,0.00513469642322697,"ATP1A2/SCN5A/ZEB2/ANK2/KCNJ2/ACTA2/BIN1/ADRB2/PLN/CAV1/CTNNA3/CAV3",12
"GO:0009581","detection of external stimulus","23/1767","118/18842",0.194915254237288,2.07843419374023,3.78029098232805,0.000550439708772209,0.00517776253526385,0.00517776253526385,"HTR2A/KIT/CXCL12/PECAM1/KCNA1/SLC24A4/PRCD/RPE65/EPHB1/TAC1/PKD1L2/NMT2/GPR88/OPN4/ANO3/TMC2/CABP1/PTPRQ/SCN9A/CAV3/PKD2/SCN11A/EYS",23
"GO:1903036","positive regulation of response to wounding","17/1767","76/18842",0.223684210526316,2.3852053733655,3.89246755317477,0.000556444844950485,0.00522468139609815,0.00522468139609815,"FERMT2/MIR221/DMTN/PTN/EMILIN2/F3/THBD/CD36/KANK1/ANXA1/HBEGF/ADRA2A/MYLK/MIR222/SCARF1/DDR2/ANO6",17
"GO:0006700","C21-steroid hormone biosynthetic process","8/1767","22/18842",0.363636363636364,3.8775531203375,4.3442496398554,0.00056577528487002,0.0052853419083649,0.0052853419083649,"BMP5/HSD3B1/BMP2/CYP11A1/EGR1/BMP6/ADM/DKK3",8
"GO:0015874","norepinephrine transport","8/1767","22/18842",0.363636363636364,3.8775531203375,4.3442496398554,0.00056577528487002,0.0052853419083649,0.0052853419083649,"SLC29A4/ADRA2B/SLC22A3/SNCA/ADRA2A/SLC6A2/KCNB1/FFAR3",8
"GO:0003205","cardiac chamber development","22/1767","111/18842",0.198198198198198,2.11344111513891,3.78475834242116,0.000567021688377933,0.0052853419083649,0.0052853419083649,"ZFPM2/BMP5/SCN5A/TGFBR3/SLIT2/PARVA/NRP1/MYL3/SLIT3/ANK2/BMP2/PDE2A/TGFBR2/WNT11/PROX1/RBP4/TEK/FGF8/NPY2R/NRG1/MYL2/MEF2C",22
"GO:0055092","sterol homeostasis","22/1767","111/18842",0.198198198198198,2.11344111513891,3.78475834242116,0.000567021688377933,0.0052853419083649,0.0052853419083649,"CYP7A1/RILP/AKR1C1/HSDL2/APOB/ACSM1/CYP39A1/ABCA1/MIR27B/ACSM3/CES1/ABCG8/LPL/DGAT2/NEGR1/ABCB11/ABCA5/PCSK5/CAV1/CETP/GPIHBP1/CAV3",22
"GO:0051153","regulation of striated muscle cell differentiation","18/1767","83/18842",0.216867469879518,2.31251661996032,3.85504018309117,0.000576040680816268,0.0053503291656666,0.0053503291656666,"IGF1/MYOCD/CCN3/PRKD1/SMYD1/BHLHE41/BMP2/RGS2/MIR222/EDN1/PROX1/AKAP6/FZD7/PPARA/NRG1/CAV3/MEF2C/CYP26B1",18
"GO:1901379","regulation of potassium ion transmembrane transport","15/1767","63/18842",0.238095238095238,2.53887406688765,3.9357455954409,0.000576077108374928,0.0053503291656666,0.0053503291656666,"KCNIP2/FHL1/ANK2/KCNJ2/ATP1B2/BIN1/KCNS1/AKAP6/DPP6/KCNE1/CAV1/ANO6/CAV3/KCNAB1/KCNIP1",15
"GO:0030278","regulation of ossification","21/1767","104/18842",0.201923076923077,2.15316050672587,3.79345298597309,0.000579233539156472,0.00536025848127503,0.00536025848127503,"BMP3/PTN/OSR1/GPM6B/SFRP1/CCN3/TWIST1/BMP2/CCN1/GDF10/TAC1/PKDCC/TACR1/BMP6/KL/LRP4/S1PR1/DDR2/ZBTB16/ANO6/MEF2C",21
"GO:0034440","lipid oxidation","21/1767","104/18842",0.201923076923077,2.15316050672587,3.79345298597309,0.000579233539156472,0.00536025848127503,0.00536025848127503,"ABCD2/ACACB/ACSM1/ECHDC1/TWIST1/ACADL/LEP/CYGB/ADH4/ACADS/ADIPOQ/IRS2/ACAA2/DGAT2/ABCB11/PPARA/PDK4/EHHADH/PPARGC1A/HADH/APOD",21
"GO:0072009","nephron epithelium development","19/1767","90/18842",0.211111111111111,2.25113500597372,3.82729137291965,0.000585266680929787,0.00540634833319314,0.00540634833319314,"OSR1/FGF2/GPC3/IRX1/KLF15/PECAM1/POU3F3/BMP2/AQP1/LGR4/WNT11/EDN1/CITED1/CD34/KLHL3/FGF1/TCF21/MEF2C/PKD2",19
"GO:0000302","response to reactive oxygen species","31/1767","179/18842",0.173184357541899,1.84671175144565,3.66151879845566,0.000595600667466373,0.0054919300325086,0.0054919300325086,"TXNIP/SOD3/IL6/KLF2/MET/HBA2/CD36/CYGB/SIRPA/DUSP1/AQP1/PDGFRA/HBB/KCNA5/EDN1/KLF4/HP/CAT/PRKCA/TACR1/HGF/CRYAB/CA3/HBA1/DDR2/PKD2/FBLN5/HYAL1/APOD/PDGFD/FOS",31
"GO:0071248","cellular response to metal ion","28/1767","156/18842",0.17948717948718,1.913920450423,3.68724856900193,0.000600111498622816,0.00552360691205516,0.00552360691205516,"SERPINF1/DLG2/NRXN1/CAPN3/AKR1C3/SCN5A/RASA4/MICU3/TF/KCNA1/MT1M/RASA4B/AQP1/CPNE8/PRNP/SNCA/MT1X/SLC13A2/EDN1/PRKN/NLGN1/BMP6/RYR3/CRHBP/KCNB1/MEF2C/PKD2/CYP1A1",28
"GO:0055017","cardiac muscle tissue growth","16/1767","70/18842",0.228571428571429,2.43731910421214,3.87558118339097,0.000622036380285337,0.00569241100270828,0.00569241100270828,"YAP1/ZFPM2/IGF1/FGF2/TGFBR3/SORBS2/RGS2/MIR222/EDN1/AKAP6/RBP4/PPARA/S1PR1/NRG1/CAV3/MEF2C",16
"GO:0001570","vasculogenesis","14/1767","57/18842",0.245614035087719,2.61904903742094,3.93805451892412,0.000622801605504339,0.00569241100270828,0.00569241100270828,"KDR/TIE1/TGFBR3/ACKR3/NRP1/RASIP1/TGFBR2/NPR2/ASB4/CD34/SOX17/TMEM100/CAV1/ADM",14
"GO:0051145","smooth muscle cell differentiation","14/1767","57/18842",0.245614035087719,2.61904903742094,3.93805451892412,0.000622801605504339,0.00569241100270828,0.00569241100270828,"MIR221/MYOCD/KIT/MIR145/RCAN1/MIR125B1/QKI/FOXO4/TBX18/EDNRB/RBPMS2/NOTCH4/ADM/MEF2C",14
"GO:0021953","central nervous system neuron differentiation","23/1767","119/18842",0.19327731092437,2.06096836017939,3.73489234459083,0.00062288453729012,0.00569241100270828,0.00569241100270828,"MYCBP2/NDNF/NRXN1/SHANK3/CBLN1/BRINP1/B4GALT6/PTF1A/SFRP1/SLIT2/LMX1A/NRP1/NFIB/NOVA2/BMP2/DRD2/EPHB1/NTRK2/PROX1/PRKCA/FGF8/LHX6/FOXP2",23
"GO:0071559","response to transforming growth factor beta","44/1767","284/18842",0.154929577464789,1.6520560829607,3.56179097334095,0.000625112556081842,0.00570262537839492,0.00570262537839492,"FERMT2/JUN/SOX5/MYOCD/IL17RD/PENK/FMOD/SFRP1/MIR145/TGFBR3/SPRY1/SPRY2/ZEB2/CCN3/PRDM16/SMAD9/BMP2/CLDN5/FNDC4/MIR27B/GDF10/PDE2A/TGFBR2/CDKN1C/ZFP36L2/ACTA2/RGCC/MSTN/CDH5/LTBP4/EDN1/CITED1/ACVRL1/CIDEA/PPARA/WFIKKN2/NR3C1/DDR2/PPARG/MEF2C/ID1/DKK3/PDGFD/FOS",44
"GO:0001934","positive regulation of protein phosphorylation","36/1767","219/18842",0.164383561643836,1.75286647905668,3.60499851376715,0.000628157113667932,0.00572023924786968,0.00572023924786968,"LIMCH1/EGF/FAXDC2/KDR/IGF1/IL6/FGF2/BANK1/KIT/IL13/ITGB1BP1/SPRY2/C3/NEDD9/RSPO1/FGF7/LEP/EGFR/BMP2/ITLN1/ELANE/MMD/SASH1/PRKAR2B/TENM1/FLT4/ANGPT4/CRIPTO/IL34/ANGPT1/RARRES2/TLR3/FGF1/DDR2/NRG1/PELI2",36
"GO:0048667","cell morphogenesis involved in neuron differentiation","65/1767","463/18842",0.140388768898488,1.49700349948235,3.48320388966814,0.000638369238475925,0.00579021863748526,0.00579021863748526,"MYCBP2/NRXN1/SHANK3/PTN/PTPRM/FEZ1/PLXNA4/B4GALT6/SLIT2/EFNB3/CXCL12/SLITRK2/NCAM1/NRP1/ARHGEF40/SEMA3G/SEMA6A/ADGRB3/NFIB/ROBO3/NOVA2/ARMCX5-GPRASP2/KALRN/SLIT3/SEMA6D/SEMA3D/MAP1B/SEMA5A/RELN/NEXN/DRD2/RGMA/EPHB1/HMCN2/NTRK2/SEMA3A/NPR2/PLPPR4/S100B/EDN3/TENM1/FAT4/ISLR2/EDN1/PRKCA/ZDHHC15/FGF8/CNTN6/SLITRK3/NLGN1/VLDLR/FZD4/STXBP1/LRP4/PTCH1/PAK3/ROBO4/VIM/TENM2/LGR6/KCTD12/ARC/MEF2C/SCN11A/BOC",65
"GO:0007584","response to nutrient","27/1767","149/18842",0.181208053691275,1.93227059855745,3.67523837427002,0.000639223903320511,0.00579021863748526,0.00579021863748526,"AKR1C3/PENK/PLD1/ALPL/SFRP1/MIR125B1/OTC/LEP/ABCA1/MAP1B/KAT2B/FOLR2/ABCG8/LPL/CAT/DGAT2/HMGCS2/PPARA/ACSL1/KL/ALDH1A2/KANK2/CCL28/PPARG/CYP26B1/CYP1A1/MLXIPL",27
"GO:1902652","secondary alcohol metabolic process","27/1767","149/18842",0.181208053691275,1.93227059855745,3.67523837427002,0.000639223903320511,0.00579021863748526,0.00579021863748526,"AKR1D1/CYP7A1/GPR146/CYP1A2/GNAI1/SULT1C3/LIPE/APOB/CYP39A1/ACADL/CYP3A4/ABCA1/MIR27B/CES1/QKI/CYP11A1/CH25H/ACAA2/DGAT2/HMGCS2/ABCA5/CUBN/CYP46A1/SCARF1/VLDLR/FGF1/CETP",27
"GO:1904995","negative regulation of leukocyte adhesion to vascular endothelial cell","6/1767","13/18842",0.461538461538462,4.92150972965914,4.54989357844198,0.000647652126949516,0.00585623472537449,0.00585623472537449,"MIR221/CXCL12/CCL21/MIR222/KLF4/CCL28",6
"GO:0071320","cellular response to cAMP","13/1767","51/18842",0.254901960784314,2.71808870690325,3.95226101336368,0.000659933433714445,0.00595679809412546,0.00595679809412546,"DMTN/PENK/AQP1/PDE2A/HCN1/SLC8A3/AKAP6/CPS1/SLC26A3/CRHBP/KCNE1/RAPGEF3/PKD2",13
"GO:0051048","negative regulation of secretion","28/1767","157/18842",0.178343949044586,1.90172987430565,3.6498047038216,0.000666333961620382,0.00600401969628471,0.00600401969628471,"EGF/PDE8B/ACSL4/CCN3/NMB/LEP/PLA2R1/ADRA2B/CD200/DRD2/ANXA1/SPX/SNCA/ADRA2A/FOXO1/EDN1/PRKN/CRY2/NPY2R/CRHBP/PTGER3/STXBP6/KCNB1/NRG1/PDE1C/FFAR4/FAM3D/HADH",28
"GO:0140115","export across plasma membrane","20/1767","98/18842",0.204081632653061,2.17617777161799,3.75530106918833,0.000672262380838433,0.00603628861084154,0.00603628861084154,"ATP1A2/SLC29A4/KCNIP2/ABCG2/FXYD6/ABCA1/SLC24A4/FXYD2/KCNT2/ATP1B2/KCNA5/SLC8A3/FXYD1/KCNE1/SLC47A2/ABCB1/KCNB1/KCNA2/ANO6/KCNIP1",20
"GO:0034368","protein-lipid complex remodeling","11/1767","39/18842",0.282051282051282,3.00758927923614,4.03722999924736,0.000674657908359234,0.00603628861084154,0.00603628861084154,"PLTP/APOB/ANGPTL4/MPO/LPL/ABCA5/PLA2G2A/PLA2G5/PCSK5/CETP/GPIHBP1",11
"GO:0034369","plasma lipoprotein particle remodeling","11/1767","39/18842",0.282051282051282,3.00758927923614,4.03722999924736,0.000674657908359234,0.00603628861084154,0.00603628861084154,"PLTP/APOB/ANGPTL4/MPO/LPL/ABCA5/PLA2G2A/PLA2G5/PCSK5/CETP/GPIHBP1",11
"GO:0050432","catecholamine secretion","11/1767","39/18842",0.282051282051282,3.00758927923614,4.03722999924736,0.000674657908359234,0.00603628861084154,0.00603628861084154,"HTR2A/CXCL12/ADRA2B/DRD2/VIP/SNCA/ADRA2A/PRKN/KCNB1/KCNA2/FFAR3",11
"GO:0090130","tissue migration","19/1767","91/18842",0.208791208791209,2.22639725865532,3.77250256461516,0.000675791657171706,0.00603628861084154,0.00603628861084154,"MIR221/ACTG2/KIT/ZEB2/FGF7/KANK1/HBEGF/TAC1/ACTA2/ENPP2/EPB41L4B/SASH1/MIR222/FAT2/ACTC1/DAB2IP/TACR1/DAAM2/KANK2",19
"GO:0048732","gland development","38/1767","236/18842",0.161016949152542,1.71696737743758,3.56548638099874,0.000678976060271393,0.00605420320408659,0.00605420320408659,"CEBPA/STAT5A/IL6/MET/PTF1A/WLS/TGFBR3/HOXA9/EPHA2/OTC/ALDH1A3/CDO1/BMP2/NR5A2/DRD2/PCK1/HOXA10/WNT11/EDN1/PROX1/HMGCS2/HGF/CRIPTO/PPARA/CPS1/PTCH1/CA3/ALDH1A2/OXTR/CAV1/TCF21/NOTCH4/NRG1/ARID5B/PDGFA/PKD2/DKK3/CYP1A1",38
"GO:0009755","hormone-mediated signaling pathway","35/1767","212/18842",0.165094339622642,1.76044569732304,3.58195069315073,0.000684430395359686,0.00609226085020337,0.00609226085020337,"CRHR2/AKR1C3/KLF2/LMO3/ZNF366/PTF1A/SFRP1/TP63/THRB/SSTR1/LHCGR/RHOXF1/NR3C2/PER1/GHR/NR5A2/NODAL/TSHB/DHRS3/ADIPOQ/OSTN/CRY2/ESR2/PPARA/CRHBP/PLPP1/CALCOCO1/KANK2/TCF7L2/NR3C1/TCF21/NR4A3/PPARG/CYP26B1/RXRG",35
"GO:0007389","pattern specification process","43/1767","277/18842",0.155234657039711,1.65530922916935,3.53450487968793,0.000687053201841912,0.0061050263748444,0.0061050263748444,"CER1/TLL1/OSR1/WLS/SFRP1/CRB2/HOXA9/C3/IRX1/NTF4/NRP1/HOXA3/BHLHE41/BMP2/RELN/WNT8A/MFNG/TGFBR2/HOXA4/NODAL/MID1/GREM2/DAW1/WNT11/HOXD4/HOXA5/SOSTDC1/CRIPTO3/FZD5/TBX18/MEIS2/FGF8/HOXA6/CRIPTO/ACVRL1/SOX17/PTCH1/PCSK5/HOXA7/CHRDL1/MEF2C/PKD2/CYP26B1",43
"GO:0003081","regulation of systemic arterial blood pressure by renin-angiotensin","9/1767","28/18842",0.321428571428571,3.42747999029833,4.135080778631,0.000728859960549319,0.00645418061617466,0.00645418061617466,"MAS1/MME/CMA1/ACE2/TACR1/EDNRB/PCSK5/PDE1C/CTSG",9
"GO:0099623","regulation of cardiac muscle cell membrane repolarization","9/1767","28/18842",0.321428571428571,3.42747999029833,4.135080778631,0.000728859960549319,0.00645418061617466,0.00645418061617466,"SCN5A/NOS1/ANK2/CACNA2D1/SCN4B/KCNA5/CASQ2/KCNE1/CAV3",9
"GO:0071560","cellular response to transforming growth factor beta stimulus","43/1767","278/18842",0.154676258992806,1.64935487942413,3.5088000436111,0.000740729974572169,0.00654800197831783,0.00654800197831783,"FERMT2/JUN/SOX5/MYOCD/IL17RD/PENK/FMOD/SFRP1/MIR145/TGFBR3/SPRY1/SPRY2/ZEB2/CCN3/PRDM16/SMAD9/BMP2/CLDN5/MIR27B/GDF10/PDE2A/TGFBR2/CDKN1C/ZFP36L2/ACTA2/RGCC/MSTN/CDH5/LTBP4/EDN1/CITED1/ACVRL1/CIDEA/PPARA/WFIKKN2/NR3C1/DDR2/PPARG/MEF2C/ID1/DKK3/PDGFD/FOS",43
"GO:0071383","cellular response to steroid hormone stimulus","34/1767","205/18842",0.165853658536585,1.7685425207393,3.55915352458503,0.000745170750409468,0.00657593981804644,0.00657593981804644,"KLF9/ATP1A2/SERPINF1/AKR1C3/MGARP/LMO3/ZNF366/SFRP1/TP63/RHOXF1/ZFP36/NR3C2/PER1/AQP1/FAM107A/NODAL/ANXA1/PCK1/ZFP36L2/EDN1/HMGCS2/CRY2/ESR2/PPARA/PLPP1/CALCOCO1/KANK2/TCF7L2/NR3C1/TCF21/NR4A3/RXRG/SOX10/TFPI",34
"GO:0019226","transmission of nerve impulse","14/1767","58/18842",0.241379310344828,2.57389301953438,3.86175804153425,0.000751127863868371,0.00661714015236356,0.00661714015236356,"PENK/SCN2A/KCNA1/KCNMB1/NPR2/AVP/KCNMB2/SCN4B/NPY2R/S1PR1/SCN9A/KCNA2/AVPR1A/SCN11A",14
"GO:0010811","positive regulation of cell-substrate adhesion","21/1767","106/18842",0.19811320754717,2.11253483678765,3.69503031704839,0.00075303407899662,0.00662257368103877,0.00662257368103877,"MYOC/FBLN2/FERMT2/NDNF/KDR/SFRP1/ITGB1BP1/NEDD9/CX3CL1/NRP1/VIT/CD36/CCDC80/CDH13/CCL21/FBLN1/TEK/ECM2/UTRN/CCL28/PLPP3",21
"GO:0055006","cardiac cell development","17/1767","78/18842",0.217948717948718,2.32404626122793,3.769447004743,0.000762882395572627,0.00669771621138634,0.00669771621138634,"MYH11/ALPK3/IGF1/TGFBR3/SPRY1/SORBS2/PDGFRA/RGS2/EDN1/TBX18/ACTC1/PROX1/AKAP6/PPARA/FHOD3/MYL2/CAV3",17
"GO:0048598","embryonic morphogenesis","52/1767","354/18842",0.146892655367232,1.56635620397814,3.46047901833299,0.000766721820592664,0.00671993732178144,0.00671993732178144,"CER1/MIR221/NECTIN3/BMP5/MSX1/OSR1/ITGA7/FGF2/WLS/MIR145/CRB2/GPC3/HOXA9/MAP3K20/IRX1/TWIST1/ALDH1A3/HOXA3/DUSP1/SOX7/ATOH8/SOBP/TGFBR2/HOXA4/NODAL/GREM2/PDGFRA/LAMB3/ADIPOQ/HOXD4/FZD5/MYH3/TBX18/KLF4/PROX1/LAMA3/FZD7/RBP4/FGF8/DLC1/SOX17/PTCH1/RBPMS2/ZBTB16/TCF21/NR4A3/EFEMP1/MEF2C/PKD2/CYP26B1/TMIE/MFAP5",52
"GO:0008645","hexose transmembrane transport","20/1767","99/18842",0.202020202020202,2.15419617796528,3.70397093318843,0.000769524251603293,0.00673300946547617,0.00673300946547617,"SLC5A4/PTPRM/IGF1/TRARG1/SLC25A27/C3/LEP/ITLN1/PPBP/SLC2A12/ADIPOQ/PID1/IRS2/SORBS1/SLC2A4/DHRS7C/NR4A3/FFAR4/PIK3R1/RHOQ",20
"GO:0007519","skeletal muscle tissue development","19/1767","92/18842",0.206521739130435,2.20219728845255,3.71842404809263,0.000778118146107645,0.00678508454738348,0.00678508454738348,"DMD/MYOCD/EGR2/RCAN1/MYOZ2/MYL3/KLHL40/MYOM1/EPHB1/CFL2/CAV2/S100B/MSTN/FOXP2/POPDC1/CAV1/TCF21/MEF2C/CYP26B1",19
"GO:0034109","homotypic cell-cell adhesion","19/1767","92/18842",0.206521739130435,2.20219728845255,3.71842404809263,0.000778118146107645,0.00678508454738348,0.00678508454738348,"HTR2A/ADAMTS18/C1QTNF1/EMILIN2/IL6/CSRP1/PEAR1/MMRN1/XG/PDGFRA/HBB/PRKCA/MYL9/STXBP1/P2RY12/CTNNA3/PLPP3/CTSG/TYRO3",19
"GO:0016048","detection of temperature stimulus","7/1767","18/18842",0.388888888888889,4.14682764258316,4.29678027127133,0.000791389145336344,0.00688910957702959,0.00688910957702959,"HTR2A/CXCL12/EPHB1/TAC1/ANO3/SCN9A/SCN11A",7
"GO:0001945","lymph vessel development","8/1767","23/18842",0.347826086956522,3.70896385423587,4.18175659513328,0.000796710057259375,0.00690034208108626,0.00690034208108626,"TIE1/CCBE1/SVEP1/NPR2/PTPN14/FLT4/PROX1/ACVRL1",8
"GO:0010881","regulation of cardiac muscle contraction by regulation of the release of sequestered calcium ion","8/1767","23/18842",0.347826086956522,3.70896385423587,4.18175659513328,0.000796710057259375,0.00690034208108626,0.00690034208108626,"ATP1A2/DMD/GSTM2/ANK2/TRDN/CASQ2/HRC/CLIC2",8
"GO:0060307","regulation of ventricular cardiac muscle cell membrane repolarization","8/1767","23/18842",0.347826086956522,3.70896385423587,4.18175659513328,0.000796710057259375,0.00690034208108626,0.00690034208108626,"SCN5A/NOS1/ANK2/CACNA2D1/SCN4B/CASQ2/KCNE1/CAV3",8
"GO:0051216","cartilage development","25/1767","136/18842",0.183823529411765,1.96016012517061,3.61503535112332,0.000802946984188936,0.00694265271177504,0.00694265271177504,"CER1/BMP3/BMP5/SOX5/OSR1/FGF2/CCN3/NFIB/LEP/BMP2/GHR/NR5A2/TGFBR2/NPR2/PKDCC/WNT10B/WNT11/ACVRL1/BMP6/ZBTB16/OGN/EFEMP1/MEF2C/HYAL1/GPLD1",25
"GO:0030835","negative regulation of actin filament depolymerization","12/1767","46/18842",0.260869565217391,2.7817228906769,3.89203064057036,0.000842947416224583,0.00727626542811674,0.00727626542811674,"CAPZA3/DMTN/PLEKHH2/ADD3/TMOD2/SPTA1/LMOD1/TMOD1/SPTB/GSN/EPS8/SPTBN1",12
"GO:0019433","triglyceride catabolic process","11/1767","40/18842",0.275,2.93239954725523,3.93563479858836,0.000852641514158057,0.00732302143263509,0.00732302143263509,"FABP4/MGLL/LIPE/AADAC/FABP9/PNPLA2/PLIN1/LPL/CPS1/GPIHBP1/GPLD1",11
"GO:0034367","protein-containing complex remodeling","11/1767","40/18842",0.275,2.93239954725523,3.93563479858836,0.000852641514158057,0.00732302143263509,0.00732302143263509,"PLTP/APOB/ANGPTL4/MPO/LPL/ABCA5/PLA2G2A/PLA2G5/PCSK5/CETP/GPIHBP1",11
"GO:1904994","regulation of leukocyte adhesion to vascular endothelial cell","11/1767","40/18842",0.275,2.93239954725523,3.93563479858836,0.000852641514158057,0.00732302143263509,0.00732302143263509,"MIR221/IL6/CXCL12/SELE/NFAT5/ELANE/CCL21/MIR222/KLF4/CCL28/SELP",11
"GO:0003002","regionalization","39/1767","247/18842",0.157894736842105,1.68367438119918,3.47928163630217,0.000856031363144492,0.00733986157113541,0.00733986157113541,"CER1/TLL1/OSR1/WLS/SFRP1/CRB2/HOXA9/C3/IRX1/NTF4/NRP1/HOXA3/BHLHE41/BMP2/RELN/WNT8A/TGFBR2/HOXA4/NODAL/GREM2/DAW1/WNT11/HOXD4/HOXA5/SOSTDC1/CRIPTO3/FZD5/TBX18/FGF8/HOXA6/CRIPTO/ACVRL1/SOX17/PTCH1/PCSK5/HOXA7/MEF2C/PKD2/CYP26B1",39
"GO:0048709","oligodendrocyte differentiation","16/1767","72/18842",0.222222222222222,2.36961579576181,3.74561177244644,0.000863107559005151,0.0073759075258743,0.0073759075258743,"CDKN2C/PTN/GPM6B/B4GALT6/PTPRZ1/TPPP/NTRK2/QKI/GPR17/SLC8A3/BOK/IL34/CFH/DAAM2/PLP1/SOX10",16
"GO:0050818","regulation of coagulation","16/1767","72/18842",0.222222222222222,2.36961579576181,3.74561177244644,0.000863107559005151,0.0073759075258743,0.0073759075258743,"ADAMTS18/C1QTNF1/SERPING1/EMILIN2/F3/THBD/CD36/PDGFRA/EDN1/PROS1/PF4/ANGPT1/CAV1/ANO6/PDGFA/TFPI",16
"GO:0050806","positive regulation of synaptic transmission","27/1767","152/18842",0.177631578947368,1.89413367884908,3.56048770299649,0.000876953599147274,0.00746937592905539,0.00746937592905539,"CRHR2/NRXN1/SHANK3/PTN/MICU3/CCL2/MME/MIR324/RELN/DRD2/FAM107A/NTRK2/PRNP/TAC1/HAP1/S100B/SLC8A3/TACR1/CYP46A1/NLGN1/ZDHHC2/GRIN2B/STXBP1/NSG1/SLC7A10/ADRA1A/ARC",27
"GO:0071456","cellular response to hypoxia","27/1767","152/18842",0.177631578947368,1.89413367884908,3.56048770299649,0.000876953599147274,0.00746937592905539,0.00746937592905539,"NDNF/PTGIS/MGARP/SFRP1/MIR145/SCN2A/TWIST1/PTGS2/CPEB1/AQP1/DRD2/S100B/RGCC/MSTN/AK4/EDN1/ANGPT4/ACAA2/SLC8A3/CLCA1/MPL/CA3/SLC2A4/DDR2/PPARG/EPAS1/FOS",27
"GO:0003007","heart morphogenesis","32/1767","191/18842",0.167539267015707,1.78651662088848,3.51449897207345,0.000880971541980369,0.00749117523114433,0.00749117523114433,"ZFPM2/BMP5/FLRT2/TGFBR3/SPRY1/SLIT2/PARVA/NRP1/TWIST1/MYL3/SLIT3/BMP2/CLDN5/CCM2L/TGFBR2/ADAMTS5/WNT11/EDN1/ACTC1/PROX1/RBP4/TEK/FGF8/NPY2R/ACVRL1/DLC1/SOX17/S1PR1/NRG1/MYL2/MEF2C/PKD2",32
"GO:0006821","chloride transport","23/1767","122/18842",0.188524590163934,2.01028881033891,3.60132594151622,0.000892173907293923,0.00756139469944156,0.00756139469944156,"GABRE/SLC1A3/CLCNKB/SLC25A27/NMUR1/SLC1A7/GABRA2/GABRG1/GLRA3/CLIC5/GABRA4/SLC4A1/CLCA1/ANO3/CLIC2/SLC17A7/FXYD1/SLC6A2/SLC26A3/ABCB1/CLCA4/CLCN4/ANO6",23
"GO:0072329","monocarboxylic acid catabolic process","23/1767","122/18842",0.188524590163934,2.01028881033891,3.60132594151622,0.000892173907293923,0.00756139469944156,0.00756139469944156,"AKR1D1/ABCD2/LDHD/ACACB/PCCA/ECHDC1/TWIST1/ACADL/LEP/LPIN1/CES1/NUDT7/ACADS/ADIPOQ/IRS2/AGXT/ACAA2/ABCB11/PPARA/HOGA1/EHHADH/HADH/CYP26B1",23
"GO:0030042","actin filament depolymerization","14/1767","59/18842",0.23728813559322,2.53026771411854,3.78704822416062,0.000901090505075392,0.00761184347708424,0.00761184347708424,"CAPZA3/DMTN/PLEKHH2/SEMA5A/ADD3/CFL2/TMOD2/SPTA1/LMOD1/TMOD1/SPTB/GSN/EPS8/SPTBN1",14
"GO:0061756","leukocyte adhesion to vascular endothelial cell","14/1767","59/18842",0.23728813559322,2.53026771411854,3.78704822416062,0.000901090505075392,0.00761184347708424,0.00761184347708424,"CX3CR1/MIR221/IL6/JAM2/CXCL12/LEP/SELE/NFAT5/ELANE/CCL21/MIR222/KLF4/CCL28/SELP",14
"GO:0016125","sterol metabolic process","28/1767","160/18842",0.175,1.86607243916242,3.53909661846822,0.000904880551108515,0.00763130789900383,0.00763130789900383,"AKR1D1/CYP7A1/GPR146/FAXDC2/CYP1A2/GNAI1/SULT1C3/LIPE/APOB/CYP39A1/ACADL/CYP3A4/ABCA1/MIR27B/CES1/QKI/CYP11A1/CH25H/ACAA2/DGAT2/HMGCS2/ABCA5/CUBN/CYP46A1/SCARF1/VLDLR/FGF1/CETP",28
"GO:0042327","positive regulation of phosphorylation","38/1767","240/18842",0.158333333333333,1.68835125448029,3.45243731876872,0.000938934672210553,0.00790552209257935,0.00790552209257935,"LIMCH1/EGF/FAXDC2/KDR/IGF1/IL6/FGF2/BANK1/KIT/IL13/ITGB1BP1/SPRY2/C3/NEDD9/RSPO1/FGF7/NRP1/LEP/EGFR/BMP2/ITLN1/ELANE/MMD/SASH1/PRKAR2B/TENM1/FLT4/ANGPT4/FZD7/CRIPTO/IL34/ANGPT1/RARRES2/TLR3/FGF1/DDR2/NRG1/PELI2",38
"GO:0007623","circadian rhythm","33/1767","200/18842",0.165,1.75943972835314,3.47337722189832,0.000967907954902537,0.00811179916382404,0.00811179916382404,"KLF9/KLF10/NTRK3/MYCBP2/IGF1/LEP/BHLHE41/PIWIL2/ID4/PER2/RPE65/PER1/DRD2/NTRK2/EGR3/NGFR/MAPK10/LGR4/EGR1/PROX1/CRY2/OPN4/NLGN1/PPARA/PLN/PROKR1/ADRB1/SCN9A/PPARGC1A/KCNA2/PPARG/ID1/SCN11A",33
"GO:0030193","regulation of blood coagulation","15/1767","66/18842",0.227272727272727,2.42347070021094,3.72656632517237,0.000968544302134968,0.00811179916382404,0.00811179916382404,"ADAMTS18/C1QTNF1/SERPING1/EMILIN2/F3/THBD/CD36/PDGFRA/EDN1/PROS1/PF4/CAV1/ANO6/PDGFA/TFPI",15
"GO:0070306","lens fiber cell differentiation","9/1767","29/18842",0.310344827586207,3.30929102511563,4.00348801084701,0.000969751691313856,0.00811179916382404,0.00811179916382404,"PLAAT3/FGF2/MAF/SPRY1/EPHA2/SPRY2/ZEB2/PROX1/TMOD1",9
"GO:0141162","negative regulation of cAMP/PKA signal transduction","9/1767","29/18842",0.310344827586207,3.30929102511563,4.00348801084701,0.000969751691313856,0.00811179916382404,0.00811179916382404,"PDE7B/PDE8B/PDE1B/PDE1A/PDE3B/PDE11A/PDE2A/PRKAR2B/PDE1C",9
"GO:0045599","negative regulation of fat cell differentiation","13/1767","53/18842",0.245283018867925,2.61551932173709,3.78868197284941,0.000976863086612952,0.00815799806966524,0.00815799806966524,"FERMT2/YAP1/ZFPM2/IL6/PRDM16/BMP2/MIR27B/ZFP36L2/ADIPOQ/WNT10B/FOXO1/SLC7A10/RUNX1T1",13
"GO:0010596","negative regulation of endothelial cell migration","20/1767","101/18842",0.198019801980198,2.11153882790656,3.60312092539119,0.00100085151186689,0.00831775625396174,0.00831775625396175,"MIR221/SERPINF1/PTPRM/FGF2/MIR205/SLIT2/ITGB1BP1/MMRN2/MMRN1/ADAMTS9/RGCC/DCN/ANGPT4/KLF4/DAB2IP/MEOX2/ACVRL1/ATP2B4/PPARG/MEF2C",20
"GO:0015749","monosaccharide transmembrane transport","20/1767","101/18842",0.198019801980198,2.11153882790656,3.60312092539119,0.00100085151186689,0.00831775625396174,0.00831775625396175,"SLC5A4/PTPRM/IGF1/TRARG1/SLC25A27/C3/LEP/ITLN1/PPBP/SLC2A12/ADIPOQ/PID1/IRS2/SORBS1/SLC2A4/DHRS7C/NR4A3/FFAR4/PIK3R1/RHOQ",20
"GO:0060079","excitatory postsynaptic potential","20/1767","101/18842",0.198019801980198,2.11153882790656,3.60312092539119,0.00100085151186689,0.00831775625396174,0.00831775625396175,"NRXN1/SHANK3/CBLN1/MET/CHRNA2/SLC1A7/RELN/DRD2/GLRA3/P2RX6/HTR3C/PRKN/SLC8A3/NPAS4/SLC17A7/NLGN1/ADRB2/GRIN2B/NLGN4X/MEF2C",20
"GO:0033344","cholesterol efflux","16/1767","73/18842",0.219178082191781,2.3371553054089,3.68224438063096,0.00101076651892067,0.00837305942125254,0.00837305942125254,"ABCA8/EGF/EEPD1/MIR145/PLTP/LRP1/ABCA1/MIR27B/CES1/ADIPOQ/ABCG8/ABCA5/PTCH1/CAV1/CETP/PPARG",16
"GO:0045744","negative regulation of G protein-coupled receptor signaling pathway","16/1767","73/18842",0.219178082191781,2.3371553054089,3.68224438063096,0.00101076651892067,0.00837305942125254,0.00837305942125254,"GPRASP1/MRAP/MRAP2/SLIT2/ACKR5/SLIT3/PALM/PDE3B/DRD2/PDE2A/SNCA/GRK3/RGS2/ADRB2/ATP2B4/ADM",16
"GO:0043536","positive regulation of blood vessel endothelial cell migration","17/1767","80/18842",0.2125,2.26594510469723,3.65014565448509,0.00103146795792507,0.00853078813510977,0.00853078813510978,"MIR221/FGFBP1/STAT5A/KDR/FGF2/MIR126/TGFBR3/PRKD1/NRP1/PTGS2/MIR27B/ANXA1/MIR10B/ANGPT4/PRKCA/ANGPT1/RHOJ",17
"GO:2000628","regulation of miRNA metabolic process","18/1767","87/18842",0.206896551724138,2.20619401674375,3.62750613220993,0.00103443021048687,0.0085361331676333,0.0085361331676333,"JUN/IL6/MYOCD/FGF2/TEAD1/NFIB/TWIST1/EGFR/BMP2/ATOH8/QKI/NGFR/KLF4/EGR1/PPARA/NR3C1/PPARG/FOS",18
"GO:0001946","lymphangiogenesis","6/1767","14/18842",0.428571428571429,4.56997332039777,4.29849857281137,0.00104374837018569,0.0085361331676333,0.0085361331676333,"TIE1/CCBE1/PTPN14/FLT4/PROX1/ACVRL1",6
"GO:0010745","negative regulation of macrophage derived foam cell differentiation","6/1767","14/18842",0.428571428571429,4.56997332039777,4.29849857281137,0.00104374837018569,0.0085361331676333,0.0085361331676333,"ABCA1/ADIPOQ/ABCA5/PPARA/CETP/PPARG",6
"GO:0030318","melanocyte differentiation","6/1767","14/18842",0.428571428571429,4.56997332039777,4.29849857281137,0.00104374837018569,0.0085361331676333,0.0085361331676333,"KIT/ZEB2/MITF/CITED1/EDNRB/MEF2C",6
"GO:0045916","negative regulation of complement activation","6/1767","14/18842",0.428571428571429,4.56997332039777,4.29849857281137,0.00104374837018569,0.0085361331676333,0.0085361331676333,"SERPING1/CR1/VSIG4/C4BPA/MASP1/A2M",6
"GO:0072578","neurotransmitter-gated ion channel clustering","6/1767","14/18842",0.428571428571429,4.56997332039777,4.29849857281137,0.00104374837018569,0.0085361331676333,0.0085361331676333,"NRXN1/SHANK3/RELN/NLGN1/ZDHHC2/CHRDL1",6
"GO:1900449","regulation of glutamate receptor signaling pathway","6/1767","14/18842",0.428571428571429,4.56997332039777,4.29849857281137,0.00104374837018569,0.0085361331676333,0.0085361331676333,"SHANK3/FRRS1L/CX3CL1/CCL2/PRNP/ADRB2",6
"GO:0001649","osteoblast differentiation","35/1767","217/18842",0.161290322580645,1.71988243240776,3.43109857137597,0.00104890153254815,0.00856463954080651,0.00856463954080651,"MYOC/FERMT2/BMP3/MAP2K6/YAP1/IGF1/IL6/TWIST2/PENK/PTPRB/ALPL/SFRP1/MIR205/EPHA2/TMT1A/MIR125B1/TP63/PRKD1/TWIST1/SMAD9/BMP2/CCN1/GDF10/LGR4/RRAS2/CAT/CITED1/HGF/BMP6/CRIM1/PTCH1/DDR2/FFAR4/PPARG/MEF2C",35
"GO:0042551","neuron maturation","10/1767","35/18842",0.285714285714286,3.04664888026518,3.89858938043123,0.00105274277758748,0.00858236016776079,0.00858236016776079,"MYOC/KCNIP2/B4GALT6/C3/CX3CL1/ADGRB3/LGI4/SCARF1/EDNRB/KCNB1",10
"GO:0050680","negative regulation of epithelial cell proliferation","24/1767","131/18842",0.183206106870229,1.95357638123874,3.52316130512716,0.00106147563408638,0.00863983970945745,0.00863983970945745,"KLF9/TNMD/PTPRM/DSC1/MIR126/SFRP1/TGFBR3/MIR205/MIR125B1/MMRN2/NFIB/CCL2/ATOH8/CDKN1C/NGFR/CAV2/RGCC/MIR222/DAB2IP/ACVRL1/COL4A3/CAV1/PPARG/MEF2C",24
"GO:0045776","negative regulation of blood pressure","11/1767","41/18842",0.268292682926829,2.86087760707828,3.83715335809478,0.00106778944483541,0.00867747877954856,0.00867747877954856,"MAS1/NOS1/DRD2/TAC1/ADIPOQ/ADRB3/PPARA/ADRB2/KL/ADRB1/FFAR3",11
"GO:0007215","glutamate receptor signaling pathway","14/1767","60/18842",0.233333333333333,2.4880965855499,3.7138616450306,0.00107548266242116,0.00872619108087693,0.00872619108087693,"NRXN1/SHANK3/FRRS1L/CX3CL1/CCL2/GRIA4/PRNP/TRPM1/NLGN1/ADRB2/GRIN2B/GRIK1/KCNB1/MEF2C",14
"GO:0010463","mesenchymal cell proliferation","8/1767","24/18842",0.333333333333333,3.55442369364271,4.02811365608919,0.00109764988532587,0.0088501252920466,0.0088501252920466,"MSX1/OSR1/GPC3/FGF7/NFIB/BMP2/TGFBR2/PDGFA",8
"GO:0097623","potassium ion export across plasma membrane","8/1767","24/18842",0.333333333333333,3.55442369364271,4.02811365608919,0.00109764988532587,0.0088501252920466,0.0088501252920466,"KCNIP2/KCNT2/KCNA5/KCNE1/KCNB1/KCNA2/ANO6/KCNIP1",8
"GO:1901381","positive regulation of potassium ion transmembrane transport","8/1767","24/18842",0.333333333333333,3.55442369364271,4.02811365608919,0.00109764988532587,0.0088501252920466,0.0088501252920466,"KCNIP2/FHL1/ANK2/KCNJ2/ATP1B2/AKAP6/KCNE1/ANO6",8
"GO:1902644","tertiary alcohol metabolic process","8/1767","24/18842",0.333333333333333,3.55442369364271,4.02811365608919,0.00109764988532587,0.0088501252920466,0.0088501252920466,"SULT1C4/AKR1C1/AKR1C3/BMP5/BMP2/AKR1C2/CYP11A1/DKK3",8
"GO:0050727","regulation of inflammatory response","60/1767","429/18842",0.13986013986014,1.49136658474519,3.31178307199217,0.00110833518634099,0.0089222719702936,0.0089222719702936,"HTR2A/MIR221/DNASE1L3/CEBPA/PTGIS/TLR4/IGF1/CASP12/IL6/MGLL/GGT3P/IL13/MIR126/NLRP13/MIR145/MIR205/BCL6/CCN3/CX3CL1/IL33/MAP3K8/SIRPA/PTGS2/FNDC4/CCL24/CD200/PTGER4/CMA1/SELE/NR5A2/PDE2A/ELANE/ANXA1/SNCA/LRFN5/NLRP1/TAC1/ADIPOQ/PRKAR2B/CDH5/LPL/ACE2/MIR222/SAA1/TSLP/KLF4/TEK/BST1/C2CD4B/PPARA/RARRES2/PLA2G2A/TLR3/PTGER3/EDNRB/NR4A3/FFAR4/PPARG/TYRO3/FFAR3",60
"GO:1900046","regulation of hemostasis","15/1767","67/18842",0.223880597014925,2.38729949573018,3.65938033818705,0.00114152505726961,0.00917507463871157,0.00917507463871157,"ADAMTS18/C1QTNF1/SERPING1/EMILIN2/F3/THBD/CD36/PDGFRA/EDN1/PROS1/PF4/CAV1/ANO6/PDGFA/TFPI",15
"GO:0010885","regulation of cholesterol storage","7/1767","19/18842",0.368421052631579,3.92857355613142,4.10845381531306,0.00115224926714851,0.00920365822095607,0.00920365822095607,"APOB/ABCA1/CD36/CES1/LPL/PPARA/PPARG",7
"GO:0043116","negative regulation of vascular permeability","7/1767","19/18842",0.368421052631579,3.92857355613142,4.10845381531306,0.00115224926714851,0.00920365822095607,0.00920365822095607,"FERMT2/SLIT2/CLDN5/PDE2A/AKAP12/ANGPT1/ADM",7
"GO:0051580","regulation of neurotransmitter uptake","7/1767","19/18842",0.368421052631579,3.92857355613142,4.10845381531306,0.00115224926714851,0.00920365822095607,0.00920365822095607,"ATP1A2/GPM6B/NOS1/PER2/DRD2/SNCA/PRKN",7
"GO:0098868","bone growth","7/1767","19/18842",0.368421052631579,3.92857355613142,4.10845381531306,0.00115224926714851,0.00920365822095607,0.00920365822095607,"CER1/LEP/NPR2/OSTN/LEPR/DDR2/FBLN5",7
"GO:0062197","cellular response to chemical stress","45/1767","301/18842",0.149501661129568,1.59417673967364,3.34289095856353,0.00116531953255654,0.00929360422237634,0.00929360422237634,"SOD3/CAPN3/LRRC8C/IL6/ETV5/KLF2/PENK/MET/GPX3/SCN2A/VKORC1L1/PRKD1/ALB/CD36/MGAT3/CYGB/SIRPA/PLA2R1/PTGS2/FXYD2/AQP1/AIFM2/NFAT5/MGST1/KAT2B/SCN7A/SNCA/MYLK/PDGFRA/FOXO1/MSRA/EDN1/PRKN/KLF4/CAT/ADCYAP1R1/HGF/CA3/DDR2/CAV1/PPARGC1A/PKD2/FBLN5/PDGFD/FOS",45
"GO:0061333","renal tubule morphogenesis","13/1767","54/18842",0.240740740740741,2.56708377874196,3.70969933905761,0.00117781421625128,0.0093786880847544,0.0093786880847544,"OSR1/FGF2/GPC3/IRX1/BMP2/LGR4/WNT11/CITED1/KLHL3/FGF1/TCF21/MEF2C/PKD2",13
"GO:0019062","virion attachment to host cell","5/1767","10/18842",0.5,5.33163554046406,4.40751276723436,0.0012144445312674,0.00961216251607046,0.00961216251607046,"CLEC4M/ACE2/CD209/TMPRSS2/DPP4",5
"GO:0097011","cellular response to granulocyte macrophage colony-stimulating factor stimulus","5/1767","10/18842",0.5,5.33163554046406,4.40751276723436,0.0012144445312674,0.00961216251607046,0.00961216251607046,"PDE1B/ZFP36/PDE2A/NPR2/ZFP36L2",5
"GO:0097012","response to granulocyte macrophage colony-stimulating factor","5/1767","10/18842",0.5,5.33163554046406,4.40751276723436,0.0012144445312674,0.00961216251607046,0.00961216251607046,"PDE1B/ZFP36/PDE2A/NPR2/ZFP36L2",5
"GO:0043409","negative regulation of MAPK cascade","28/1767","163/18842",0.171779141104294,1.8317275476441,3.43074129850263,0.00121462100329629,0.00961216251607046,0.00961216251607046,"MIR221/KLHL31/TLR4/LMO3/SPRY1/MIR205/ATF3/ITGB1BP1/SPRY2/SEMA6A/SIRPA/IRAK3/DUSP1/PER1/ADIPOQ/RGS2/DUSP6/ACE2/FOXO1/PRKN/KLF4/DAB2IP/FBLN1/SH3RF2/MECOM/CAV1/PPARG/CAV3",28
"GO:0022604","regulation of cell morphogenesis","34/1767","211/18842",0.161137440758294,1.71825221209268,3.37512615375535,0.00124707188411726,0.00985378645665578,0.00985378645665578,"FERMT2/DMTN/KDR/ITGA7/GAS2/KIT/PALM2AKAP2/EPB42/CCL13/PARVA/CCL2/ARMCX5-GPRASP2/CCL24/KANK1/PALM/FGD4/RELN/ANXA1/CPNE8/ENPP2/S100B/OSTN/SYNE3/PRKN/SPTA1/PALMD/SPTB/FZD4/MPL/POPDC1/RHOU/EPS8/RNF157/FGD5",34
"GO:0002237","response to molecule of bacterial origin","47/1767","319/18842",0.147335423197492,1.57107755737813,3.30921256607843,0.00125434617610033,0.00989603987780534,0.00989603987780534,"CX3CR1/CXCL2/TLR4/DEFB124/IL6/NOS1/PENK/IL13/ALPL/CX3CL1/CCL2/ABCA1/CD36/SIRPA/ZFP36/IRAK3/CD200/CSF3/PF4V1/SELE/SNCA/MPO/PPBP/TAC1/SASH1/AKAP12/EDN1/FZD5/DAB2IP/PRKCA/ARID5A/CITED1/HMGCS2/NR4A1/PF4/RPS6KA3/BMP6/CPS1/EDNRB/CCL28/PLSCR4/SELP/VIM/MEF2C/CTSG/CYP1A1/FOS",47
"GO:0045777","positive regulation of blood pressure","9/1767","30/18842",0.3,3.19898132427844,3.877524732795,0.00127132594614141,0.00998399091648665,0.00998399091648665,"AVPR2/ADRA2B/SPX/AVP/TACR1/RARRES2/ADRB1/ADRA1A/AVPR1A",9
"GO:0046676","negative regulation of insulin secretion","9/1767","30/18842",0.3,3.19898132427844,3.877524732795,0.00127132594614141,0.00998399091648665,0.00998399091648665,"PDE8B/CCN3/DRD2/ADRA2A/FOXO1/PRKN/KCNB1/FAM3D/HADH",9
"GO:0050901","leukocyte tethering or rolling","9/1767","30/18842",0.3,3.19898132427844,3.877524732795,0.00127132594614141,0.00998399091648665,0.00998399091648665,"CX3CR1/JAM2/CXCL12/LEP/SELE/ELANE/CCL21/CCL28/SELP",9
"GO:2000351","regulation of endothelial cell apoptotic process","14/1767","61/18842",0.229508196721311,2.44730811693432,3.64213846271173,0.00127733215032659,0.0100158441588967,0.0100158441588967,"NDNF/AKR1C3/KDR/F3/IL13/ECSCR/MIR126/CCL2/SEMA5A/NGFR/RGCC/CDH5/TEK/ANGPT1",14
"GO:0048771","tissue remodeling","24/1767","133/18842",0.180451127819549,1.92419929279906,3.44077328989761,0.00131936190527906,0.0103296383315751,0.0103296383315751,"PTN/IL6/TIE1/SFRP1/EPHA2/LEP/MIR27B/NPR2/TMBIM1/RSPO3/LGR4/FLT4/PRKCA/ACVRL1/LEPR/NPR3/S1PR1/PDK4/DDR2/CAV1/PPARG/MEF2C/EPAS1/CYP1A1",24
"GO:0051693","actin filament capping","11/1767","42/18842",0.261904761904762,2.79276147357641,3.74160661376797,0.00132576312093401,0.0103482057585366,0.0103482057585366,"CAPZA3/DMTN/ADD3/TMOD2/SPTA1/LMOD1/TMOD1/SPTB/GSN/EPS8/SPTBN1",11
"GO:1900271","regulation of long-term synaptic potentiation","11/1767","42/18842",0.261904761904762,2.79276147357641,3.74160661376797,0.00132576312093401,0.0103482057585366,0.0103482057585366,"SHANK3/PTN/MME/RELN/DRD2/FAM107A/PRNP/CYP46A1/ZDHHC2/NSG1/ARC",11
"GO:0019395","fatty acid oxidation","19/1767","96/18842",0.197916666666667,2.11043906810036,3.50885915864914,0.00133138948212947,0.0103606308791166,0.0103606308791166,"ABCD2/ACACB/ACSM1/ECHDC1/TWIST1/ACADL/CYGB/ADH4/ACADS/ADIPOQ/IRS2/ACAA2/DGAT2/ABCB11/PPARA/PDK4/EHHADH/PPARGC1A/HADH",19
"GO:0030282","bone mineralization","19/1767","96/18842",0.197916666666667,2.11043906810036,3.50885915864914,0.00133138948212947,0.0103606308791166,0.0103606308791166,"CER1/PTN/IGF1/OSR1/GPM6B/ALPL/CLEC3B/TWIST1/LEP/BMP2/CCN1/PKDCC/LGR4/BMP6/KL/S1PR1/DDR2/ANO6/MEF2C",19
"GO:0010762","regulation of fibroblast migration","10/1767","36/18842",0.277777777777778,2.96201974470226,3.79049825836403,0.00133666700576166,0.0103702745341267,0.0103702745341267,"DMTN/HAS1/FGF2/MIR145/ITGB1BP1/ZEB2/CYGB/ACTA2/AKAP12/DDR2",10
"GO:0046164","alcohol catabolic process","10/1767","36/18842",0.277777777777778,2.96201974470226,3.79049825836403,0.00133666700576166,0.0103702745341267,0.0103702745341267,"AKR1D1/CYP7A1/SULT1C4/AKR1C3/ALDH2/CYP39A1/ADH4/ACSS2/CYP46A1/SCARF1",10
"GO:1905953","negative regulation of lipid localization","15/1767","68/18842",0.220588235294118,2.35219215020473,3.59338998757032,0.00133979317117259,0.0103788502671832,0.0103788502671832,"EGF/IL6/ACSL4/MIR145/LEP/ABCA1/PLA2R1/MIR27B/PNPLA2/CES1/ADIPOQ/IRS2/CRY2/PPARA/PPARG",15
"GO:0098754","detoxification","29/1767","172/18842",0.168604651162791,1.79787710085416,3.38156670526895,0.00135429447701419,0.0104753861957001,0.0104753861957001,"SOD3/SLC29A4/MTARC1/GSTM2/HBA2/ABCG2/GPX3/ALDH2/ALDH1A1/TPO/ALB/CD36/CYGB/PTGS2/MT1M/ADH4/AIFM2/MGST1/MT1X/MPO/HBB/HP/CAT/CLIC2/SLC47A2/ABCB1/HBA1/FBLN5/PRXL2A",29
"GO:0098739","import across plasma membrane","42/1767","278/18842",0.151079136690647,1.61099778920497,3.30153685964433,0.00135799572026644,0.0104882195778773,0.0104882195778773,"ATP1A2/SLC5A4/LRRC8C/KCNJ16/IGF1/TRARG1/SLC1A3/SLC7A3/SLC25A27/FXYD6/LEP/CD36/ANK2/SLC24A4/PER2/CACNA2D1/FXYD2/ITLN1/KCNJ2/PRNP/HCN1/ATP1B2/ADIPOQ/SLC9A9/TRPM1/RGS2/PID1/ACE2/IRS2/SLC8A3/ABCC9/KCNJ8/FXYD1/SORBS1/ACSL1/ATP2B4/SLC7A10/SLC2A4/DHRS7C/PIK3R1/CACNA1G/RHOQ",42
"GO:0098869","cellular oxidant detoxification","18/1767","89/18842",0.202247191011236,2.15661662310906,3.51834926629811,0.00136172150287991,0.0105012036618487,0.0105012036618487,"SOD3/GSTM2/HBA2/GPX3/TPO/ALB/CD36/CYGB/PTGS2/MGST1/MPO/HBB/HP/CAT/CLIC2/HBA1/FBLN5/PRXL2A",18
"GO:1902476","chloride transmembrane transport","21/1767","111/18842",0.189189189189189,2.01737560990532,3.45821685099585,0.00139578198366712,0.0107477305369031,0.0107477305369031,"GABRE/SLC1A3/CLCNKB/SLC25A27/SLC1A7/GABRA2/GABRG1/GLRA3/CLIC5/GABRA4/SLC4A1/CLCA1/ANO3/CLIC2/SLC17A7/FXYD1/SLC6A2/SLC26A3/CLCA4/CLCN4/ANO6",21
"GO:0002043","blood vessel endothelial cell proliferation involved in sprouting angiogenesis","13/1767","55/18842",0.236363636363636,2.52040952821938,3.63247892294903,0.0014120595847261,0.010808253393671,0.010808253393671,"FGFBP1/PPP1R16B/FGF2/MIR126/ITGB1BP1/MMRN2/BMPER/MIR27B/SEMA5A/NGFR/MIR10B/MIR222/ACVRL1",13
"GO:0002548","monocyte chemotaxis","13/1767","55/18842",0.236363636363636,2.52040952821938,3.63247892294903,0.0014120595847261,0.010808253393671,0.010808253393671,"CX3CR1/DEFB124/IL6/SLIT2/CXCL12/CCN3/CCL2/DUSP1/ANXA1/CCL23/PF4/ANO6/CTSG",13
"GO:0038084","vascular endothelial growth factor signaling pathway","13/1767","55/18842",0.236363636363636,2.52040952821938,3.63247892294903,0.0014120595847261,0.010808253393671,0.010808253393671,"KDR/VEGFD/CCBE1/SPRY2/NRP1/SEMA6A/PDGFRA/DCN/FLT4/PROX1/DAB2IP/ANGPT1/ADAMTS3",13
"GO:1902930","regulation of alcohol biosynthetic process","13/1767","55/18842",0.236363636363636,2.52040952821938,3.63247892294903,0.0014120595847261,0.010808253393671,0.010808253393671,"CYP7A1/GPR146/BMP5/GNAI1/PTH1R/LHCGR/BMP2/QKI/SNCA/ADCYAP1R1/BMP6/FGF1/DKK3",13
"GO:0010975","regulation of neuron projection development","54/1767","381/18842",0.141732283464567,1.51132975950162,3.243589154007,0.00141597972000923,0.0108221307172134,0.0108221307172134,"NTRK3/MYCBP2/DMD/MIR221/SERPINF1/NDNF/CAMK1/SHANK3/BMP5/PTN/MGARP/FEZ1/SFRP1/SLIT2/EFNB3/CXCL12/PRKD1/CX3CL1/KIF26A/NRP1/SEMA3G/ADGRB3/ROBO3/NOVA2/ARMCX5-GPRASP2/SEMA6D/MAP1B/KANK1/SEMA5A/RELN/RGMA/NTRK2/KAT2B/SEMA3A/ATP1B2/KHDC3L/ALKAL2/RGS2/ISLR2/MIR222/DAB2IP/ZDHHC15/SCARF1/NLGN1/VLDLR/FZD4/LRP4/PAK3/DDR2/VIM/KCTD12/ARC/ALK/MARK1",54
"GO:0021700","developmental maturation","39/1767","254/18842",0.153543307086614,1.63727390612676,3.28939899919971,0.00146101958463753,0.0111332293571193,0.0111332293571193,"MYOC/CX3CR1/NRXN1/IGF1/KCNIP2/EPB42/B4GALT6/RECK/C3/CX3CL1/FGF7/ADGRB3/LEP/BMP2/SLC24A4/MAP1B/LGI4/PALM/RELN/NPR2/CCL21/EDN1/DAB2IP/ZDHHC15/LHX6/SCARF1/ARHGEF15/ACVRL1/ZDHHC2/SLC26A3/STXBP1/S1PR1/NRN1/EDNRB/BNC1/ZBTB16/KCNB1/CHRDL1/PPARG",39
"GO:0060828","regulation of canonical Wnt signaling pathway","39/1767","254/18842",0.153543307086614,1.63727390612676,3.28939899919971,0.00146101958463753,0.0111332293571193,0.0111332293571193,"EGF/DKK4/ADGRA2/WLS/SFRP1/MIR145/GPC3/ZEB2/RECK/RSPO1/JADE1/EGFR/MEST/BMP2/IGFBP6/KANK1/SEMA5A/IGFBP1/TMEM196/RSPO3/LGR4/WNT11/TLE4/PRKN/TBX18/TMEM88/EGR1/DAB2IP/FZD7/TMEM170B/SOX17/LRP4/DAAM2/TCF7L2/CAV1/LGR6/RBMS3/DKK3/SOX10",39
"GO:0016114","terpenoid biosynthetic process","8/1767","25/18842",0.32,3.412246745897,3.88245503363885,0.00148279296062823,0.0112788961080042,0.0112788961080042,"AKR1C3/ALDH1A1/ALDH1A3/DHRS9/RPE65/HMGCS2/ALDH1A2/CYP1A1",8
"GO:0071453","cellular response to oxygen levels","29/1767","173/18842",0.167630057803468,1.78748474767003,3.34729946437331,0.00148452760300056,0.0112788961080042,0.0112788961080042,"NDNF/PTGIS/MGARP/SFRP1/MIR145/SCN2A/TWIST1/PTGS2/CPEB1/AQP1/DRD2/S100B/RGCC/MSTN/AK4/FOXO1/EDN1/ANGPT4/ACAA2/SLC8A3/CLCA1/MPL/CA3/SLC2A4/DDR2/CAV1/PPARG/EPAS1/FOS",29
"GO:0141193","nuclear receptor-mediated signaling pathway","31/1767","189/18842",0.164021164021164,1.74900213496705,3.32912043024575,0.0014952183959118,0.0113433407406248,0.0113433407406248,"PTGIS/AKR1C3/KLF2/LMO3/ZNF366/PTF1A/SFRP1/TP63/THRB/TWIST1/LEP/RHOXF1/BMP2/NR3C2/PER1/MIR27B/NODAL/DHRS3/CRY2/ESR2/PPARA/PLPP1/CALCOCO1/KANK2/TCF7L2/NR3C1/TCF21/NR4A3/PPARG/CYP26B1/RXRG",31
"GO:0097306","cellular response to alcohol","19/1767","97/18842",0.195876288659794,2.08868196430551,3.4580722780942,0.001513007745475,0.0114613684082,0.0114613684082,"KLF9/CYP7A1/PTGDR2/AKR1C3/GNAI1/SFRP1/PRKD1/ABCA1/PTGER4/PTGFR/ADCY5/AKR1C2/DRD2/CES1/GNG2/CCL21/PTCH1/GPLD1/FOS",19
"GO:0071526","semaphorin-plexin signaling pathway","12/1767","49/18842",0.244897959183673,2.61141332594158,3.63326292603729,0.00153571166730384,0.0116162225674116,0.0116162225674116,"KDR/PLXNA4/MET/NCAM1/NRP1/SEMA3G/SEMA6A/SEMA6D/SEMA3D/SEMA5A/SEMA3A/EDN1",12
"GO:0001867","complement activation, lectin pathway","6/1767","15/18842",0.4,4.26530843237125,4.0697634904226,0.00160226903778693,0.0120310727749615,0.0120310727749615,"SERPING1/C3/MASP2/FCN2/MASP1/A2M",6
"GO:0010560","positive regulation of glycoprotein biosynthetic process","6/1767","15/18842",0.4,4.26530843237125,4.0697634904226,0.00160226903778693,0.0120310727749615,0.0120310727749615,"IGF1/SLC51B/RECK/IL33/CCL21/TCF7L2",6
"GO:0051412","response to corticosterone","6/1767","15/18842",0.4,4.26530843237125,4.0697634904226,0.00160226903778693,0.0120310727749615,0.0120310727749615,"NTRK3/FOSB/PRKN/PRKCA/AVPR1A/FOS",6
"GO:1903236","regulation of leukocyte tethering or rolling","6/1767","15/18842",0.4,4.26530843237125,4.0697634904226,0.00160226903778693,0.0120310727749615,0.0120310727749615,"CXCL12/SELE/ELANE/CCL21/CCL28/SELP",6
"GO:2001028","positive regulation of endothelial cell chemotaxis","6/1767","15/18842",0.4,4.26530843237125,4.0697634904226,0.00160226903778693,0.0120310727749615,0.0120310727749615,"KDR/FGF2/MET/FGF16/PRKD1/SEMA5A",6
"GO:0051963","regulation of synapse assembly","28/1767","166/18842",0.168674698795181,1.79862403774691,3.32463813885097,0.00161231508867279,0.0120888325480634,0.0120888325480634,"NTRK3/MYCBP2/NRXN1/NECTIN3/CBLN1/LRRTM4/IL1RAPL2/SLITRK2/CRTAC1/ARMCX5-GPRASP2/MAP1B/EPHB1/SNCA/LRFN5/HTR4/CCDC141/PRKCA/NEGR1/SLITRK3/ARHGEF15/NLGN1/VLDLR/LRP4/ST8SIA2/NLGN4X/LRRTM2/MEF2C/MARK1",28
"GO:0071875","adrenergic receptor signaling pathway","9/1767","31/18842",0.290322580645161,3.09578837833397,3.75674940522362,0.00164413300414808,0.0122736440542217,0.0122736440542217,"ADRA2B/ADRA2A/RGS2/ADRB3/GPR88/ADRB2/ATP2B4/ADRB1/ADRA1A",9
"GO:0098810","neurotransmitter reuptake","9/1767","31/18842",0.290322580645161,3.09578837833397,3.75674940522362,0.00164413300414808,0.0122736440542217,0.0122736440542217,"ATP1A2/SLC29A4/GPM6B/NOS1/PER2/DRD2/SLC22A3/SNCA/SLC6A2",9
"GO:1902932","positive regulation of alcohol biosynthetic process","9/1767","31/18842",0.290322580645161,3.09578837833397,3.75674940522362,0.00164413300414808,0.0122736440542217,0.0122736440542217,"CYP7A1/GNAI1/PTH1R/LHCGR/QKI/SNCA/ADCYAP1R1/BMP6/FGF1",9
"GO:0050433","regulation of catecholamine secretion","10/1767","37/18842",0.27027027027027,2.8819651570076,3.68608771082297,0.0016798641532069,0.0125221803931359,0.0125221803931359,"HTR2A/CXCL12/ADRA2B/DRD2/SNCA/ADRA2A/PRKN/KCNB1/KCNA2/FFAR3",10
"GO:0045428","regulation of nitric oxide biosynthetic process","13/1767","56/18842",0.232142857142857,2.47540221521546,3.55694523899845,0.00168370285966231,0.0125326056336603,0.0125326056336603,"CX3CR1/PTGIS/TLR4/KLF2/CD36/SIRPA/PTGS2/HBB/EDN1/KLF4/ATP2B4/CAV1/PKD2",13
"GO:0014896","muscle hypertrophy","19/1767","98/18842",0.193877551020408,2.06736888303709,3.40789598682315,0.00171521232684329,0.0127486693352636,0.0127486693352636,"MYOC/IGF1/MIR145/KLF15/LEP/SORBS2/MLIP/MSTN/RGS2/FOXO1/EDN1/PRKCA/AKAP6/PPARA/ATP2B4/NR4A3/ADRA1A/PPARG/CAV3",19
"GO:0048568","embryonic organ development","38/1767","248/18842",0.153225806451613,1.63388831078737,3.23252627540416,0.00173167352985936,0.0128524208805747,0.0128524208805747,"NECTIN3/RNF112/BMP5/KDR/OSR1/PLXNA4/KIT/CRB2/HOXA9/TEAD1/TPO/TWIST1/ALDH1A3/HOXA3/TAL1/SOBP/TGFBR2/HOXA4/LMO2/PDGFRA/PKDCC/HOXD4/EDN1/FZD5/TBX18/PROX1/RBP4/RARRES2/SOX17/RBPMS2/PCSK5/TCF21/EFEMP1/PDGFA/MEF2C/PKD2/TMIE/MFAP5",38
"GO:0036294","cellular response to decreased oxygen levels","27/1767","159/18842",0.169811320754717,1.81074414581798,3.30254671922945,0.0017488501827938,0.0129611753807056,0.0129611753807056,"NDNF/PTGIS/MGARP/SFRP1/MIR145/SCN2A/TWIST1/PTGS2/CPEB1/AQP1/DRD2/S100B/RGCC/MSTN/AK4/EDN1/ANGPT4/ACAA2/SLC8A3/CLCA1/MPL/CA3/SLC2A4/DDR2/PPARG/EPAS1/FOS",27
"GO:0001837","epithelial to mesenchymal transition","29/1767","175/18842",0.165714285714286,1.7670563505538,3.279434217953,0.00177774974964408,0.0131563727869913,0.0131563727869913,"FERMT2/MIR221/BMP5/MSX1/IGF1/IL6/IL17RD/SFRP1/MIR145/TGFBR3/SPRY1/CRB2/SPRY2/NCAM1/TWIST1/BMP2/WNT8A/TGFBR2/QKI/RGCC/MIR222/EDN1/DAB2IP/FGF8/HGF/TCF7L2/NOTCH4/S100A4/MARK1",29
"GO:0044282","small molecule catabolic process","51/1767","359/18842",0.142061281337047,1.51483795300093,3.16826457018959,0.00179692181202873,0.0132659763948007,0.0132659763948007,"AKR1D1/CYP7A1/SULT1C4/HAAO/AKR1C3/ABCD2/LDHD/NOS1/ACACB/PCCA/ALDH2/AASS/DPYD/CYP39A1/ECHDC1/OTC/GLYCTK/PGM1/TWIST1/ACADL/LEP/CYP3A4/CDO1/GLB1L3/LPIN1/TKTL1/ADH4/SHMT1/CES1/NUDT7/ACADS/GDA/ADIPOQ/ACSS2/IRS2/AGXT/ACAA2/XDH/ABCB11/HPD/CYP46A1/SCARF1/PPARA/ALDH1L1/ATP2B4/HOGA1/EHHADH/HADH/CYP26B1/CYP1A1/ADHFE1",51
"GO:0002009","morphogenesis of an epithelium","46/1767","316/18842",0.145569620253165,1.55224832190726,3.18476219801285,0.0017977257731272,0.0132659763948007,0.0132659763948007,"KRT15/FERMT2/MIR221/EGF/YAP1/BMP5/KDR/OSR1/DSC1/FGF2/MET/TIE1/GPC3/SLIT2/EPHA2/IRX1/MMRN2/NRP1/KRT14/KRT17/BMP2/RASIP1/TGFBR2/PHLDB2/ARHGAP24/HBEGF/LGR4/WNT11/KRT25/TMEFF2/TBX18/PROX1/CITED1/HGF/ACVRL1/KLHL3/DLC1/SOX17/PTCH1/FGF1/TCF21/NOTCH4/PDGFA/MEF2C/PKD2/SOX10",46
"GO:1903169","regulation of calcium ion transmembrane transport","24/1767","136/18842",0.176470588235294,1.88175372016379,3.31983258397675,0.00180646499692421,0.0133113403503626,0.0133113403503626,"ATP1A2/DMD/CAPN3/NOS1/JPH4/GSTM2/IL13/TRPC1/CX3CL1/ANK2/CACNA2D1/JPH2/PRNP/SNCA/BIN1/TRDN/CASQ2/AKAP6/HRC/ADCYAP1R1/CLIC2/PLN/DHRS7C/CAV1",24
"GO:0006809","nitric oxide biosynthetic process","15/1767","70/18842",0.214285714285714,2.28498666019888,3.46483262247112,0.00182365423964527,0.0133422908473192,0.0133422908473192,"CX3CR1/PTGIS/TLR4/KLF2/MTARC1/NOS1/CD36/SIRPA/PTGS2/HBB/EDN1/KLF4/ATP2B4/CAV1/PKD2",15
"GO:0030323","respiratory tube development","15/1767","70/18842",0.214285714285714,2.28498666019888,3.46483262247112,0.00182365423964527,0.0133422908473192,0.0133422908473192,"CEBPA/IL13/FGF7/NFIB/MME/BMP2/PKDCC/WNT11/PROX1/HMGCS2/RBP4/PCSK5/TCF21/PDGFA/EPAS1",15
"GO:0055013","cardiac muscle cell development","15/1767","70/18842",0.214285714285714,2.28498666019888,3.46483262247112,0.00182365423964527,0.0133422908473192,0.0133422908473192,"MYH11/ALPK3/IGF1/SORBS2/PDGFRA/RGS2/EDN1/TBX18/ACTC1/PROX1/AKAP6/PPARA/FHOD3/MYL2/CAV3",15
"GO:0060840","artery development","15/1767","70/18842",0.214285714285714,2.28498666019888,3.46483262247112,0.00182365423964527,0.0133422908473192,0.0133422908473192,"EGR2/MIR145/MIR205/LRP1/NRP1/ADAMTS9/PDE2A/TGFBR2/NGFR/MYLK/EDN1/PROX1/ACVRL1/PKD2/SCN11A",15
"GO:0071277","cellular response to calcium ion","15/1767","70/18842",0.214285714285714,2.28498666019888,3.46483262247112,0.00182365423964527,0.0133422908473192,0.0133422908473192,"NRXN1/CAPN3/AKR1C3/SCN5A/RASA4/MICU3/RASA4B/CPNE8/EDN1/NLGN1/RYR3/CRHBP/KCNB1/MEF2C/PKD2",15
"GO:0001937","negative regulation of endothelial cell proliferation","16/1767","77/18842",0.207792207792208,2.21574464019286,3.43877163019929,0.00183344484352409,0.013375813517528,0.013375813517528,"TNMD/PTPRM/MIR126/MIR205/MMRN2/CCL2/ATOH8/NGFR/CAV2/RGCC/MIR222/ACVRL1/COL4A3/CAV1/PPARG/MEF2C",16
"GO:0048754","branching morphogenesis of an epithelial tube","16/1767","77/18842",0.207792207792208,2.21574464019286,3.43877163019929,0.00183344484352409,0.013375813517528,0.013375813517528,"KDR/FGF2/MET/TIE1/SLIT2/EPHA2/NRP1/BMP2/RASIP1/TGFBR2/LGR4/CITED1/FGF1/TCF21/NOTCH4/PKD2",16
"GO:0010559","regulation of glycoprotein biosynthetic process","12/1767","50/18842",0.24,2.55918505942275,3.55128934414749,0.00185101901306376,0.0134657700440445,0.0134657700440445,"IGF1/SLC51B/RECK/GDPD5/IL33/MEST/ITM2A/MIR298/HBEGF/NECAB1/CCL21/TCF7L2",12
"GO:0051496","positive regulation of stress fiber assembly","12/1767","50/18842",0.24,2.55918505942275,3.55128934414749,0.00185101901306376,0.0134657700440445,0.0134657700440445,"MYOC/LIMCH1/FERMT2/SFRP1/ITGB1BP1/NRP1/TAC1/RGCC/TACR1/ARHGEF15/FHOD3/RAPGEF3",12
"GO:0050954","sensory perception of mechanical stimulus","25/1767","144/18842",0.173611111111111,1.85126234043891,3.29865565751925,0.00185665173315114,0.0134876425763285,0.0134876425763285,"HTR2A/MYO7B/KIT/CLRN3/CXCL12/KCNA1/MIR324/NPR2/CCDC50/CLIC5/DCDC2/PAX3/CDH23/TMC2/COL4A3/GRXCR2/KCNE1/PTPRQ/USP53/SCN9A/LOXHD1/LRIG3/MYH1/TMIE/SCN11A",25
"GO:0046718","symbiont entry into host cell","23/1767","129/18842",0.178294573643411,1.90120337101819,3.30396811331542,0.00193650698198305,0.0140478811574364,0.0140478811574364,"MRC1/HTR2A/CLEC4M/NECTIN3/EPHA2/EFNB3/LRP1/NCAM1/NRP1/EGFR/AVP/CAV2/GPR15/CR1/ACE2/CH25H/VLDLR/LRP4/CAV1/CD209/TMPRSS2/DPP4/TYRO3",23
"GO:0060562","epithelial tube morphogenesis","30/1767","184/18842",0.16304347826087,1.73857680667306,3.23863441084879,0.00194032370692723,0.0140557158798001,0.0140557158798001,"EGF/BMP5/KDR/OSR1/FGF2/MET/TIE1/GPC3/SLIT2/EPHA2/IRX1/MMRN2/NRP1/BMP2/RASIP1/TGFBR2/LGR4/WNT11/PROX1/CITED1/ACVRL1/KLHL3/DLC1/SOX17/PTCH1/FGF1/TCF21/NOTCH4/MEF2C/PKD2",30
"GO:0045723","positive regulation of fatty acid biosynthetic process","8/1767","26/18842",0.307692307692308,3.28100648643942,3.74403099522962,0.00196770986337777,0.0142340251525468,0.0142340251525468,"ABCD2/PTGS2/KAT2B/AVP/EDN1/GPIHBP1/AVPR1A/MLXIPL",8
"GO:0001764","neuron migration","21/1767","114/18842",0.184210526315789,1.96428677806571,3.32202449654454,0.001971582166125,0.0142419775038228,0.0142419775038228,"NTRK3/NDNF/CXCL12/CX3CL1/KIF26A/NRP1/SEMA6A/MEST/MAP1B/RELN/DRD2/NTRK2/SEMA3A/DCDC2/IGSF10/DAB2IP/ADGRL3/LHX6/ASTN1/MEF2C/MARK1",21
"GO:0051402","neuron apoptotic process","35/1767","225/18842",0.155555555555556,1.65873105703326,3.19767589086479,0.0019864791729302,0.0143169506705129,0.0143169506705129,"HTR2A/CX3CR1/GBE1/NDNF/KDR/CASP12/NOS1/FGF2/PTPRZ1/SCN2A/NTF4/CX3CL1/NRP1/CCL2/ARMCX5-GPRASP2/CNTFR/ITGA1/TRIM2/NTRK2/NPR2/PRNP/SNCA/NLRP1/NGFR/TMBIM1/PRKN/BOK/EGR1/CITED1/ST8SIA2/KCNB1/PPARGC1A/CHL1/MEF2C/TYRO3",35
"GO:0043065","positive regulation of apoptotic process","65/1767","484/18842",0.134297520661157,1.43205086830646,3.09766731773545,0.00198753618147892,0.0143169506705129,0.0143169506705129,"HTR2A/TXNIP/MIR221/PTGIS/AKR1C3/MSX1/TLR4/PRDM11/CASP12/EMILIN2/IL6/NOS1/F3/ECSCR/SFRP1/ATF3/SLIT2/TP63/MAP3K20/BCL6/CSRNP3/LEP/CCL2/PLA2R1/BMP2/DUSP1/ITGA1/G0S2/MIR27B/AIFM2/ACVR1C/HCAR2/ANXA1/PRNP/SNCA/NGFR/TMEM196/S100B/ADIPOQ/RGCC/BIN1/WNT10B/DUSP6/PPP2R1B/AKAP12/FOXO1/HOXA5/PRKN/BOK/DAB2IP/KLF11/ADRB2/DLC1/TNFRSF8/ST8SIA2/ADRB1/CAV1/GSN/SAV1/ANO6/PPARG/MEF2C/GPLD1/DCUN1D3/ADAMTSL4",65
"GO:0000271","polysaccharide biosynthetic process","13/1767","57/18842",0.228070175438596,2.43197410617659,3.48302736326873,0.0019971509574817,0.0143259320078575,0.0143259320078575,"EPM2A/EGF/GBE1/HAS1/IGF1/HAS3/GYS2/UGP2/PER2/GYG2/IRS2/PPP1R3G/SORBS1",13
"GO:0071825","protein-lipid complex organization","13/1767","57/18842",0.228070175438596,2.43197410617659,3.48302736326873,0.0019971509574817,0.0143259320078575,0.0143259320078575,"PLTP/APOB/ABCA1/ANGPTL4/MPO/BIN1/LPL/ABCA5/PLA2G2A/PLA2G5/PCSK5/CETP/GPIHBP1",13
"GO:1903018","regulation of glycoprotein metabolic process","13/1767","57/18842",0.228070175438596,2.43197410617659,3.48302736326873,0.0019971509574817,0.0143259320078575,0.0143259320078575,"IGF1/PTX3/SLC51B/RECK/GDPD5/IL33/MEST/ITM2A/MIR298/HBEGF/NECAB1/CCL21/TCF7L2",13
"GO:0003206","cardiac chamber morphogenesis","18/1767","92/18842",0.195652173913043,2.08629216800768,3.35992682696344,0.00201478973272684,0.0144122006508148,0.0144122006508148,"ZFPM2/BMP5/TGFBR3/SLIT2/PARVA/NRP1/MYL3/SLIT3/BMP2/TGFBR2/PROX1/RBP4/TEK/FGF8/NPY2R/NRG1/MYL2/MEF2C",18
"GO:0035249","synaptic transmission, glutamatergic","18/1767","92/18842",0.195652173913043,2.08629216800768,3.35992682696344,0.00201478973272684,0.0144122006508148,0.0144122006508148,"HTR2A/ATP1A2/NRXN1/SHANK3/CCL2/GRIA4/RELN/DRD2/PLPPR4/UNC13C/PRKN/SLC17A7/NLGN1/GRIN2B/STXBP1/NR3C1/GRIK1/MEF2C",18
"GO:0007567","parturition","5/1767","11/18842",0.454545454545455,4.84694140042188,4.10549110106743,0.00205505697250497,0.0145182566860874,0.0145182566860874,"MAFF/PTGFR/EDN1/OXTR/CYP1A1",5
"GO:0010764","negative regulation of fibroblast migration","5/1767","11/18842",0.454545454545455,4.84694140042188,4.10549110106743,0.00205505697250497,0.0145182566860874,0.0145182566860874,"HAS1/FGF2/ITGB1BP1/ZEB2/CYGB",5
"GO:0019065","receptor-mediated endocytosis of virus by host cell","5/1767","11/18842",0.454545454545455,4.84694140042188,4.10549110106743,0.00205505697250497,0.0145182566860874,0.0145182566860874,"CLEC4M/CAV2/ACE2/CAV1/DPP4",5
"GO:0021783","preganglionic parasympathetic fiber development","5/1767","11/18842",0.454545454545455,4.84694140042188,4.10549110106743,0.00205505697250497,0.0145182566860874,0.0145182566860874,"PLXNA4/EGR2/ACKR3/NRP1/SEMA3A",5
"GO:0044650","adhesion of symbiont to host cell","5/1767","11/18842",0.454545454545455,4.84694140042188,4.10549110106743,0.00205505697250497,0.0145182566860874,0.0145182566860874,"CLEC4M/ACE2/CD209/TMPRSS2/DPP4",5
"GO:0048241","epinephrine transport","5/1767","11/18842",0.454545454545455,4.84694140042188,4.10549110106743,0.00205505697250497,0.0145182566860874,0.0145182566860874,"SLC29A4/ADRA2B/VIP/SLC22A3/ADRA2A",5
"GO:0048251","elastic fiber assembly","5/1767","11/18842",0.454545454545455,4.84694140042188,4.10549110106743,0.00205505697250497,0.0145182566860874,0.0145182566860874,"TNXB/MYH11/MFAP4/LTBP4/FBLN5",5
"GO:0048841","regulation of axon extension involved in axon guidance","5/1767","11/18842",0.454545454545455,4.84694140042188,4.10549110106743,0.00205505697250497,0.0145182566860874,0.0145182566860874,"PLXNA4/CXCL12/NRP1/SEMA5A/SEMA3A",5
"GO:2001280","positive regulation of unsaturated fatty acid biosynthetic process","5/1767","11/18842",0.454545454545455,4.84694140042188,4.10549110106743,0.00205505697250497,0.0145182566860874,0.0145182566860874,"ABCD2/PTGS2/AVP/EDN1/AVPR1A",5
"GO:0022037","metencephalon development","14/1767","64/18842",0.21875,2.33259054895303,3.43519932547375,0.00208151101001396,0.0146648018483288,0.0146648018483288,"NRXN1/CBLN1/SCN5A/MYO16/PTF1A/SSTR1/GDF10/HAP1/PROX1/FZD4/NAV2/KCNE1/FOXP2/NLGN4X",14
"GO:2000630","positive regulation of miRNA metabolic process","14/1767","64/18842",0.21875,2.33259054895303,3.43519932547375,0.00208151101001396,0.0146648018483288,0.0146648018483288,"JUN/IL6/MYOCD/FGF2/TEAD1/EGFR/BMP2/ATOH8/NGFR/KLF4/EGR1/NR3C1/PPARG/FOS",14
"GO:0030857","negative regulation of epithelial cell differentiation","10/1767","38/18842",0.263157894736842,2.8061239686653,3.58512354707149,0.00209100200384868,0.0146718569061558,0.0146718569061558,"MSX1/OSR1/IL13/SPRY1/SPRY2/ZEB1/ACVRL1/CAV1/NOTCH4/HOXA7",10
"GO:1901889","negative regulation of cell junction assembly","10/1767","38/18842",0.263157894736842,2.8061239686653,3.58512354707149,0.00209100200384868,0.0146718569061558,0.0146718569061558,"DMTN/CBLN1/ARHGAP6/ITGB1BP1/FAM107A/PHLDB2/NEGR1/ACVRL1/DLC1/APOD",10
"GO:0001974","blood vessel remodeling","9/1767","32/18842",0.28125,2.99904499151104,3.64076840303704,0.0020996524193973,0.0146718569061558,0.0146718569061558,"MIR27B/NPR2/TMBIM1/RSPO3/FLT4/ACVRL1/NPR3/MEF2C/EPAS1",9
"GO:0022602","ovulation cycle process","9/1767","32/18842",0.28125,2.99904499151104,3.64076840303704,0.0020996524193973,0.0146718569061558,0.0146718569061558,"SLIT2/LEP/LHCGR/SLIT3/NR5A2/NPR2/PDGFRA/MSTN/MMP19",9
"GO:0043268","positive regulation of potassium ion transport","9/1767","32/18842",0.28125,2.99904499151104,3.64076840303704,0.0020996524193973,0.0146718569061558,0.0146718569061558,"KCNIP2/FHL1/ANK2/KCNJ2/ATP1B2/ADRA2A/AKAP6/KCNE1/ANO6",9
"GO:0150117","positive regulation of cell-substrate junction organization","9/1767","32/18842",0.28125,2.99904499151104,3.64076840303704,0.0020996524193973,0.0146718569061558,0.0146718569061558,"MYOC/FERMT2/KDR/SFRP1/ITGB1BP1/NRP1/TEK/RHOU/PIK3R1",9
"GO:0032496","response to lipopolysaccharide","44/1767","302/18842",0.145695364238411,1.55358916410873,3.11979516472239,0.00219260104472396,0.015300542072965,0.015300542072965,"CX3CR1/TLR4/IL6/NOS1/PENK/IL13/ALPL/CX3CL1/CCL2/ABCA1/CD36/SIRPA/ZFP36/IRAK3/CD200/CSF3/PF4V1/SELE/SNCA/MPO/PPBP/TAC1/SASH1/AKAP12/EDN1/DAB2IP/PRKCA/ARID5A/CITED1/HMGCS2/NR4A1/PF4/RPS6KA3/BMP6/CPS1/EDNRB/CCL28/PLSCR4/SELP/VIM/MEF2C/CTSG/CYP1A1/FOS",44
"GO:0045933","positive regulation of muscle contraction","12/1767","51/18842",0.235294117647059,2.50900496021838,3.47128844353633,0.00221750688363277,0.015390696424781,0.015390696424781,"MYOCD/KIT/ADRA2B/CACNA2D1/SPX/EDN3/RGS2/ACE2/EDN1/TACR1/PROK2/ADRA1A",12
"GO:0046461","neutral lipid catabolic process","12/1767","51/18842",0.235294117647059,2.50900496021838,3.47128844353633,0.00221750688363277,0.015390696424781,0.015390696424781,"FABP4/MGLL/LIPE/AADAC/FABP9/PNPLA2/PLIN1/LPL/ABHD6/CPS1/GPIHBP1/GPLD1",12
"GO:0046464","acylglycerol catabolic process","12/1767","51/18842",0.235294117647059,2.50900496021838,3.47128844353633,0.00221750688363277,0.015390696424781,0.015390696424781,"FABP4/MGLL/LIPE/AADAC/FABP9/PNPLA2/PLIN1/LPL/ABHD6/CPS1/GPIHBP1/GPLD1",12
"GO:0072078","nephron tubule morphogenesis","12/1767","51/18842",0.235294117647059,2.50900496021838,3.47128844353633,0.00221750688363277,0.015390696424781,0.015390696424781,"OSR1/FGF2/GPC3/IRX1/BMP2/LGR4/WNT11/CITED1/KLHL3/FGF1/TCF21/PKD2",12
"GO:0001991","regulation of systemic arterial blood pressure by circulatory renin-angiotensin","7/1767","21/18842",0.333333333333333,3.55442369364271,3.76765499275916,0.00224947585939262,0.015528639803549,0.015528639803549,"MME/CMA1/ACE2/EDNRB/PCSK5/PDE1C/CTSG",7
"GO:0010878","cholesterol storage","7/1767","21/18842",0.333333333333333,3.55442369364271,3.76765499275916,0.00224947585939262,0.015528639803549,0.015528639803549,"APOB/ABCA1/CD36/CES1/LPL/PPARA/PPARG",7
"GO:0051930","regulation of sensory perception of pain","7/1767","21/18842",0.333333333333333,3.55442369364271,3.76765499275916,0.00224947585939262,0.015528639803549,0.015528639803549,"OPRPN/PIRT/MGLL/CCN3/SPX/TAC1/TMEM100",7
"GO:0051931","regulation of sensory perception","7/1767","21/18842",0.333333333333333,3.55442369364271,3.76765499275916,0.00224947585939262,0.015528639803549,0.015528639803549,"OPRPN/PIRT/MGLL/CCN3/SPX/TAC1/TMEM100",7
"GO:0051258","protein polymerization","40/1767","269/18842",0.148698884758364,1.58561651761013,3.11199092398686,0.00233913701013441,0.01612591635443,0.01612591635443,"CAPZA3/DMTN/MAP7D3/TPPP3/KANK3/ARHGAP6/SLIT2/DIAPH2/TPPP/CCL24/MAP1B/KANK1/CSF3/ADD3/FAM107A/CYRIA/SNCA/ANKRD53/TPPP2/BIN1/TENM1/TMOD2/CDH5/CCL21/CASQ2/PRKN/KRT5/SPTA1/LMOD1/ESAM/TMOD1/SPTB/DAAM2/KANK2/PAK3/WASF3/GSN/EPS8/CAV3/SPTBN1",40
"GO:0019748","secondary metabolic process","13/1767","58/18842",0.224137931034483,2.39004351813906,3.41065858201987,0.00235711318452555,0.0161620498589153,0.0161620498589153,"SULT1C4/AKR1C1/AKR1C3/CYP1A2/ZEB2/TRPC1/CYP3A4/PMEL/AKR1C2/FMO2/CITED1/DCT/CYP1A1",13
"GO:0031645","negative regulation of nervous system process","6/1767","16/18842",0.375,3.99872665534805,3.86018161154428,0.0023616874565432,0.0161620498589153,0.0161620498589153,"JAM2/CCN3/LPIN1/AVP/NPY2R/AVPR1A",6
"GO:0050965","detection of temperature stimulus involved in sensory perception of pain","6/1767","16/18842",0.375,3.99872665534805,3.86018161154428,0.0023616874565432,0.0161620498589153,0.0161620498589153,"HTR2A/CXCL12/EPHB1/TAC1/SCN9A/SCN11A",6
"GO:1903975","regulation of glial cell migration","6/1767","16/18842",0.375,3.99872665534805,3.86018161154428,0.0023616874565432,0.0161620498589153,0.0161620498589153,"CX3CR1/MIR221/CX3CL1/ATP1B2/MIR222/P2RY12",6
"GO:2000846","regulation of corticosteroid hormone secretion","6/1767","16/18842",0.375,3.99872665534805,3.86018161154428,0.0023616874565432,0.0161620498589153,0.0161620498589153,"C1QTNF1/GALR1/ECRG4/TAC1/CRY2/BMP6",6
"GO:0014909","smooth muscle cell migration","17/1767","86/18842",0.197674418604651,2.10785591134626,3.3124725369924,0.00236325923754778,0.0161620498589153,0.0161620498589153,"MIR221/IGF1/MYOCD/SLIT2/CCN3/LRP1/PARVA/NRP1/ADAMTS1/ADIPOQ/FOXO4/TACR1/DDR2/NR4A3/PDGFA/MEF2C/PDGFD",17
"GO:0016339","calcium-dependent cell-cell adhesion","11/1767","45/18842",0.244444444444444,2.60657737533799,3.47099130901151,0.0024207883957346,0.0165334696815065,0.0165334696815065,"PCDHB4/NRXN1/CDH8/CDH22/CDH12/CDH13/CDH5/CDH23/NLGN1/CDH20/SELP",11
"GO:0010827","regulation of D-glucose transmembrane transport","14/1767","65/18842",0.215384615384615,2.2967045405076,3.36879435058963,0.00242829387634726,0.0165627056426554,0.0165627056426554,"PTPRM/IGF1/SLC25A27/C3/LEP/ITLN1/ADIPOQ/PID1/IRS2/SORBS1/NR4A3/FFAR4/PIK3R1/RHOQ",14
"GO:0002687","positive regulation of leukocyte migration","24/1767","139/18842",0.172661870503597,1.84114033051996,3.20191731981703,0.00243956827011049,0.0166175366515749,0.0166175366515749,"CX3CR1/PTN/DEFB124/IL6/JAM2/VEGFD/NEDD9/CXCL12/CX3CL1/LYVE1/CCL2/XG/MSTN/EDN3/CCL21/EDN1/TACR1/MRGPRX2/IL34/RARRES2/P2RY12/ANO6/PDGFD/JAM3",24
"GO:0043524","negative regulation of neuron apoptotic process","22/1767","124/18842",0.17741935483871,1.89187067564854,3.20533111373255,0.00255629649657337,0.0173895878230474,0.0173895878230474,"CX3CR1/GBE1/NDNF/KDR/FGF2/PTPRZ1/NTF4/CX3CL1/NRP1/CCL2/ARMCX5-GPRASP2/CNTFR/NTRK2/SNCA/TMBIM1/PRKN/BOK/CITED1/PPARGC1A/CHL1/MEF2C/TYRO3",22
"GO:0035909","aorta morphogenesis","8/1767","27/18842",0.296296296296296,3.15948772768241,3.61218848981088,0.00256924695908908,0.0174312901635923,0.0174312901635923,"MIR145/MIR205/LRP1/ADAMTS9/TGFBR2/MYLK/PROX1/ACVRL1",8
"GO:0010828","positive regulation of D-glucose transmembrane transport","10/1767","39/18842",0.256410256410256,2.73417207203285,3.48739235932355,0.00257939651953469,0.0174312901635923,0.0174312901635923,"PTPRM/IGF1/C3/ITLN1/ADIPOQ/IRS2/SORBS1/NR4A3/PIK3R1/RHOQ",10
"GO:0070633","transepithelial transport","10/1767","39/18842",0.256410256410256,2.73417207203285,3.48739235932355,0.00257939651953469,0.0174312901635923,0.0174312901635923,"SLC1A3/CLCNKB/ABCG2/PRKD1/AQP1/EDN1/CLDN19/EDNRB/ABCB1/GPLD1",10
"GO:0086004","regulation of cardiac muscle cell contraction","10/1767","39/18842",0.256410256410256,2.73417207203285,3.48739235932355,0.00257939651953469,0.0174312901635923,0.0174312901635923,"ATP1A2/SCN5A/ANK2/KCNJ2/BIN1/ADRB2/PLN/CAV1/CTNNA3/CAV3",10
"GO:0140353","lipid export from cell","10/1767","39/18842",0.256410256410256,2.73417207203285,3.48739235932355,0.00257939651953469,0.0174312901635923,0.0174312901635923,"C1QTNF1/GALR1/ACSL4/NMB/ECRG4/LEP/TAC1/EDN1/CRY2/BMP6",10
"GO:0048483","autonomic nervous system development","9/1767","33/18842",0.272727272727273,2.90816484025313,3.52922948894793,0.00265024728516585,0.0178865572360208,0.0178865572360208,"PLXNA4/EGR2/ACKR3/KIF26A/NRP1/SEMA3A/GFAP/EDNRB/SOX10",9
"GO:0048588","developmental cell growth","29/1767","180/18842",0.161111111111111,1.71797145192731,3.11353842246415,0.00273718943940791,0.0184490878750643,0.0184490878750643,"IGF1/PLXNA4/SLIT2/CXCL12/NRP1/SEMA3G/SLIT3/SEMA6D/MAP1B/SORBS2/SEMA5A/RGMA/SEMA3A/CPNE8/NPR2/S100B/EDN3/OSTN/RGS2/ISLR2/EDN1/PRKN/AKAP6/PPARA/NRN1/ST8SIA2/VIM/CAV3/RNF157",29
"GO:0090092","regulation of transmembrane receptor protein serine/threonine kinase signaling pathway","43/1767","297/18842",0.144781144781145,1.54384059420845,3.03896935690117,0.00275323584373314,0.0185329217475929,0.0185329217475929,"CER1/BMP5/KDR/DACT2/MYOCD/IL17RD/MIR145/TGFBR3/SPRY1/CRB2/MIR205/SPRY2/ZEB2/MIR125B1/CCN3/LRP1/BMPER/PRDM16/BMP2/CCN1/ATOH8/FSTL1/MIR27B/TGFBR2/NODAL/CDKN1C/GREM2/CDH5/LTBP4/SOSTDC1/ZNF423/CITED1/ACVRL1/CIDEA/PPARA/BMP6/CRIM1/WFIKKN2/RBPMS2/CAV1/CHRDL1/PPARG/DKK3",43
"GO:0045785","positive regulation of cell adhesion","59/1767","437/18842",0.135011441647597,1.43966360131524,2.99146009492994,0.00276621252357676,0.0185765406705774,0.0185765406705774,"MYOC/FBLN2/HTR2A/FERMT2/NDNF/LAMA1/KDR/IGF1/EMILIN2/IL6/LAMA2/SFRP1/ITGB1BP1/BCL6/NEDD9/CXCL12/CX3CL1/NRP1/VIT/MAP3K8/MMRN1/LEP/CCL2/CD36/SIRPA/CCDC80/MIR27B/SELE/NR5A2/CDH13/NFAT5/TGFBR2/VSIR/ELANE/NODAL/ANXA1/PCK1/EPB41L4B/CR1/CCL21/SAA1/FBLN1/PRKCA/TEK/ECM2/UTRN/CCL28/LAMC1/SELP/ZBTB16/CAV1/NRG1/NR4A3/P2RY12/CD209/PLPP3/HYAL1/CTSG/DPP4",59
"GO:0009308","amine metabolic process","16/1767","80/18842",0.2,2.13265421618563,3.26582317819617,0.00276694969100305,0.0185765406705774,0.0185765406705774,"RNF180/SNCAIP/SLC29A4/ALDH2/MAOA/DRD2/SLC22A3/SNCA/AOC3/AOC2/PRKN/INMT/NPR1/KL/ATP2B4/DMGDH",16
"GO:0034599","cellular response to oxidative stress","36/1767","238/18842",0.151260504201681,1.61293176014039,3.06116917970455,0.00281160587216579,0.0188517072577591,0.0188517072577591,"SOD3/IL6/ETV5/KLF2/PENK/MET/GPX3/VKORC1L1/PRKD1/ALB/CD36/MGAT3/CYGB/SIRPA/PLA2R1/AQP1/AIFM2/MGST1/KAT2B/SNCA/PDGFRA/FOXO1/MSRA/EDN1/PRKN/KLF4/CAT/ADCYAP1R1/HGF/CA3/DDR2/PPARGC1A/PKD2/FBLN5/PDGFD/FOS",36
"GO:0052652","cyclic purine nucleotide metabolic process","11/1767","46/18842",0.239130434782609,2.54991264978716,3.38565977613245,0.00291668127500917,0.0195053060266238,0.0195053060266238,"PDE7B/PDE8B/EPHA2/PDE1A/ADCY5/PDE2A/ADCY4/NPR2/ADCYAP1R1/NPR1/EDNRB",11
"GO:0099054","presynapse assembly","11/1767","46/18842",0.239130434782609,2.54991264978716,3.38565977613245,0.00291668127500917,0.0195053060266238,0.0195053060266238,"NTRK3/NRXN1/CBLN1/IL1RAPL2/SLITRK2/SNCA/LRFN5/SLITRK3/NLGN1/LRP4/NLGN4X",11
"GO:0019730","antimicrobial humoral response","30/1767","189/18842",0.158730158730159,1.69258271125843,3.07835070962365,0.00294219612251709,0.0196248302405815,0.0196248302405815,"MUC7/CXCL2/JCHAIN/CCL13/CXCL12/CX3CL1/TF/CCL2/CCL16/CCL24/CXCL3/PF4V1/VIP/ELANE/PPBP/TAC1/CCL23/CCL14/IGHA2/RNASE7/CCL21/TSLP/PF4/RNASE4/RARRES2/CCL28/KLK3/ADM/IGHA1/CTSG",30
"GO:0045637","regulation of myeloid cell differentiation","30/1767","189/18842",0.158730158730159,1.69258271125843,3.07835070962365,0.00294219612251709,0.0196248302405815,0.0196248302405815,"MIR221/FAXDC2/TLR4/TESC/MIR145/HOXA9/MIR125B1/NEDD9/STAC2/PRDM16/ZFP36/CSF3/TAL1/STAT5B/QKI/ADIPOQ/MIR222/HOXA5/TMEM178A/MTURN/PRKCA/PF4/MEIS2/IL34/MPL/TLR3/ZBTB16/HOXA7/MEF2C/PRXL2A",30
"GO:0050796","regulation of insulin secretion","25/1767","149/18842",0.167785234899329,1.78913944310875,3.11098040467123,0.00299169034214436,0.0199290811896932,0.0199290811896932,"IL6/PDE8B/ACSL4/CCN3/MYRIP/PER2/CACNA2D1/NNAT/ADCY5/DRD2/ADRA2A/FOXO1/KCNA5/IRS2/PRKN/PRKCA/RBP4/TCF7L2/DOC2B/KCNB1/RAPGEF3/FAM3D/HADH/GPLD1/MLXIPL",25
"GO:0015698","inorganic anion transport","26/1767","157/18842",0.165605095541401,1.76589202614096,3.09999302372145,0.00300771154986244,0.0200098530053025,0.0200098530053025,"GABRE/SLC1A3/CLCNKB/ABCG2/SLC25A27/NMUR1/SLC1A7/GABRA2/GABRG1/GLRA3/CLIC5/GABRA4/ABCC6/SLC4A1/CLCA1/CRY2/ANO3/CLIC2/SLC17A7/FXYD1/SLC6A2/SLC26A3/ABCB1/CLCA4/CLCN4/ANO6",26
"GO:0010566","regulation of ketone biosynthetic process","7/1767","22/18842",0.318181818181818,3.39285898029531,3.61250560064498,0.00303520279416982,0.0200886617923405,0.0200886617923405,"AKR1C3/BMP5/BMP2/EGR1/BMP6/ADM/DKK3",7
"GO:0010888","negative regulation of lipid storage","7/1767","22/18842",0.318181818181818,3.39285898029531,3.61250560064498,0.00303520279416982,0.0200886617923405,0.0200886617923405,"IL6/LEP/ABCA1/PNPLA2/CES1/PPARA/PPARG",7
"GO:0034695","response to prostaglandin E","7/1767","22/18842",0.318181818181818,3.39285898029531,3.61250560064498,0.00303520279416982,0.0200886617923405,0.0200886617923405,"GNAI1/SFRP1/TGFBR3/PTGER4/GNG2/CCL21/SCN11A",7
"GO:0050927","positive regulation of positive chemotaxis","7/1767","22/18842",0.318181818181818,3.39285898029531,3.61250560064498,0.00303520279416982,0.0200886617923405,0.0200886617923405,"NTRK3/KDR/F3/VEGFD/CXCL12/CDH13/S1PR1",7
"GO:0002688","regulation of leukocyte chemotaxis","21/1767","118/18842",0.177966101694915,1.8977007855889,3.14675684829776,0.0030422470324654,0.0201093703458717,0.0201093703458717,"CX3CR1/PTN/DEFB124/IL6/VEGFD/SLIT2/NEDD9/CXCL12/CCN3/CCL2/DUSP1/MSTN/EDN3/CCL21/EDN1/IL34/BST1/RARRES2/ANO6/DPP4/JAM3",21
"GO:0019218","regulation of steroid metabolic process","19/1767","103/18842",0.184466019417476,1.9670111702683,3.16567838498844,0.00310202156984704,0.0204781269700956,0.0204781269700956,"CYP7A1/GPR146/AKR1C3/BMP5/GNAI1/ACADL/BMP2/MIR27B/NR5A2/CES1/QKI/CH25H/EGR1/PROX1/DGAT2/BMP6/FGF1/ADM/DKK3",19
"GO:0072028","nephron morphogenesis","12/1767","53/18842",0.226415094339623,2.41432552775731,3.31684651409381,0.00312824244545889,0.0205982733331754,0.0205982733331754,"OSR1/FGF2/GPC3/IRX1/BMP2/LGR4/WNT11/CITED1/KLHL3/FGF1/TCF21/PKD2",12
"GO:0072088","nephron epithelium morphogenesis","12/1767","53/18842",0.226415094339623,2.41432552775731,3.31684651409381,0.00312824244545889,0.0205982733331754,0.0205982733331754,"OSR1/FGF2/GPC3/IRX1/BMP2/LGR4/WNT11/CITED1/KLHL3/FGF1/TCF21/PKD2",12
"GO:0046503","glycerolipid catabolic process","16/1767","81/18842",0.197530864197531,2.10632515178827,3.20986817636682,0.00315427634650332,0.0206947446916155,0.0206947446916155,"FABP4/MGLL/ENPP6/LIPE/AADAC/FABP9/PNPLA2/ENPP2/PLIN1/LPL/ABHD6/PLA2G4A/CPS1/PLA2G5/GPIHBP1/GPLD1",16
"GO:0001953","negative regulation of cell-matrix adhesion","10/1767","40/18842",0.25,2.66581777023203,3.39269919305468,0.0031549815213269,0.0206947446916155,0.0206947446916155,"MYOC/DMTN/ARHGAP6/ITGB1BP1/FAM107A/PHLDB2/ACVRL1/DLC1/HOXA7/APOD",10
"GO:0060074","synapse maturation","10/1767","40/18842",0.25,2.66581777023203,3.39269919305468,0.0031549815213269,0.0206947446916155,0.0206947446916155,"CX3CR1/NRXN1/FGF7/ADGRB3/PALM/RELN/DAB2IP/ARHGEF15/NRN1/CHRDL1",10
"GO:0044409","symbiont entry into host","23/1767","134/18842",0.171641791044776,1.83026294672647,3.10273202590283,0.00320531266367808,0.0209980686742993,0.0209980686742993,"MRC1/HTR2A/CLEC4M/NECTIN3/EPHA2/EFNB3/LRP1/NCAM1/NRP1/EGFR/AVP/CAV2/GPR15/CR1/ACE2/CH25H/VLDLR/LRP4/CAV1/CD209/TMPRSS2/DPP4/TYRO3",23
"GO:0072080","nephron tubule development","15/1767","74/18842",0.202702702702703,2.1614738677557,3.22037316311031,0.00323209412768409,0.0210914385687571,0.0210914385687571,"OSR1/FGF2/GPC3/IRX1/POU3F3/BMP2/AQP1/LGR4/WNT11/CITED1/KLHL3/FGF1/TCF21/MEF2C/PKD2",15
"GO:0030032","lamellipodium assembly","13/1767","60/18842",0.216666666666667,2.31037540086776,3.2703206156985,0.0032369063122728,0.0210914385687571,0.0210914385687571,"DMTN/KIT/SLIT2/EPHA2/CDH13/ABLIM3/MSTN/ABLIM1/ARHGEF4/S1PR1/ARHGEF6/P2RY12/PIK3R1",13
"GO:0051148","negative regulation of muscle cell differentiation","13/1767","60/18842",0.216666666666667,2.31037540086776,3.2703206156985,0.0032369063122728,0.0210914385687571,0.0210914385687571,"MIR221/RCAN1/CCN3/PRDM16/BHLHE41/BMP2/RGS2/MIR222/FOXO4/FZD7/PPARA/RBPMS2/CAV3",13
"GO:0080164","regulation of nitric oxide metabolic process","13/1767","60/18842",0.216666666666667,2.31037540086776,3.2703206156985,0.0032369063122728,0.0210914385687571,0.0210914385687571,"CX3CR1/PTGIS/TLR4/KLF2/CD36/SIRPA/PTGS2/HBB/EDN1/KLF4/ATP2B4/CAV1/PKD2",13
"GO:0032341","aldosterone metabolic process","5/1767","12/18842",0.416666666666667,4.44302961705339,3.83792174201411,0.00325241809705133,0.0210914385687571,0.0210914385687571,"BMP5/BMP2/BMP6/EDNRB/DKK3",5
"GO:0071493","cellular response to UV-B","5/1767","12/18842",0.416666666666667,4.44302961705339,3.83792174201411,0.00325241809705133,0.0210914385687571,0.0210914385687571,"MAP3K20/MME/MFAP4/NLRP1/HYAL1",5
"GO:0071679","commissural neuron axon guidance","5/1767","12/18842",0.416666666666667,4.44302961705339,3.83792174201411,0.00325241809705133,0.0210914385687571,0.0210914385687571,"NCAM1/NRP1/NFIB/ROBO3/PTCH1",5
"GO:1901731","positive regulation of platelet aggregation","5/1767","12/18842",0.416666666666667,4.44302961705339,3.83792174201411,0.00325241809705133,0.0210914385687571,0.0210914385687571,"HTR2A/EMILIN2/IL6/MMRN1/CTSG",5
"GO:0090303","positive regulation of wound healing","14/1767","67/18842",0.208955223880597,2.22814619601483,3.2395701547851,0.00326501840497559,0.0211119984759955,0.0211119984759955,"FERMT2/MIR221/DMTN/EMILIN2/F3/THBD/CD36/KANK1/ANXA1/HBEGF/ADRA2A/MYLK/DDR2/ANO6",14
"GO:0007612","learning","18/1767","96/18842",0.1875,1.99936332767402,3.15787265223468,0.00327799666604897,0.0211119984759955,0.0211119984759955,"HTR2A/NRXN1/SHANK3/PTN/KIT/CLDN5/RELN/DRD2/NTRK2/TAC1/SLC8A3/TACR1/GPR88/NPAS4/PLN/NLGN4X/RAPGEF3/FOS",18
"GO:0014897","striated muscle hypertrophy","18/1767","96/18842",0.1875,1.99936332767402,3.15787265223468,0.00327799666604897,0.0211119984759955,0.0211119984759955,"MYOC/IGF1/MIR145/KLF15/LEP/SORBS2/MLIP/RGS2/FOXO1/EDN1/PRKCA/AKAP6/PPARA/ATP2B4/NR4A3/ADRA1A/PPARG/CAV3",18
"GO:0060395","SMAD protein signal transduction","18/1767","96/18842",0.1875,1.99936332767402,3.15787265223468,0.00327799666604897,0.0211119984759955,0.0211119984759955,"JUN/BMP5/MIR145/TGFBR3/MIR205/CCN3/LRP1/BMPER/SMAD9/BMP2/ATOH8/TGFBR2/NODAL/CITED1/ACVRL1/BMP6/PPARG/FOS",18
"GO:1901655","cellular response to ketone","18/1767","96/18842",0.1875,1.99936332767402,3.15787265223468,0.00327799666604897,0.0211119984759955,0.0211119984759955,"KLF9/SERPINF1/PTGDR2/AKR1C3/GNAI1/SFRP1/PRKD1/PTGER4/PTGFR/AQP1/ADCY5/AKR1C2/PCK1/GNG2/CCL21/NR3C1/SOX10/FOS",18
"GO:0030258","lipid modification","27/1767","166/18842",0.162650602409639,1.73438746497024,3.05722399944575,0.00328025209965819,0.0211119984759955,0.0211119984759955,"ABCD2/ACACB/ACSM1/ECHDC1/TWIST1/ACADL/LEP/CYP3A4/CYGB/PLPPR1/ADH4/ACADS/ADIPOQ/IRS2/ACAA2/DGAT2/ABCB11/PPARA/PLPP1/PDK4/EHHADH/DGKI/PPARGC1A/HADH/PLPP3/CYP1A1/APOD",27
"GO:0010996","response to auditory stimulus","8/1767","28/18842",0.285714285714286,3.04664888026518,3.48635559477923,0.00330540175850498,0.0212444404728662,0.0212444404728662,"ATP1A2/NRXN1/SHANK3/PTN/DRD2/TACR1/USP53/SCN11A",8
"GO:0030212","hyaluronan metabolic process","9/1767","34/18842",0.264705882352941,2.82263058024568,3.42181634485496,0.00330910287739349,0.0212444404728662,0.0212444404728662,"EGF/HAS1/STAB2/HAS3/FGF2/LYVE1/ITIH5/ITIH2/HYAL1",9
"GO:0002921","negative regulation of humoral immune response","6/1767","17/18842",0.352941176470588,3.76350744032757,3.66697120619987,0.0033629700399009,0.0214561666148211,0.0214561666148211,"SERPING1/CR1/VSIG4/C4BPA/MASP1/A2M",6
"GO:0033623","regulation of integrin activation","6/1767","17/18842",0.352941176470588,3.76350744032757,3.66697120619987,0.0033629700399009,0.0214561666148211,0.0214561666148211,"FERMT2/PTGER4/RASIP1/SELP/P2RY12/JAM3",6
"GO:0035162","embryonic hemopoiesis","6/1767","17/18842",0.352941176470588,3.76350744032757,3.66697120619987,0.0033629700399009,0.0214561666148211,0.0214561666148211,"KDR/KIT/TPO/TAL1/TGFBR2/LMO2",6
"GO:0050961","detection of temperature stimulus involved in sensory perception","6/1767","17/18842",0.352941176470588,3.76350744032757,3.66697120619987,0.0033629700399009,0.0214561666148211,0.0214561666148211,"HTR2A/CXCL12/EPHB1/TAC1/SCN9A/SCN11A",6
"GO:0070341","fat cell proliferation","6/1767","17/18842",0.352941176470588,3.76350744032757,3.66697120619987,0.0033629700399009,0.0214561666148211,0.0214561666148211,"FABP4/CEBPA/IL6/PER2/PID1/SLC2A4",6
"GO:0043502","regulation of muscle adaptation","17/1767","89/18842",0.191011235955056,2.03680458849189,3.15388918880426,0.00344184397088428,0.0219321471891584,0.0219321471891584,"SCN5A/IGF1/MIR145/MLIP/RGS2/FOXO1/EDN1/KLF4/PRKCA/AKAP6/FBXO32/PPARA/ATP2B4/NR4A3/ADRA1A/PPARG/CAV3",17
"GO:0009187","cyclic nucleotide metabolic process","11/1767","47/18842",0.234042553191489,2.49565918915339,3.30255683942835,0.00349112482459801,0.0221636799742094,0.0221636799742094,"PDE7B/PDE8B/EPHA2/PDE1A/ADCY5/PDE2A/ADCY4/NPR2/ADCYAP1R1/NPR1/EDNRB",11
"GO:0010712","regulation of collagen metabolic process","11/1767","47/18842",0.234042553191489,2.49565918915339,3.30255683942835,0.00349112482459801,0.0221636799742094,0.0221636799742094,"CYP7A1/IL6/LARP6/MIR145/KLF15/CYGB/MFAP4/VSIR/RGCC/DDR2/VIM",11
"GO:0014015","positive regulation of gliogenesis","11/1767","47/18842",0.234042553191489,2.49565918915339,3.30255683942835,0.00349112482459801,0.0221636799742094,0.0221636799742094,"PTN/IL6/EGR2/PTPRZ1/MIR125B1/BMP2/QKI/BIN1/GFAP/IL34/SOX10",11
"GO:0014743","regulation of muscle hypertrophy","15/1767","75/18842",0.2,2.13265421618563,3.16169843310192,0.00369739102059408,0.0234441978787299,0.0234441978787299,"IGF1/MIR145/MLIP/MSTN/RGS2/FOXO1/EDN1/PRKCA/AKAP6/PPARA/ATP2B4/NR4A3/ADRA1A/PPARG/CAV3",15
"GO:0031667","response to nutrient levels","61/1767","461/18842",0.132321041214751,1.41097513218355,2.8738978821892,0.00375806061821097,0.0237995059619378,0.0237995059619378,"KLF10/AKR1C3/PENK/PLD1/ACACB/RRAGD/GABARAPL1/ALPL/G6PC1/SFRP1/GFRAL/ATF3/ZEB2/MIR125B1/PRKD1/SSTR1/OTC/ALB/LEP/ABCA1/ZFP36/MAP1B/GHR/AFP/FAM107A/KAT2B/SPX/PAK5/PCK1/MPO/FOLR2/HTR4/MAP1LC3C/ABCG8/WNT11/LPL/FOXO1/FOXO4/PROX1/CAT/DGAT2/HMGCS2/PPARA/CPS1/RARRES2/ACSL1/KL/ALDH1A2/KANK2/CCL28/SCTR/PAK3/PDK4/CAV1/KCNB1/PPARGC1A/PPARG/CYP26B1/CYP1A1/FOS/MLXIPL",61
"GO:0030324","lung development","14/1767","68/18842",0.205882352941176,2.19537934019109,3.17666697868398,0.0037641508729986,0.0238013757430508,0.0238013757430508,"CEBPA/IL13/FGF7/NFIB/MME/BMP2/PKDCC/WNT11/PROX1/HMGCS2/RBP4/TCF21/PDGFA/EPAS1",14
"GO:0045669","positive regulation of osteoblast differentiation","13/1767","61/18842",0.213114754098361,2.27250039429616,3.20223632801763,0.00376762431446657,0.0238013757430508,0.0238013757430508,"FERMT2/YAP1/IGF1/IL6/TP63/PRKD1/CCN1/GDF10/HGF/BMP6/DDR2/FFAR4/MEF2C",13
"GO:0030501","positive regulation of bone mineralization","10/1767","41/18842",0.24390243902439,2.60079782461662,3.30086552978768,0.00382826928793707,0.024154780175485,0.024154780175485,"PTN/OSR1/GPM6B/BMP2/CCN1/PKDCC/BMP6/KL/ANO6/MEF2C",10
"GO:0090277","positive regulation of peptide hormone secretion","19/1767","105/18842",0.180952380952381,1.92954429083461,3.07258992606812,0.00387223268279171,0.0243978952966678,0.0243978952966678,"ITSN1/ACSL4/PRKD1/ECRG4/MYRIP/CACNA2D1/NNAT/DRD2/IRS2/PRKN/PRKCA/RBP4/RASL10B/TCF7L2/DOC2B/RAPGEF3/FFAR4/GPLD1/MLXIPL",19
"GO:0090090","negative regulation of canonical Wnt signaling pathway","23/1767","136/18842",0.169117647058824,1.80334731515696,3.02462981683018,0.0038795358806656,0.0243978952966678,0.0243978952966678,"DKK4/SFRP1/JADE1/MEST/BMP2/IGFBP6/IGFBP1/TMEM196/WNT11/TLE4/PRKN/TBX18/TMEM88/EGR1/DAB2IP/TMEM170B/SOX17/LRP4/TCF7L2/CAV1/RBMS3/DKK3/SOX10",23
"GO:0035023","regulation of Rho protein signal transduction","17/1767","90/18842",0.188888888888889,2.01417342639754,3.1024127587852,0.00388105149092243,0.0243978952966678,0.0243978952966678,"MYOC/FERMT2/ARHGEF28/ARHGAP20/SYNPO2/NRP1/ABCA1/KANK1/RASIP1/STARD8/DOCK11/TEK/ARHGEF15/DLC1/KANK2/ABRA/EPS8",17
"GO:0043523","regulation of neuron apoptotic process","31/1767","201/18842",0.154228855721393,1.64458409705857,2.95551321396315,0.003952741512232,0.0248181912063858,0.0248181912063858,"HTR2A/CX3CR1/GBE1/NDNF/KDR/CASP12/NOS1/FGF2/PTPRZ1/NTF4/CX3CL1/NRP1/CCL2/ARMCX5-GPRASP2/CNTFR/ITGA1/TRIM2/NTRK2/PRNP/SNCA/TMBIM1/PRKN/BOK/EGR1/CITED1/ST8SIA2/KCNB1/PPARGC1A/CHL1/MEF2C/TYRO3",31
"GO:0007588","excretion","7/1767","23/18842",0.304347826086957,3.24534337245639,3.46607779259456,0.00401454336656816,0.0250226877799685,0.0250226877799685,"ABCG2/SLC22A12/SPX/TACR1/NPR1/EDNRB/SCN11A",7
"GO:0016338","calcium-independent cell-cell adhesion","7/1767","23/18842",0.304347826086957,3.24534337245639,3.46607779259456,0.00401454336656816,0.0250226877799685,0.0250226877799685,"CLDN8/CX3CL1/BMP2/CLDN5/CLDN10/CLDN11/CLDN19",7
"GO:0019755","one-carbon compound transport","7/1767","23/18842",0.304347826086957,3.24534337245639,3.46607779259456,0.00401454336656816,0.0250226877799685,0.0250226877799685,"HBA2/AQP7B/AQP7/AQP1/HBB/HBA1/SLC14A2",7
"GO:0050926","regulation of positive chemotaxis","7/1767","23/18842",0.304347826086957,3.24534337245639,3.46607779259456,0.00401454336656816,0.0250226877799685,0.0250226877799685,"NTRK3/KDR/F3/VEGFD/CXCL12/CDH13/S1PR1",7
"GO:0050951","sensory perception of temperature stimulus","7/1767","23/18842",0.304347826086957,3.24534337245639,3.46607779259456,0.00401454336656816,0.0250226877799685,0.0250226877799685,"HTR2A/CXCL12/EPHB1/TAC1/ADRA2A/SCN9A/SCN11A",7
"GO:2001044","regulation of integrin-mediated signaling pathway","7/1767","23/18842",0.304347826086957,3.24534337245639,3.46607779259456,0.00401454336656816,0.0250226877799685,0.0250226877799685,"LAMA1/LAMA2/ITGB1BP1/PRKD1/LIMS2/BST1/LAMC1",7
"GO:0099565","chemical synaptic transmission, postsynaptic","20/1767","113/18842",0.176991150442478,1.88730461609347,3.04329856461088,0.00402196554093491,0.0250385636584748,0.0250385636584748,"NRXN1/SHANK3/CBLN1/MET/CHRNA2/SLC1A7/RELN/DRD2/GLRA3/P2RX6/HTR3C/PRKN/SLC8A3/NPAS4/SLC17A7/NLGN1/ADRB2/GRIN2B/NLGN4X/MEF2C",20
"GO:0042542","response to hydrogen peroxide","16/1767","83/18842",0.192771084337349,2.05557032885361,3.10035390937182,0.00406351245048008,0.0252055554899344,0.0252055554899344,"TXNIP/IL6/KLF2/HBA2/SIRPA/DUSP1/AQP1/HBB/KCNA5/EDN1/KLF4/HP/CAT/CRYAB/HBA1/PDGFD",16
"GO:0050848","regulation of calcium-mediated signaling","16/1767","83/18842",0.192771084337349,2.05557032885361,3.10035390937182,0.00406351245048008,0.0252055554899344,0.0252055554899344,"IGF1/NMUR1/RCAN1/MYOZ2/CALCR/SLC24A4/C10orf71/CDH13/PRNP/HAP1/PDGFRA/RGN/EDN1/AKAP6/BST1/ATP2B4",16
"GO:0060541","respiratory system development","16/1767","83/18842",0.192771084337349,2.05557032885361,3.10035390937182,0.00406351245048008,0.0252055554899344,0.0252055554899344,"CEBPA/MSX1/IL13/FGF7/NFIB/ALDH1A3/MME/BMP2/PKDCC/WNT11/PROX1/HMGCS2/RBP4/TCF21/PDGFA/EPAS1",16
"GO:0032232","negative regulation of actin filament bundle assembly","9/1767","35/18842",0.257142857142857,2.74198399223866,3.3182439638317,0.0040901506042494,0.0253096548234035,0.0253096548234035,"MYOC/SHANK3/ARHGAP6/PHLDB2/TMEFF2/PRKN/DLC1/S1PR1/PIK3R1",9
"GO:0072210","metanephric nephron development","9/1767","35/18842",0.257142857142857,2.74198399223866,3.3182439638317,0.0040901506042494,0.0253096548234035,0.0253096548234035,"OSR1/IRX1/AQP1/PDGFRA/LGR4/EGR1/CD34/TCF21/PKD2",9
"GO:0051051","negative regulation of transport","56/1767","418/18842",0.133971291866029,1.42857220222961,2.85042796710919,0.00411148776831581,0.0253859801709949,0.0253859801709949,"HTR2A/ATP1A2/EGF/OSR1/GPM6B/NOS1/GABRE/PDE8B/ACSL4/MIR145/MIR205/CCN3/PRKD1/NMB/LEP/CD36/SIRPA/PLA2R1/ADRA2B/CD200/MIR27B/DRD2/ANXA1/MCTP1/SPX/SNCA/ADRA2A/PKDCC/ADIPOQ/BIN1/RGS2/PID1/FOXO1/EDN1/IRS2/CASQ2/PRKN/CRY2/NPY2R/CRYAB/CRHBP/PLN/PTGER3/KCNE1/CABP1/CAV1/STXBP6/KCNB1/NRG1/PDE1C/FFAR4/FAM3D/HADH/CAV3/MDFIC/APOD",56
"GO:0009062","fatty acid catabolic process","18/1767","98/18842",0.183673469387755,1.95855999445619,3.06049090445796,0.00412225612589753,0.0253859801709949,0.0253859801709949,"ABCD2/ACACB/PCCA/ECHDC1/TWIST1/ACADL/LEP/LPIN1/CES1/NUDT7/ACADS/ADIPOQ/IRS2/ACAA2/ABCB11/PPARA/EHHADH/HADH",18
"GO:0051781","positive regulation of cell division","18/1767","98/18842",0.183673469387755,1.95855999445619,3.06049090445796,0.00412225612589753,0.0253859801709949,0.0253859801709949,"PTN/CDC14B/FGF2/VEGFD/PROK1/ITGB1BP1/FGF7/TAL1/DRD2/PPBP/GKN1/CAT/FGF8/MRGPRX2/CDC14C/FGF1/PDGFA/PDGFD",18
"GO:0090100","positive regulation of transmembrane receptor protein serine/threonine kinase signaling pathway","18/1767","98/18842",0.183673469387755,1.95855999445619,3.06049090445796,0.00412225612589753,0.0253859801709949,0.0253859801709949,"BMP5/KDR/MYOCD/TGFBR3/CRB2/ZEB2/BMPER/BMP2/CCN1/ATOH8/TGFBR2/NODAL/CDKN1C/CDH5/ZNF423/CITED1/ACVRL1/BMP6",18
"GO:0090288","negative regulation of cellular response to growth factor stimulus","21/1767","121/18842",0.173553719008264,1.85065035288835,3.01973716053888,0.00413352742373592,0.0254249064051589,0.0254249064051589,"CER1/FGF2/MIR145/SPRY1/SLIT2/SPRY2/MIR125B1/MMRN2/SEMA6A/MMRN1/GREM2/DCN/SOSTDC1/DAB2IP/CRIM1/ANGPT1/ATP2B4/RBPMS2/CAV1/CHRDL1/PPARG",21
"GO:0070328","triglyceride homeostasis","11/1767","48/18842",0.229166666666667,2.44366628937936,3.22157106768582,0.0041526483050347,0.0255119637495912,0.0255119637495912,"SLC25A27/ANGPTL8/ANGPTL4/PNPLA2/ABCG8/LPL/DGAT2/ACSM2A/CETP/GPIHBP1/MLXIPL",11
"GO:0035357","peroxisome proliferator activated receptor signaling pathway","8/1767","29/18842",0.275862068965517,2.941592022325,3.36602892350701,0.00419517321267303,0.0257117059907979,0.0257117059907979,"PTGIS/LMO3/TWIST1/LEP/BMP2/MIR27B/PPARA/PPARG",8
"GO:0086013","membrane repolarization during cardiac muscle cell action potential","8/1767","29/18842",0.275862068965517,2.941592022325,3.36602892350701,0.00419517321267303,0.0257117059907979,0.0257117059907979,"KCNIP2/NOS1/SCN2B/KCNJ2/KCNA5/CASQ2/KCNJ8/KCNE1",8
"GO:0014013","regulation of gliogenesis","15/1767","76/18842",0.197368421052632,2.10459297649897,3.10393852287815,0.00421607003901827,0.025717025796197,0.025717025796197,"NTRK3/PTN/IL6/EGR2/PTPRZ1/MIR125B1/CNTFR/BMP2/QKI/BIN1/GFAP/NEGR1/IL34/DAAM2/SOX10",15
"GO:0032371","regulation of sterol transport","15/1767","76/18842",0.197368421052632,2.10459297649897,3.10393852287815,0.00421607003901827,0.025717025796197,0.025717025796197,"ABCA8/EGF/EEPD1/MIR145/PLTP/LRP1/ABCA1/MIR27B/CES1/ADIPOQ/ABCA5/PTCH1/CAV1/CETP/PPARG",15
"GO:0032374","regulation of cholesterol transport","15/1767","76/18842",0.197368421052632,2.10459297649897,3.10393852287815,0.00421607003901827,0.025717025796197,0.025717025796197,"ABCA8/EGF/EEPD1/MIR145/PLTP/LRP1/ABCA1/MIR27B/CES1/ADIPOQ/ABCA5/PTCH1/CAV1/CETP/PPARG",15
"GO:0061326","renal tubule development","15/1767","76/18842",0.197368421052632,2.10459297649897,3.10393852287815,0.00421607003901827,0.025717025796197,0.025717025796197,"OSR1/FGF2/GPC3/IRX1/POU3F3/BMP2/AQP1/LGR4/WNT11/CITED1/KLHL3/FGF1/TCF21/MEF2C/PKD2",15
"GO:0002793","positive regulation of peptide secretion","19/1767","106/18842",0.179245283018868,1.91134104280787,3.02681109031045,0.00431305100461242,0.0262773783626208,0.0262773783626208,"ITSN1/ACSL4/PRKD1/ECRG4/MYRIP/CACNA2D1/NNAT/DRD2/IRS2/PRKN/PRKCA/RBP4/RASL10B/TCF7L2/DOC2B/RAPGEF3/FFAR4/GPLD1/MLXIPL",19
"GO:0071827","plasma lipoprotein particle organization","12/1767","55/18842",0.218181818181818,2.3265318722025,3.16927707762986,0.00431995827773261,0.0262795338678063,0.0262795338678063,"PLTP/APOB/ABCA1/ANGPTL4/MPO/LPL/ABCA5/PLA2G2A/PLA2G5/PCSK5/CETP/GPIHBP1",12
"GO:0051966","regulation of synaptic transmission, glutamatergic","14/1767","69/18842",0.202898550724638,2.16356224830426,3.11485059793951,0.00432363826290816,0.0262795338678063,0.0262795338678063,"HTR2A/ATP1A2/NRXN1/SHANK3/CCL2/RELN/DRD2/PLPPR4/PRKN/NLGN1/GRIN2B/STXBP1/GRIK1/MEF2C",14
"GO:0021549","cerebellum development","13/1767","62/18842",0.209677419354839,2.23584716213009,3.13547042571103,0.00436661076389009,0.0264780553522308,0.0264780553522308,"NRXN1/CBLN1/SCN5A/MYO16/PTF1A/SSTR1/GDF10/HAP1/PROX1/FZD4/NAV2/FOXP2/NLGN4X",13
"GO:0042446","hormone biosynthetic process","13/1767","62/18842",0.209677419354839,2.23584716213009,3.13547042571103,0.00436661076389009,0.0264780553522308,0.0264780553522308,"BMP5/CHST9/TPO/HSD3B1/BMP2/NR5A2/CYP11A1/EGR1/BMP6/HSD17B11/ADM/DKK3/FFAR3",13
"GO:1904950","negative regulation of establishment of protein localization","20/1767","114/18842",0.175438596491228,1.87074931244353,2.999782442407,0.00445821732280936,0.0270016558607888,0.0270016558607888,"DMTN/CORO2B/PDE8B/ITGB1BP1/CCN3/CD36/CD200/DRD2/ADRA2A/PKDCC/FOXO1/PRKN/KCNE1/CABP1/KCNB1/PDE1C/FAM3D/HADH/MDFIC/APOD",20
"GO:0051924","regulation of calcium ion transport","32/1767","211/18842",0.151658767772512,1.61717855255782,2.90017272373673,0.00447503084361037,0.0270715646793673,0.0270715646793673,"ATP1A2/DMD/EGF/CAPN3/NOS1/JPH4/GSTM2/IL13/TRPC6/CXCL12/TRPC1/CX3CL1/CCL2/ANK2/CACNA2D1/JPH2/PRNP/SNCA/ADRA2A/MYLK/BIN1/TRDN/CASQ2/AKAP6/HRC/ADCYAP1R1/CLIC2/PLN/DHRS7C/CAV1/CAV3/PKD2",32
"GO:0097006","regulation of plasma lipoprotein particle levels","18/1767","99/18842",0.181818181818182,1.93877656016875,3.01266037611872,0.00460724343282748,0.0278385909070611,0.0278385909070611,"PLTP/APOB/ABCA1/CD36/MIR27B/ANGPTL4/MPO/ADIPOQ/LPL/DGAT2/ABCA5/VLDLR/PLA2G2A/PLA2G5/PCSK5/CETP/GPIHBP1/GPLD1",18
"GO:0002026","regulation of the force of heart contraction","6/1767","18/18842",0.333333333333333,3.55442369364271,3.48789275357396,0.00464876048718317,0.0279251858037108,0.0279251858037108,"ATP1A2/NOS1/MYL3/ATP2B4/PLN/MYL2",6
"GO:0031998","regulation of fatty acid beta-oxidation","6/1767","18/18842",0.333333333333333,3.55442369364271,3.48789275357396,0.00464876048718317,0.0279251858037108,0.0279251858037108,"ABCD2/ACACB/TWIST1/IRS2/ABCB11/PPARA",6
"GO:0035930","corticosteroid hormone secretion","6/1767","18/18842",0.333333333333333,3.55442369364271,3.48789275357396,0.00464876048718317,0.0279251858037108,0.0279251858037108,"C1QTNF1/GALR1/ECRG4/TAC1/CRY2/BMP6",6
"GO:0071880","adenylate cyclase-activating adrenergic receptor signaling pathway","6/1767","18/18842",0.333333333333333,3.55442369364271,3.48789275357396,0.00464876048718317,0.0279251858037108,0.0279251858037108,"ADRA2A/ADRB3/ADRB2/ATP2B4/ADRB1/ADRA1A",6
"GO:1903027","regulation of opsonization","6/1767","18/18842",0.333333333333333,3.55442369364271,3.48789275357396,0.00464876048718317,0.0279251858037108,0.0279251858037108,"C3/MASP2/FCN2/C4BPA/PLA2G5/MASP1",6
"GO:0030307","positive regulation of cell growth","25/1767","154/18842",0.162337662337662,1.73105050015067,2.93032789700209,0.00466516689760128,0.0279910013856077,0.0279910013856077,"YAP1/IGF1/ACSL4/SFRP1/TEAD1/CXCL12/NRP1/EGFR/KRT17/MAP1B/SEMA5A/IGFBP1/CPNE8/HBEGF/AVP/ISLR2/EDN1/PRKN/AKAP6/RPS6KA3/VIM/NRG1/AVPR1A/HYAL1/RNF157",25
"GO:0051260","protein homooligomerization","32/1767","212/18842",0.150943396226415,1.60955035183821,2.8711837189206,0.00480928281938145,0.0288220263247878,0.0288220263247878,"RNF112/AQP4/ACACB/KCTD14/SCARA5/KCTD16/ALDH1A3/KCNA1/KCNA4/SHMT1/ITLN1/KCNJ2/PRNP/GLRA3/NLRP1/HCN1/KCNA5/KCNA6/KCNC4/KCNS1/KCTD8/KCTD4/RYR3/ALDH1A2/KIF25/ME1/KCNB1/KCNA2/KCTD12/ARC/TRPM3/PKD2",32
"GO:0003096","renal sodium ion transport","5/1767","13/18842",0.384615384615385,4.10125810804928,3.59820460068858,0.00488039682836496,0.0289108628725287,0.0289108628725287,"CLCNKB/SGK1/EDN1/KLHL3/EDNRB",5
"GO:0008212","mineralocorticoid metabolic process","5/1767","13/18842",0.384615384615385,4.10125810804928,3.59820460068858,0.00488039682836496,0.0289108628725287,0.0289108628725287,"BMP5/BMP2/BMP6/EDNRB/DKK3",5
"GO:0010572","positive regulation of platelet activation","5/1767","13/18842",0.384615384615385,4.10125810804928,3.59820460068858,0.00488039682836496,0.0289108628725287,0.0289108628725287,"TLR4/PEAR1/SVEP1/PLA2G4A/SELP",5
"GO:0033189","response to vitamin A","5/1767","13/18842",0.384615384615385,4.10125810804928,3.59820460068858,0.00488039682836496,0.0289108628725287,0.0289108628725287,"MAP1B/CAT/ALDH1A2/CYP26B1/CYP1A1",5
"GO:0048486","parasympathetic nervous system development","5/1767","13/18842",0.384615384615385,4.10125810804928,3.59820460068858,0.00488039682836496,0.0289108628725287,0.0289108628725287,"PLXNA4/EGR2/ACKR3/NRP1/SEMA3A",5
"GO:0051610","serotonin uptake","5/1767","13/18842",0.384615384615385,4.10125810804928,3.59820460068858,0.00488039682836496,0.0289108628725287,0.0289108628725287,"SLC29A4/GPM6B/NOS1/SLC22A3/SNCA",5
"GO:0070294","renal sodium ion absorption","5/1767","13/18842",0.384615384615385,4.10125810804928,3.59820460068858,0.00488039682836496,0.0289108628725287,0.0289108628725287,"CLCNKB/SGK1/EDN1/KLHL3/EDNRB",5
"GO:0075509","endocytosis involved in viral entry into host cell","5/1767","13/18842",0.384615384615385,4.10125810804928,3.59820460068858,0.00488039682836496,0.0289108628725287,0.0289108628725287,"CLEC4M/CAV2/ACE2/CAV1/DPP4",5
"GO:2000833","positive regulation of steroid hormone secretion","5/1767","13/18842",0.384615384615385,4.10125810804928,3.59820460068858,0.00488039682836496,0.0289108628725287,0.0289108628725287,"C1QTNF1/GALR1/ECRG4/TAC1/BMP6",5
"GO:2001214","positive regulation of vasculogenesis","5/1767","13/18842",0.384615384615385,4.10125810804928,3.59820460068858,0.00488039682836496,0.0289108628725287,0.0289108628725287,"KDR/ASB4/CD34/TMEM100/ADM",5
"GO:0055090","acylglycerol homeostasis","11/1767","49/18842",0.224489795918367,2.39379554877978,3.14259886792135,0.00491018259490414,0.0290203657162574,0.0290203657162574,"SLC25A27/ANGPTL8/ANGPTL4/PNPLA2/ABCG8/LPL/DGAT2/ACSM2A/CETP/GPIHBP1/MLXIPL",11
"GO:0070741","response to interleukin-6","11/1767","49/18842",0.224489795918367,2.39379554877978,3.14259886792135,0.00491018259490414,0.0290203657162574,0.0290203657162574,"YAP1/CEBPA/PTGIS/IL6/ACTG2/MIR125B1/MIRLET7C/SOCS3/PID1/CITED1/CRIPTO",11
"GO:1901880","negative regulation of protein depolymerization","14/1767","70/18842",0.2,2.13265421618563,3.05408406155127,0.00494863426872388,0.02921400644157,0.02921400644157,"CAPZA3/DMTN/PLEKHH2/MAP1B/ADD3/TMOD2/GAS2L2/SPTA1/LMOD1/TMOD1/SPTB/GSN/EPS8/SPTBN1",14
"GO:0001941","postsynaptic membrane organization","9/1767","36/18842",0.25,2.66581777023203,3.2182547468576,0.00500797847041199,0.0294627461901901,0.0294627461901901,"NRXN1/SHANK3/LAMA1/RELN/NLGN1/ZDHHC2/LRP4/LAMC1/CHRDL1",9
"GO:0015872","dopamine transport","9/1767","36/18842",0.25,2.66581777023203,3.2182547468576,0.00500797847041199,0.0294627461901901,0.0294627461901901,"HTR2A/SLC29A4/CXCL12/DRD2/SLC22A3/SNCA/PRKN/SLC6A2/KCNA2",9
"GO:1902547","regulation of cellular response to vascular endothelial growth factor stimulus","9/1767","36/18842",0.25,2.66581777023203,3.2182547468576,0.00500797847041199,0.0294627461901901,0.0294627461901901,"CCBE1/SPRY2/SEMA6A/DCN/PROX1/DAB2IP/ANGPT1/ATP2B4/ADAMTS3",9
"GO:0031638","zymogen activation","12/1767","56/18842",0.214285714285714,2.28498666019888,3.09788553659144,0.00503893702811542,0.0295771206587437,0.0295771206587437,"HPR/CFD/THBD/KLK2/CLEC3B/VSIR/MASP2/F8/F10/HP/MASP1/KLK3",12
"GO:0099172","presynapse organization","12/1767","56/18842",0.214285714285714,2.28498666019888,3.09788553659144,0.00503893702811542,0.0295771206587437,0.0295771206587437,"NTRK3/NRXN1/CBLN1/IL1RAPL2/SLITRK2/SNCA/LRFN5/SLITRK3/NLGN1/LRP4/NLGN4X/TLN2",12
"GO:0002526","acute inflammatory response","18/1767","100/18842",0.18,1.91938879456706,2.96538531738755,0.00513813792944136,0.0301249730657658,0.0301249730657658,"DNASE1L3/SAA2/IL6/FCER1A/F3/PTGS2/SAA4/ELANE/TAC1/F8/SAA1/HP/C2CD4B/PTGER3/EDNRB/ANO6/SCN11A/FFAR3",18
"GO:0010631","epithelial cell migration","16/1767","85/18842",0.188235294117647,2.00720396817471,2.99388486748036,0.00517693244047783,0.0303178164359112,0.0303178164359112,"MIR221/KIT/ZEB2/FGF7/KANK1/HBEGF/TAC1/ENPP2/EPB41L4B/SASH1/MIR222/FAT2/DAB2IP/TACR1/DAAM2/KANK2",16
"GO:0003094","glomerular filtration","7/1767","24/18842",0.291666666666667,3.11012073193737,3.32748484813527,0.00521561715296204,0.0304056863764053,0.0304056863764053,"JCHAIN/KIRREL1/IGHA2/MCAM/EDN1/CD34/IGHA1",7
"GO:0010460","positive regulation of heart rate","7/1767","24/18842",0.291666666666667,3.11012073193737,3.32748484813527,0.00521561715296204,0.0304056863764053,0.0304056863764053,"SCN3B/EDN3/EDN1/HRC/ADRB1/ADM/AVPR1A",7
"GO:0072677","eosinophil migration","7/1767","24/18842",0.291666666666667,3.11012073193737,3.32748484813527,0.00521561715296204,0.0304056863764053,0.0304056863764053,"CCL13/CX3CL1/CCL2/CCL16/CCL24/PTGER4/CCL21",7
"GO:2001026","regulation of endothelial cell chemotaxis","7/1767","24/18842",0.291666666666667,3.11012073193737,3.32748484813527,0.00521561715296204,0.0304056863764053,0.0304056863764053,"KDR/FGF2/MET/FGF16/PRKD1/SEMA5A/FGF1",7
"GO:0050974","detection of mechanical stimulus involved in sensory perception","8/1767","30/18842",0.266666666666667,2.84353895491417,3.25076334875029,0.00525839040050269,0.0305856093963554,0.0305856093963554,"HTR2A/KIT/CXCL12/KCNA1/TMC2/PTPRQ/SCN9A/SCN11A",8
"GO:0090330","regulation of platelet aggregation","8/1767","30/18842",0.266666666666667,2.84353895491417,3.25076334875029,0.00525839040050269,0.0305856093963554,0.0305856093963554,"HTR2A/ADAMTS18/C1QTNF1/EMILIN2/IL6/MMRN1/PRKCA/CTSG",8
"GO:0097581","lamellipodium organization","15/1767","78/18842",0.192307692307692,2.05062905402464,2.99105148872696,0.00543127176022397,0.0315554431679981,0.0315554431679981,"DMTN/KIT/SLIT2/EPHA2/KANK1/CDH13/ABLIM3/ENPP2/MSTN/ABLIM1/ARHGEF4/S1PR1/ARHGEF6/P2RY12/PIK3R1",15
"GO:0003300","cardiac muscle hypertrophy","17/1767","93/18842",0.182795698924731,1.94920009006213,2.95188941589422,0.00548294071941044,0.0317478957552334,0.0317478957552334,"IGF1/MIR145/KLF15/LEP/SORBS2/MLIP/RGS2/FOXO1/EDN1/PRKCA/AKAP6/PPARA/ATP2B4/NR4A3/ADRA1A/PPARG/CAV3",17
"GO:0060291","long-term synaptic potentiation","17/1767","93/18842",0.182795698924731,1.94920009006213,2.95188941589422,0.00548294071941044,0.0317478957552334,0.0317478957552334,"CRHR2/SHANK3/PTN/MME/MIR324/RELN/DRD2/FAM107A/NTRK2/PRNP/S100B/SLC8A3/CYP46A1/ZDHHC2/GRIN2B/NSG1/ARC",17
"GO:1990266","neutrophil migration","17/1767","93/18842",0.182795698924731,1.94920009006213,2.95188941589422,0.00548294071941044,0.0317478957552334,0.0317478957552334,"SLIT2/PECAM1/CXCR2/CXCL3/PF4V1/PPBP/XG/EDN3/CCL21/EDN1/SAA1/PF4/MRGPRX2/BST1/CCL28/DPP4/JAM3",17
"GO:0001755","neural crest cell migration","10/1767","43/18842",0.232558139534884,2.47983048393677,3.12513452357128,0.00551259782365318,0.0317763214615968,0.0317763214615968,"NRP1/SEMA3G/SEMA6A/SEMA6D/SEMA3D/SEMA5A/SEMA3A/EDN1/GFAP/SOX10",10
"GO:0051155","positive regulation of striated muscle cell differentiation","10/1767","43/18842",0.232558139534884,2.47983048393677,3.12513452357128,0.00551259782365318,0.0317763214615968,0.0317763214615968,"IGF1/MYOCD/PRKD1/SMYD1/EDN1/PROX1/AKAP6/NRG1/MEF2C/CYP26B1",10
"GO:0072132","mesenchyme morphogenesis","10/1767","43/18842",0.232558139534884,2.47983048393677,3.12513452357128,0.00551259782365318,0.0317763214615968,0.0317763214615968,"BMP5/OSR1/ACTG2/BMP2/TGFBR2/ADAMTS5/ACTA2/ACTC1/FGF8/ACVRL1",10
"GO:0090497","mesenchymal cell migration","10/1767","43/18842",0.232558139534884,2.47983048393677,3.12513452357128,0.00551259782365318,0.0317763214615968,0.0317763214615968,"NRP1/SEMA3G/SEMA6A/SEMA6D/SEMA3D/SEMA5A/SEMA3A/EDN1/GFAP/SOX10",10
"GO:0031214","biomineral tissue development","24/1767","148/18842",0.162162162162162,1.72917909420456,2.86486288249116,0.00556779030196057,0.0320584876579254,0.0320584876579254,"CER1/PTN/IGF1/OSR1/GPM6B/ALPL/NT5E/WLS/ITGB1BP1/CLEC3B/TWIST1/LEP/BMP2/SLC24A4/CCN1/PKDCC/LGR4/BMP6/KL/S1PR1/ENAM/DDR2/ANO6/MEF2C",24
"GO:0031623","receptor internalization","22/1767","132/18842",0.166666666666667,1.77721184682135,2.88256677801708,0.00557624952506516,0.0320712402695797,0.0320712402695797,"IQSEC3/EGF/TAMALIN/ACKR3/LRP1/RSPO1/CD36/CXCR2/GHR/USP6/SELE/DRD2/SNCA/ENTREP1/GRK3/CALCRL/ANGPT1/CAV1/NRG1/ADM/ARC/CAV3",22
"GO:0007565","female pregnancy","23/1767","140/18842",0.164285714285714,1.75182310615248,2.87227192899803,0.00558649629498423,0.0320942337483658,0.0320942337483658,"ENDOU/PTN/TPPP3/PSG1/STOX2/LEP/ADRA2B/ACVR1C/NODAL/ADRA2A/IL11RA/CLIC5/MSTN/RGS2/FOSB/ACE2/FBLN1/CRHBP/OXTR/PCSK5/PSG4/STS/FOS",23
"GO:0010720","positive regulation of cell development","49/1767","362/18842",0.135359116022099,1.44337094741845,2.74006223504453,0.00570703422291796,0.0327500868926331,0.0327500868926331,"CX3CR1/SERPINF1/SHANK3/PTN/IL6/TESC/KIT/EGR2/PTPRZ1/MIR145/SLIT2/MIR125B1/BCL6/NEDD9/CXCL12/CX3CL1/NRP1/ROBO3/ARMCX5-GPRASP2/MME/BMP2/CLDN5/MAP1B/SEMA5A/RELN/DRD2/TGFBR2/NTRK2/VSIR/ANXA1/QKI/PCK1/HAP1/KHDC3L/BIN1/CR1/CDH5/ISLR2/GFAP/PRKCA/PF4/IL34/FZD4/MPL/BNC1/ZBTB16/VIM/DCT/SOX10",49
"GO:0070169","positive regulation of biomineral tissue development","11/1767","50/18842",0.22,2.34591963780419,3.0655437845091,0.00577302360516684,0.0330917960224742,0.0330917960224742,"PTN/OSR1/GPM6B/BMP2/CCN1/PKDCC/BMP6/KL/ENAM/ANO6/MEF2C",11
"GO:0021885","forebrain cell migration","9/1767","37/18842",0.243243243243243,2.59376864130684,3.12161518014355,0.0060777295009422,0.0347608226245425,0.0347608226245425,"SLIT2/CXCL12/RELN/DRD2/DIXDC1/DAB2IP/LHX6/P2RY12/TYRO3",9
"GO:0033144","negative regulation of intracellular steroid hormone receptor signaling pathway","9/1767","37/18842",0.243243243243243,2.59376864130684,3.12161518014355,0.0060777295009422,0.0347608226245425,0.0347608226245425,"ZNF366/SFRP1/TP63/PER1/NODAL/CRY2/KANK2/TCF7L2/TCF21",9
"GO:0050810","regulation of steroid biosynthetic process","15/1767","79/18842",0.189873417721519,2.02467172422686,2.93587155886718,0.00613707295143565,0.035061186516767,0.035061186516767,"CYP7A1/GPR146/AKR1C3/BMP5/GNAI1/BMP2/NR5A2/CES1/QKI/EGR1/PROX1/BMP6/FGF1/ADM/DKK3",15
"GO:0001709","cell fate determination","6/1767","19/18842",0.31578947368421,3.36734876239836,3.32111960605839,0.00626253489642995,0.0355800655177701,0.0355800655177701,"TNXB/KLF4/SOX17/NOTCH4/MEF2C/CYP26B1",6
"GO:0034112","positive regulation of homotypic cell-cell adhesion","6/1767","19/18842",0.31578947368421,3.36734876239836,3.32111960605839,0.00626253489642995,0.0355800655177701,0.0355800655177701,"HTR2A/EMILIN2/IL6/MMRN1/PLPP3/CTSG",6
"GO:0061050","regulation of cell growth involved in cardiac muscle cell development","6/1767","19/18842",0.31578947368421,3.36734876239836,3.32111960605839,0.00626253489642995,0.0355800655177701,0.0355800655177701,"IGF1/RGS2/EDN1/AKAP6/PPARA/CAV3",6
"GO:1902548","negative regulation of cellular response to vascular endothelial growth factor stimulus","6/1767","19/18842",0.31578947368421,3.36734876239836,3.32111960605839,0.00626253489642995,0.0355800655177701,0.0355800655177701,"SPRY2/SEMA6A/DCN/DAB2IP/ANGPT1/ATP2B4",6
"GO:1903020","positive regulation of glycoprotein metabolic process","6/1767","19/18842",0.31578947368421,3.36734876239836,3.32111960605839,0.00626253489642995,0.0355800655177701,0.0355800655177701,"IGF1/SLC51B/RECK/IL33/CCL21/TCF7L2",6
"GO:0010611","regulation of cardiac muscle hypertrophy","14/1767","72/18842",0.194444444444444,2.07341382129158,2.93556153351761,0.00641677860693232,0.0362957873625599,0.0362957873625599,"IGF1/MIR145/MLIP/RGS2/FOXO1/EDN1/PRKCA/AKAP6/PPARA/ATP2B4/NR4A3/ADRA1A/PPARG/CAV3",14
"GO:0098704","carbohydrate import across plasma membrane","14/1767","72/18842",0.194444444444444,2.07341382129158,2.93556153351761,0.00641677860693232,0.0362957873625599,0.0362957873625599,"SLC5A4/IGF1/TRARG1/SLC25A27/LEP/ITLN1/ADIPOQ/PID1/IRS2/SORBS1/SLC2A4/DHRS7C/PIK3R1/RHOQ",14
"GO:0098708","D-glucose import across plasma membrane","14/1767","72/18842",0.194444444444444,2.07341382129158,2.93556153351761,0.00641677860693232,0.0362957873625599,0.0362957873625599,"SLC5A4/IGF1/TRARG1/SLC25A27/LEP/ITLN1/ADIPOQ/PID1/IRS2/SORBS1/SLC2A4/DHRS7C/PIK3R1/RHOQ",14
"GO:0140271","hexose import across plasma membrane","14/1767","72/18842",0.194444444444444,2.07341382129158,2.93556153351761,0.00641677860693232,0.0362957873625599,0.0362957873625599,"SLC5A4/IGF1/TRARG1/SLC25A27/LEP/ITLN1/ADIPOQ/PID1/IRS2/SORBS1/SLC2A4/DHRS7C/PIK3R1/RHOQ",14
"GO:0008299","isoprenoid biosynthetic process","8/1767","31/18842",0.258064516129032,2.75181189185242,3.1401635541141,0.00651552340793039,0.0366693739144809,0.0366693739144809,"AKR1C3/ALDH1A1/ALDH1A3/DHRS9/RPE65/HMGCS2/ALDH1A2/CYP1A1",8
"GO:0032570","response to progesterone","8/1767","31/18842",0.258064516129032,2.75181189185242,3.1401635541141,0.00651552340793039,0.0366693739144809,0.0366693739144809,"TXNIP/YAP1/FOSB/TACR1/CSN1S1/CAV1/SOX10/FOS",8
"GO:0120255","olefinic compound biosynthetic process","8/1767","31/18842",0.258064516129032,2.75181189185242,3.1401635541141,0.00651552340793039,0.0366693739144809,0.0366693739144809,"AKR1C3/BMP5/HSD3B1/BMP2/EGR1/BMP6/ADM/DKK3",8
"GO:0090132","epithelium migration","16/1767","87/18842",0.183908045977011,1.96106134821667,2.89029450129211,0.00652632994357636,0.0366693739144809,0.0366693739144809,"MIR221/KIT/ZEB2/FGF7/KANK1/HBEGF/TAC1/ENPP2/EPB41L4B/SASH1/MIR222/FAT2/DAB2IP/TACR1/DAAM2/KANK2",16
"GO:0005978","glycogen biosynthetic process","10/1767","44/18842",0.227272727272727,2.42347070021094,3.0409476324711,0.00654708253107068,0.0366693739144809,0.0366693739144809,"EPM2A/GBE1/IGF1/GYS2/UGP2/PER2/GYG2/IRS2/PPP1R3G/SORBS1",10
"GO:0006584","catecholamine metabolic process","10/1767","44/18842",0.227272727272727,2.42347070021094,3.0409476324711,0.00654708253107068,0.0366693739144809,0.0366693739144809,"RNF180/SNCAIP/ALDH2/MAOA/DRD2/SNCA/AOC2/PRKN/NPR1/KL",10
"GO:0009250","glucan biosynthetic process","10/1767","44/18842",0.227272727272727,2.42347070021094,3.0409476324711,0.00654708253107068,0.0366693739144809,0.0366693739144809,"EPM2A/GBE1/IGF1/GYS2/UGP2/PER2/GYG2/IRS2/PPP1R3G/SORBS1",10
"GO:0009712","catechol-containing compound metabolic process","10/1767","44/18842",0.227272727272727,2.42347070021094,3.0409476324711,0.00654708253107068,0.0366693739144809,0.0366693739144809,"RNF180/SNCAIP/ALDH2/MAOA/DRD2/SNCA/AOC2/PRKN/NPR1/KL",10
"GO:0072171","mesonephric tubule morphogenesis","10/1767","44/18842",0.227272727272727,2.42347070021094,3.0409476324711,0.00654708253107068,0.0366693739144809,0.0366693739144809,"OSR1/FGF2/GPC3/BMP2/LGR4/WNT11/CITED1/FGF1/TCF21/PKD2",10
"GO:0010721","negative regulation of cell development","33/1767","225/18842",0.146666666666667,1.56394642520279,2.7375631805368,0.00658734982807221,0.0368547153779726,0.0368547153779726,"NTRK3/IL17D/MIR221/STAT5A/PTN/TLR4/IGF1/IL6/SFRP1/MIR125B1/EFNB3/STAC2/SEMA3G/PRDM16/CNTFR/SEMA6D/SEMA5A/RGMA/ANXA1/QKI/ADIPOQ/CR1/TTPA/MIR222/TMEM178A/NEGR1/TLR3/LRP4/DAAM2/EDNRB/HOXA7/CAV3/SOX10",33
"GO:0030199","collagen fibril organization","13/1767","65/18842",0.2,2.13265421618563,2.94259718036,0.00663555692969543,0.0370840265407135,0.0370840265407135,"TNXB/TLL1/FMOD/CCN3/DPT/COLGALT2/LOXL4/COL4A6/COL4A3/CRTAP/DDR2/ADAMTS3/COL14A1",13
"GO:0061844","antimicrobial humoral immune response mediated by antimicrobial peptide","23/1767","142/18842",0.161971830985915,1.72714954127709,2.79793097840591,0.00664892598344362,0.03711835201192,0.03711835201192,"MUC7/CXCL2/CCL13/CXCL12/CX3CL1/CCL2/CCL16/CCL24/CXCL3/PF4V1/VIP/ELANE/PPBP/TAC1/CCL23/CCL14/RNASE7/CCL21/TSLP/PF4/CCL28/KLK3/ADM",23
"GO:0051894","positive regulation of focal adhesion assembly","7/1767","25/18842",0.28,2.98571590265988,3.19596356167609,0.00666727100553629,0.0371400259050264,0.0371400259050264,"MYOC/FERMT2/KDR/SFRP1/ITGB1BP1/NRP1/TEK",7
"GO:0060045","positive regulation of cardiac muscle cell proliferation","7/1767","25/18842",0.28,2.98571590265988,3.19596356167609,0.00666727100553629,0.0371400259050264,0.0371400259050264,"YAP1/ZFPM2/FGF2/TGFBR3/MIR222/NRG1/MEF2C",7
"GO:0003254","regulation of membrane depolarization","11/1767","51/18842",0.215686274509804,2.29992121353352,2.99031587370899,0.00675079070358869,0.0374833092471692,0.0374833092471692,"MYOC/KDR/SCN5A/FHL1/SCN2B/ALB/HCN1/SCN3B/DCN/BOK/CAV3",11
"GO:0071385","cellular response to glucocorticoid stimulus","11/1767","51/18842",0.215686274509804,2.29992121353352,2.99031587370899,0.00675079070358869,0.0374833092471692,0.0374833092471692,"KLF9/SERPINF1/ZFP36/AQP1/FAM107A/ANXA1/PCK1/ZFP36L2/EDN1/HMGCS2/NR3C1",11
"GO:1904707","positive regulation of vascular associated smooth muscle cell proliferation","11/1767","51/18842",0.215686274509804,2.29992121353352,2.99031587370899,0.00675079070358869,0.0374833092471692,0.0374833092471692,"MIR221/JUN/IGF1/FGF2/ADAMTS1/MIR27B/RGCC/MIR222/EDN1/DDR2/NR4A3",11
"GO:0014855","striated muscle cell proliferation","12/1767","58/18842",0.206896551724138,2.20619401674375,2.95955912250549,0.00676128870961279,0.0375010570330144,0.0375010570330144,"YAP1/ZFPM2/FGF2/TGFBR3/EPHB1/MSTN/MIR222/RBP4/ANGPT1/NRG1/MEF2C/FOS",12
"GO:0018958","phenol-containing compound metabolic process","17/1767","95/18842",0.178947368421053,1.9081642986924,2.8546326676996,0.0068229769130218,0.0377210004577825,0.0377210004577825,"RNF180/SNCAIP/ALDH2/ZEB2/TRPC1/TPO/PMEL/MAOA/DRD2/SNCA/AOC2/PRKN/CITED1/SLCO1C1/NPR1/KL/DCT",17
"GO:0032602","chemokine production","17/1767","95/18842",0.178947368421053,1.9081642986924,2.8546326676996,0.0068229769130218,0.0377210004577825,0.0377210004577825,"TLR4/DEFB124/ACKR1/IL6/IL33/TWIST1/SIRPA/ELANE/ADIPOQ/LPL/TSLP/KLF4/EGR1/MRGPRX2/TLR3/APOD/FFAR3",17
"GO:0032642","regulation of chemokine production","17/1767","95/18842",0.178947368421053,1.9081642986924,2.8546326676996,0.0068229769130218,0.0377210004577825,0.0377210004577825,"TLR4/DEFB124/ACKR1/IL6/IL33/TWIST1/SIRPA/ELANE/ADIPOQ/LPL/TSLP/KLF4/EGR1/MRGPRX2/TLR3/APOD/FFAR3",17
"GO:0014910","regulation of smooth muscle cell migration","15/1767","80/18842",0.1875,1.99936332767402,2.88150070190725,0.00691479370384319,0.0381464881449395,0.0381464881449395,"MIR221/IGF1/MYOCD/SLIT2/LRP1/NRP1/ADAMTS1/ADIPOQ/FOXO4/TACR1/DDR2/NR4A3/PDGFA/MEF2C/PDGFD",15
"GO:0043242","negative regulation of protein-containing complex disassembly","15/1767","80/18842",0.1875,1.99936332767402,2.88150070190725,0.00691479370384319,0.0381464881449395,0.0381464881449395,"CAPZA3/DMTN/PLEKHH2/IRAK3/MAP1B/ADD3/TMOD2/GAS2L2/SPTA1/LMOD1/TMOD1/SPTB/GSN/EPS8/SPTBN1",15
"GO:0003084","positive regulation of systemic arterial blood pressure","5/1767","14/18842",0.357142857142857,3.80831110033147,3.38140377347138,0.0070118681940201,0.0381638116525771,0.0381638116525771,"AVPR2/SPX/AVP/RARRES2/AVPR1A",5
"GO:0010642","negative regulation of platelet-derived growth factor receptor signaling pathway","5/1767","14/18842",0.357142857142857,3.80831110033147,3.38140377347138,0.0070118681940201,0.0381638116525771,0.0381638116525771,"MYOCD/LRP1/SNCA/ADIPOQ/APOD",5
"GO:0010763","positive regulation of fibroblast migration","5/1767","14/18842",0.357142857142857,3.80831110033147,3.38140377347138,0.0070118681940201,0.0381638116525771,0.0381638116525771,"DMTN/MIR145/ACTA2/AKAP12/DDR2",5
"GO:0014745","negative regulation of muscle adaptation","5/1767","14/18842",0.357142857142857,3.80831110033147,3.38140377347138,0.0070118681940201,0.0381638116525771,0.0381638116525771,"MLIP/FOXO1/KLF4/ATP2B4/PPARG",5
"GO:0015671","oxygen transport","5/1767","14/18842",0.357142857142857,3.80831110033147,3.38140377347138,0.0070118681940201,0.0381638116525771,0.0381638116525771,"HBA2/HBM/CYGB/HBB/HBA1",5
"GO:0034374","low-density lipoprotein particle remodeling","5/1767","14/18842",0.357142857142857,3.80831110033147,3.38140377347138,0.0070118681940201,0.0381638116525771,0.0381638116525771,"APOB/MPO/PLA2G2A/PLA2G5/CETP",5
"GO:0046459","short-chain fatty acid metabolic process","5/1767","14/18842",0.357142857142857,3.80831110033147,3.38140377347138,0.0070118681940201,0.0381638116525771,0.0381638116525771,"PCCA/ACSM1/CES1/ACADS/ACSS2",5
"GO:0050872","white fat cell differentiation","5/1767","14/18842",0.357142857142857,3.80831110033147,3.38140377347138,0.0070118681940201,0.0381638116525771,0.0381638116525771,"PRDM16/PER2/NPR2/FFAR4/PPARG",5
"GO:0090030","regulation of steroid hormone biosynthetic process","5/1767","14/18842",0.357142857142857,3.80831110033147,3.38140377347138,0.0070118681940201,0.0381638116525771,0.0381638116525771,"BMP5/BMP2/NR5A2/BMP6/DKK3",5
"GO:0097254","renal tubular secretion","5/1767","14/18842",0.357142857142857,3.80831110033147,3.38140377347138,0.0070118681940201,0.0381638116525771,0.0381638116525771,"ABCG2/SLC22A12/SPX/NPR1/EDNRB",5
"GO:0106072","negative regulation of adenylate cyclase-activating G protein-coupled receptor signaling pathway","5/1767","14/18842",0.357142857142857,3.80831110033147,3.38140377347138,0.0070118681940201,0.0381638116525771,0.0381638116525771,"MRAP/MRAP2/PDE3B/PDE2A/ATP2B4",5
"GO:0170043","non-proteinogenic amino acid biosynthetic process","5/1767","14/18842",0.357142857142857,3.80831110033147,3.38140377347138,0.0070118681940201,0.0381638116525771,0.0381638116525771,"DPYD/OTC/ALDH1A1/CPS1/ATP2B4",5
"GO:0006790","sulfur compound metabolic process","38/1767","269/18842",0.141263940520446,1.50633569172962,2.69068926468057,0.00701453235981946,0.0381638116525771,0.0381638116525771,"SULT1C4/STAT5A/GSTM2/CHST9/ACSL4/GGT3P/ACACB/PCCA/AASS/GGTA1/SULT1C3/ACSM2B/ACSM1/CDO1/TKTL1/STAT5B/BHMT2/GHR/ACSM3/NUDT7/SNCA/SLC19A3/ELOVL3/ACSS2/MSRA/AGXT/DGAT2/HMGCS2/CPS1/ACSL1/GSTT2/PDK4/ACSM2A/ACSM5/CHST7/GSTM5/GLYAT/CHST3",38
"GO:0010586","miRNA metabolic process","18/1767","103/18842",0.174757281553398,1.86348426656996,2.82676515277452,0.00703818752124466,0.0382519905916535,0.0382519905916535,"JUN/IL6/MYOCD/FGF2/TEAD1/NFIB/TWIST1/EGFR/BMP2/ATOH8/QKI/NGFR/KLF4/EGR1/PPARA/NR3C1/PPARG/FOS",18
"GO:0031640","killing of cells of another organism","19/1767","111/18842",0.171171171171171,1.82524459943815,2.80513386814523,0.0071827467792597,0.0389552137891001,0.0389552137891001,"MUC7/CXCL2/LCE3A/CCL13/CXCL12/CXCL3/C7/ELANE/MPO/PPBP/TAC1/RNASE7/CCL21/DEFB132/C6/PF4/PLA2G2A/CCL28/CTSG",19
"GO:0141061","disruption of cell in another organism","19/1767","111/18842",0.171171171171171,1.82524459943815,2.80513386814523,0.0071827467792597,0.0389552137891001,0.0389552137891001,"MUC7/CXCL2/LCE3A/CCL13/CXCL12/CXCL3/C7/ELANE/MPO/PPBP/TAC1/RNASE7/CCL21/DEFB132/C6/PF4/PLA2G2A/CCL28/CTSG",19
"GO:0002573","myeloid leukocyte differentiation","30/1767","201/18842",0.149253731343284,1.59153299715345,2.71226609151576,0.00725946925675883,0.0393271220979299,0.0393271220979299,"CEBPA/STAT5A/TLR4/TESC/KIT/PDE1B/MIR145/EPHA2/MIR125B1/NEDD9/STAC2/IL33/TF/PRDM16/BMP2/CSF3/TAL1/PDE2A/TGFBR2/QKI/ADIPOQ/TMEM178A/PRKCA/PF4/IL34/TLR3/NR3C1/HOXA7/PPARG/PRXL2A",30
"GO:0008286","insulin receptor signaling pathway","20/1767","119/18842",0.168067226890756,1.79214640015599,2.78856715881476,0.00726663529418525,0.0393271220979299,0.0393271220979299,"IGF1/LEP/KANK1/PDE3B/IGFBP1/CAV2/TNS2/MSTN/PID1/FOXO1/IRS2/FOXO4/SIK2/SORBS1/RARRES2/PDK4/PIK3R1/RHOQ/GPLD1/FFAR3",20
"GO:0060348","bone development","21/1767","127/18842",0.165354330708661,1.76321805275189,2.77616626487119,0.00729885979918452,0.039422652046676,0.039422652046676,"MYOC/CER1/MAP2K6/IGF1/TWIST1/LEP/BMP2/PTGER4/GHR/NPR2/FREM1/OSTN/FGF8/LEPR/BMP6/DDR2/ZBTB16/OGN/MEF2C/FBLN5/CYP26B1",21
"GO:1901879","regulation of protein depolymerization","16/1767","88/18842",0.181818181818182,1.93877656016875,2.83953032406775,0.00730006610718603,0.039422652046676,0.039422652046676,"CAPZA3/DMTN/PLEKHH2/MAP1B/SEMA5A/ADD3/CFL2/TMOD2/GAS2L2/SPTA1/LMOD1/TMOD1/SPTB/GSN/EPS8/SPTBN1",16
"GO:0035176","social behavior","9/1767","38/18842",0.236842105263158,2.52551157179877,3.02811299349924,0.00731498975866086,0.039422652046676,0.039422652046676,"CX3CR1/EIF4EBP2/NRXN1/SHANK3/PTCHD1/AVP/NPAS4/NLGN4X/AVPR1A",9
"GO:0060021","roof of mouth development","9/1767","38/18842",0.236842105263158,2.52551157179877,3.02811299349924,0.00731498975866086,0.039422652046676,0.039422652046676,"MSX1/OSR1/TGFBR3/CLDN5/WNT8A/TGFBR2/PKDCC/WNT11/TCF21",9
"GO:0051701","biological process involved in interaction with host","26/1767","168/18842",0.154761904761905,1.65026814347697,2.72344328420596,0.00749059721800665,0.0403267372239855,0.0403267372239855,"MRC1/HTR2A/CLEC4M/NECTIN3/EPHA2/EFNB3/LRP1/NCAM1/NRP1/EGFR/AVP/ZNF502/CAV2/GPR15/CR1/ACE2/PC/CH25H/FBLN1/VLDLR/LRP4/CAV1/CD209/TMPRSS2/DPP4/TYRO3",26
"GO:0048662","negative regulation of smooth muscle cell proliferation","13/1767","66/18842",0.196969696969697,2.10034127351615,2.88063163890547,0.00757112855580456,0.04071760865195,0.04071760865195,"MYOCD/MIR145/BMP2/ADIPOQ/ACE2/KLF4/NPR1/OGN/PPARGC1A/PPARG/MEF2C/CNN1/APOD",13
"GO:0031670","cellular response to nutrient","10/1767","45/18842",0.222222222222222,2.36961579576181,2.95903863501999,0.00772602371259527,0.0414638012412636,0.0414638012412637,"PENK/PLD1/SFRP1/MIR125B1/LEP/KAT2B/FOLR2/LPL/KANK2/MLXIPL",10
"GO:0071354","cellular response to interleukin-6","10/1767","45/18842",0.222222222222222,2.36961579576181,2.95903863501999,0.00772602371259527,0.0414638012412636,0.0414638012412637,"YAP1/CEBPA/PTGIS/IL6/ACTG2/MIR125B1/MIRLET7C/SOCS3/PID1/CRIPTO",10
"GO:0002062","chondrocyte differentiation","15/1767","81/18842",0.185185185185185,1.9746798298015,2.82791524966182,0.00776945673960225,0.0415433145424326,0.0415433145424326,"SOX5/OSR1/CCN3/NFIB/BMP2/NR5A2/NPR2/PKDCC/WNT10B/ACVRL1/BMP6/ZBTB16/EFEMP1/MEF2C/GPLD1",15
"GO:0042476","odontogenesis","15/1767","81/18842",0.185185185185185,1.9746798298015,2.82791524966182,0.00776945673960225,0.0415433145424326,0.0415433145424326,"SCN5A/APCDD1/MSX1/OSR1/ALPL/WLS/TMT1A/BMP2/SLC24A4/AQP1/EDA/EDN1/FGF8/CD34/ENAM",15
"GO:0042246","tissue regeneration","12/1767","59/18842",0.203389830508475,2.16880089781589,2.89250392178641,0.00778069914062758,0.0415433145424326,0.0415433145424326,"YAP1/CAPN3/PTN/IGF1/CCN3/IGFBP1/ANXA1/MSTN/MYMX/SPAAR/APOD/EYS",12
"GO:0042304","regulation of fatty acid biosynthetic process","12/1767","59/18842",0.203389830508475,2.16880089781589,2.89250392178641,0.00778069914062758,0.0415433145424326,0.0415433145424326,"CYP7A1/ABCD2/ACADL/PTGS2/ANGPTL4/KAT2B/AVP/EDN1/PDK4/GPIHBP1/AVPR1A/MLXIPL",12
"GO:0046486","glycerolipid metabolic process","52/1767","395/18842",0.131645569620253,1.40377239546396,2.60892858800935,0.00778128282512075,0.0415433145424326,0.0415433145424326,"HTR2A/FABP4/AGMO/PGAP4/PLCH2/MGLL/PLAAT3/PEMT/PLD1/INPP1/ENPP6/LIPE/APOB/AADAC/FABP9/C3/MOGAT1/HYCC1/PIP5K1B/BMX/LPIN1/PNPLA2/GPAT3/PLAAT5/CIDEC/PLCL2/PCK1/ENPP2/PIK3C2G/PLIN1/LPL/AGPAT2/DGAT2/ABHD6/PLA2G4A/CPS1/ACSL1/PLA2G2A/GAL3ST1/PLA2G5/PTPRQ/GPAM/CAV1/CETP/LPCAT2/DGKI/THRSP/GPIHBP1/PIK3R1/PDGFA/CAV3/GPLD1",52
"GO:0050708","regulation of protein secretion","35/1767","245/18842",0.142857142857143,1.52332444013259,2.65229915853003,0.00791473690928138,0.042211930182834,0.042211930182834,"TLR4/IGF1/IL6/PDE8B/ACSL4/IL13/WLS/CCN3/MYRIP/PER2/CD200/CACNA2D1/NNAT/ADCY5/DRD2/HCAR2/ADRA2A/FOXO1/KCNA5/SAA1/IRS2/PRKN/PRKCA/RBP4/BMP6/TCF7L2/DOC2B/KCNB1/RAPGEF3/PDE1C/FAM3D/HADH/PPARG/GPLD1/MLXIPL",35
"GO:1903531","negative regulation of secretion by cell","22/1767","136/18842",0.161764705882353,1.72494091015014,2.72942704968361,0.00794508080395766,0.0423298081007537,0.0423298081007537,"PDE8B/ACSL4/CCN3/NMB/LEP/ADRA2B/CD200/DRD2/ANXA1/SNCA/ADRA2A/FOXO1/EDN1/PRKN/CRY2/CRHBP/STXBP6/KCNB1/PDE1C/FFAR4/FAM3D/HADH",22
"GO:0002262","myeloid cell homeostasis","21/1767","128/18842",0.1640625,1.74944291171477,2.73684449554864,0.00798099812903804,0.0423361190459227,0.0423361190459227,"MIR221/DMTN/IL6/KIT/HBA2/EPB42/TGFBR3/HBM/ZFP36/TAL1/STAT5B/HCAR2/ANXA1/HBB/MIR222/HOXA5/ALAS2/MPL/HBA1/AHSP/EPAS1",21
"GO:0045667","regulation of osteoblast differentiation","21/1767","128/18842",0.1640625,1.74944291171477,2.73684449554864,0.00798099812903804,0.0423361190459227,0.0423361190459227,"FERMT2/YAP1/IGF1/IL6/TWIST2/MIR205/MIR125B1/TP63/PRKD1/TWIST1/CCN1/GDF10/CITED1/HGF/BMP6/CRIM1/PTCH1/DDR2/FFAR4/PPARG/MEF2C",21
"GO:0048384","retinoic acid receptor signaling pathway","8/1767","32/18842",0.25,2.66581777023203,3.03387704070337,0.00798748040410808,0.0423361190459227,0.0423361190459227,"AKR1C3/KLF2/PTF1A/THRB/DHRS3/PPARG/CYP26B1/RXRG",8
"GO:1905207","regulation of cardiocyte differentiation","8/1767","32/18842",0.25,2.66581777023203,3.03387704070337,0.00798748040410808,0.0423361190459227,0.0423361190459227,"MYOCD/MIR145/EGFR/BMP2/MIR222/FZD7/SOX17/MEF2C",8
"GO:1905606","regulation of presynapse assembly","8/1767","32/18842",0.25,2.66581777023203,3.03387704070337,0.00798748040410808,0.0423361190459227,0.0423361190459227,"NTRK3/NRXN1/CBLN1/IL1RAPL2/SLITRK2/SNCA/LRFN5/SLITRK3",8
"GO:0051259","protein complex oligomerization","39/1767","280/18842",0.139285714285714,1.48524132912927,2.63156625360621,0.00802379774997461,0.0424847682926491,0.0424847682926491,"RNF112/LRRC8C/AQP4/ACACB/KCTD14/SCARA5/TP63/KCTD16/ALDH1A3/KCNA1/KCNA4/SHMT1/ITLN1/KCNJ2/PRNP/SNCA/GLRA3/NLRP1/HCN1/TRPM1/KCNA5/KCNA6/KCNC4/BOK/KCNS1/KCTD8/GRIN2B/KCTD4/RYR3/ALDH1A2/KIF25/ME1/KCNB1/TRPM6/KCNA2/KCTD12/ARC/TRPM3/PKD2",39
"GO:1904705","regulation of vascular associated smooth muscle cell proliferation","16/1767","89/18842",0.179775280898876,1.91699255387472,2.78942911131041,0.00814570383569052,0.043085823790017,0.043085823790017,"MIR221/JUN/IGF1/MYOCD/FGF2/ADAMTS1/MIR27B/ADIPOQ/RGCC/MIR222/EDN1/DDR2/NR4A3/PPARG/MEF2C/CNN1",16
"GO:0071260","cellular response to mechanical stimulus","14/1767","74/18842",0.189189189189189,2.01737560990532,2.82083755984358,0.00821366405702515,0.0433133833762322,0.0433133833762322,"ATP1A2/TLR4/FGF2/IL13/PECAM1/PTGER4/AQP1/PDE2A/KCNJ2/TEK/HABP4/BMP6/TLR3/TNFRSF8",14
"GO:0003085","negative regulation of systemic arterial blood pressure","6/1767","20/18842",0.3,3.19898132427844,3.16514454176931,0.00824775875038066,0.0433133833762322,0.0433133833762322,"MAS1/TAC1/ADRB3/ADRB2/KL/ADRB1",6
"GO:0015669","gas transport","6/1767","20/18842",0.3,3.19898132427844,3.16514454176931,0.00824775875038066,0.0433133833762322,0.0433133833762322,"HBA2/HBM/CYGB/AQP1/HBB/HBA1",6
"GO:0035358","regulation of peroxisome proliferator activated receptor signaling pathway","6/1767","20/18842",0.3,3.19898132427844,3.16514454176931,0.00824775875038066,0.0433133833762322,0.0433133833762322,"PTGIS/LMO3/TWIST1/LEP/BMP2/MIR27B",6
"GO:0140354","lipid import into cell","6/1767","20/18842",0.3,3.19898132427844,3.16514454176931,0.00824775875038066,0.0433133833762322,0.0433133833762322,"CD36/SLC27A6/SPX/PLPPR4/IRS2/ACSL1",6
"GO:1902307","positive regulation of sodium ion transmembrane transport","6/1767","20/18842",0.3,3.19898132427844,3.16514454176931,0.00824775875038066,0.0433133833762322,0.0433133833762322,"TESC/NOS1/FXYD6/FXYD2/ATP1B2/FXYD1",6
"GO:1902692","regulation of neuroblast proliferation","6/1767","20/18842",0.3,3.19898132427844,3.16514454176931,0.00824775875038066,0.0433133833762322,0.0433133833762322,"CX3CR1/PTN/TAFA1/CX3CL1/DRD2/DCT",6
"GO:0097205","renal filtration","7/1767","26/18842",0.269230769230769,2.8708806756345,3.07085283605909,0.00839868826843679,0.0440609427443221,0.0440609427443221,"JCHAIN/KIRREL1/IGHA2/MCAM/EDN1/CD34/IGHA1",7
"GO:0060041","retina development in camera-type eye","17/1767","97/18842",0.175257731958763,1.86882070490493,2.75970842980079,0.008415776642333,0.0440694417984308,0.0440694417984308,"SERPINF1/PTPRM/PTF1A/RP1L1/CRB2/NRP1/PER2/RPE65/PDGFRA/PROX1/RBP4/SLC17A7/ACVRL1/FZD4/ATP2B4/CLDN19/FOS",17
"GO:0030509","BMP signaling pathway","24/1767","153/18842",0.156862745098039,1.67266997347892,2.68747615072685,0.0084174693154713,0.0440694417984308,0.0440694417984308,"CER1/BMP5/KDR/TGFBR3/CRB2/MIR125B1/BMPER/SMAD9/BMP2/CCN1/FSTL1/RGMA/GREM2/CDH5/SOSTDC1/ZNF423/ACVRL1/BMP6/CRIM1/RBPMS2/TMEM100/CAV1/CHRDL1/PPARG",24
"GO:0031099","regeneration","23/1767","145/18842",0.158620689655172,1.69141541283688,2.68860490707608,0.00854915064851702,0.0447132767115921,0.0447132767115921,"MIR221/YAP1/CAPN3/PTN/IGF1/IL6/TGFBR3/CXCL12/CCN3/LPIN1/MAP1B/RGMA/IGFBP1/ANXA1/MSTN/MIR222/SCARF1/PTCH1/CA3/MYMX/SPAAR/APOD/EYS",23
"GO:0009952","anterior/posterior pattern specification","18/1767","105/18842",0.171428571428571,1.82798932815911,2.73690204294551,0.00859471003896921,0.0448862853810174,0.0448862853810174,"CER1/WLS/CRB2/HOXA9/HOXA3/BHLHE41/BMP2/WNT8A/HOXA4/HOXD4/HOXA5/CRIPTO3/FZD5/TBX18/HOXA6/CRIPTO/PCSK5/HOXA7",18
"GO:0006635","fatty acid beta-oxidation","13/1767","67/18842",0.194029850746269,2.06899289629949,2.81975997138314,0.00860778470322636,0.0448862853810174,0.0448862853810174,"ABCD2/ACACB/ECHDC1/TWIST1/ACADL/ACADS/ADIPOQ/IRS2/ACAA2/ABCB11/PPARA/EHHADH/HADH",13
"GO:0045165","cell fate commitment","29/1767","195/18842",0.148717948717949,1.58581980177905,2.64525023213635,0.00860844842295602,0.0448862853810174,0.0448862853810174,"NTRK3/TNXB/STAT5A/SOX5/PRDM11/IL6/FGF2/NRP1/SOCS3/BMP2/TAL1/WNT8A/TBX15/WNT10B/WNT11/GAS1/EDN1/TBX18/KLF4/PROX1/FZD7/SOX17/TCF7L2/NOTCH4/MYL2/PPARG/MEF2C/CYP26B1/EPAS1",29
"GO:0045638","negative regulation of myeloid cell differentiation","15/1767","82/18842",0.182926829268293,1.95059836846246,2.77509252172215,0.00870621587043915,0.0452282151848063,0.0452282151848063,"TLR4/HOXA9/MIR125B1/STAC2/PRDM16/ZFP36/QKI/ADIPOQ/HOXA5/TMEM178A/PF4/MEIS2/TLR3/ZBTB16/HOXA7",15
"GO:0045664","regulation of neuron differentiation","20/1767","121/18842",0.165289256198347,1.76252414560795,2.70689654154851,0.00873241767496688,0.0452282151848063,0.0452282151848063,"DMD/BRINP1/SFRP1/CXCL12/GDPD5/ADRA2B/BMP2/MAP1B/RELN/ZEB1/MMD/S100B/BIN1/DIXDC1/PROX1/NLGN1/EDNRB/DTX1/MEF2C/ALK",20
"GO:0006958","complement activation, classical pathway","9/1767","39/18842",0.230769230769231,2.46075486482957,2.93755471939975,0.00873566773039872,0.0452282151848063,0.0452282151848063,"C3/CFI/C7/MASP2/IGHA2/CR1/C6/C4BPA/IGHA1",9
"GO:0032094","response to food","9/1767","39/18842",0.230769230769231,2.46075486482957,2.93755471939975,0.00873566773039872,0.0452282151848063,0.0452282151848063,"G6PC1/GFRAL/LEP/GHR/SPX/MPO/PPARA/CPS1/CYP1A1",9
"GO:0032309","icosanoid secretion","9/1767","39/18842",0.230769230769231,2.46075486482957,2.93755471939975,0.00873566773039872,0.0452282151848063,0.0452282151848063,"ACSL4/NMB/LEP/PLA2R1/DRD2/EDN1/PLA2G4A/PLA2G2A/PLA2G5",9
"GO:0034110","regulation of homotypic cell-cell adhesion","9/1767","39/18842",0.230769230769231,2.46075486482957,2.93755471939975,0.00873566773039872,0.0452282151848063,0.0452282151848063,"HTR2A/ADAMTS18/C1QTNF1/EMILIN2/IL6/MMRN1/PRKCA/PLPP3/CTSG",9
"GO:0048146","positive regulation of fibroblast proliferation","9/1767","39/18842",0.230769230769231,2.46075486482957,2.93755471939975,0.00873566773039872,0.0452282151848063,0.0452282151848063,"IGF1/IL13/EGFR/AQP1/PDGFRA/FBLN1/DDR2/PDGFA/PDGFD",9
"GO:0045216","cell-cell junction organization","28/1767","187/18842",0.149732620320856,1.59663952013897,2.63769810097167,0.00887664587893511,0.0459118360868184,0.0459118360868185,"FERMT2/CDH8/GPBAR1/DSC1/EPHA2/CDH22/PECAM1/FRMPD2/LIMS2/CDH12/ANK2/MPDZ/CLDN5/KIRREL1/CDH13/CDH5/ACE2/PRKCA/CLDN11/ESAM/ACVRL1/BMP6/CDH20/CLDN19/NLGN4X/CAV1/TLN2/JAM3",28
"GO:0071384","cellular response to corticosteroid stimulus","12/1767","60/18842",0.2,2.13265421618563,2.8267795863664,0.00891664734771627,0.0459682713027343,0.0459682713027343,"KLF9/SERPINF1/AKR1C3/ZFP36/AQP1/FAM107A/ANXA1/PCK1/ZFP36L2/EDN1/HMGCS2/NR3C1",12
"GO:0072593","reactive oxygen species metabolic process","30/1767","204/18842",0.147058823529412,1.56812810013649,2.62453031666446,0.00892212198567331,0.0459682713027343,0.0459682713027343,"SOD3/AKR1C1/AKR1C3/TLR4/ABCD2/HBA2/GPX3/TPO/LEP/CD36/CYGB/SIRPA/PLA2R1/MIR27B/TGFBR2/SNCA/MPO/HBB/PID1/ACE2/EDN1/PRKN/HP/CAT/CRYAB/BST1/PPARA/CA3/HBA1/FBLN5",30
"GO:0071772","response to BMP","25/1767","162/18842",0.154320987654321,1.64556652483459,2.65460536090614,0.00892335796122003,0.0459682713027343,0.0459682713027343,"CER1/BMP5/KDR/SFRP1/TGFBR3/CRB2/MIR125B1/BMPER/SMAD9/BMP2/CCN1/FSTL1/RGMA/GREM2/CDH5/SOSTDC1/ZNF423/ACVRL1/BMP6/CRIM1/RBPMS2/TMEM100/CAV1/CHRDL1/PPARG",25
"GO:0071773","cellular response to BMP stimulus","25/1767","162/18842",0.154320987654321,1.64556652483459,2.65460536090614,0.00892335796122003,0.0459682713027343,0.0459682713027343,"CER1/BMP5/KDR/SFRP1/TGFBR3/CRB2/MIR125B1/BMPER/SMAD9/BMP2/CCN1/FSTL1/RGMA/GREM2/CDH5/SOSTDC1/ZNF423/ACVRL1/BMP6/CRIM1/RBPMS2/TMEM100/CAV1/CHRDL1/PPARG",25
"GO:0120178","steroid hormone biosynthetic process","10/1767","46/18842",0.217391304347826,2.31810240889742,2.87928891169454,0.00906195216748032,0.0466187924910255,0.0466187924910255,"BMP5/HSD3B1/BMP2/NR5A2/CYP11A1/EGR1/BMP6/HSD17B11/ADM/DKK3",10
"GO:1990874","vascular associated smooth muscle cell proliferation","16/1767","90/18842",0.177777777777778,1.89569263660944,2.73997345171797,0.00906779082915391,0.0466187924910255,0.0466187924910255,"MIR221/JUN/IGF1/MYOCD/FGF2/ADAMTS1/MIR27B/ADIPOQ/RGCC/MIR222/EDN1/DDR2/NR4A3/PPARG/MEF2C/CNN1",16
"GO:0006636","unsaturated fatty acid biosynthetic process","11/1767","53/18842",0.207547169811321,2.21313173377754,2.84501105533821,0.00909091670490917,0.046644303892521,0.046644303892521,"PTGIS/AKR1C3/ABCD2/PTGS2/SCD/AVP/ELOVL3/FADS3/EDN1/PLA2G4A/AVPR1A",11
"GO:1990573","potassium ion import across plasma membrane","11/1767","53/18842",0.207547169811321,2.21313173377754,2.84501105533821,0.00909091670490917,0.046644303892521,0.046644303892521,"ATP1A2/KCNJ16/FXYD6/ANK2/FXYD2/KCNJ2/HCN1/ATP1B2/ABCC9/KCNJ8/FXYD1",11
"GO:0030593","neutrophil chemotaxis","14/1767","75/18842",0.186666666666667,1.99047726843992,2.76482476549254,0.00925018573751754,0.0473668533877269,0.0473668533877269,"SLIT2/CXCR2/CXCL3/PF4V1/PPBP/EDN3/CCL21/EDN1/SAA1/PF4/BST1/CCL28/DPP4/JAM3",14
"GO:0071496","cellular response to external stimulus","14/1767","75/18842",0.186666666666667,1.99047726843992,2.76482476549254,0.00925018573751754,0.0473668533877269,0.0473668533877269,"ATP1A2/TLR4/FGF2/IL13/PECAM1/PTGER4/AQP1/PDE2A/KCNJ2/TEK/HABP4/BMP6/TLR3/TNFRSF8",14
"GO:0033500","carbohydrate homeostasis","34/1767","239/18842",0.142259414225941,1.51695069770526,2.58729814186596,0.00932096177307555,0.0476817327355737,0.0476817327355737,"CYP7A1/SERPINF1/CEBPA/IL6/PDE8B/PYGL/G6PC1/CYBRD1/GPR142/CACNA2D1/CMA1/ADCY5/ADGRF5/PCK1/NGFR/ADRA2A/ADIPOQ/FOXO1/IRS2/PRKN/RBP4/CRY2/LEPR/TCF7L2/PDK4/ACSM2A/SLC2A4/KCNB1/PPARGC1A/PIK3R1/PPARG/CAV3/GPLD1/MLXIPL",34
"GO:0007266","Rho protein signal transduction","22/1767","138/18842",0.159420289855072,1.69994176652477,2.65475286957936,0.00940545396501039,0.0480183017537708,0.0480183017537708,"MYOC/FERMT2/ARHGEF28/ARHGAP20/ARHGAP6/SYNPO2/NRP1/ABCA1/KANK1/RASIP1/CDH13/NGFR/ADRA2A/STARD8/CTNNAL1/DOCK11/TEK/ARHGEF15/DLC1/KANK2/ABRA/EPS8",22
"GO:0071675","regulation of mononuclear cell migration","22/1767","138/18842",0.159420289855072,1.69994176652477,2.65475286957936,0.00940545396501039,0.0480183017537708,0.0480183017537708,"CX3CR1/BMP5/DEFB124/JAM2/DSG4/SLIT2/NEDD9/CXCL12/CCN3/CX3CL1/CCL2/DUSP1/CD200/MSTN/CCL21/IL34/RARRES2/P2RY12/ANO6/APOD/PDGFD/JAM3",22
"GO:0033559","unsaturated fatty acid metabolic process","19/1767","114/18842",0.166666666666667,1.77721184682135,2.67754038826946,0.0095437950170954,0.0486595864462987,0.0486595864462987,"AKR1C1/PTGIS/AKR1C3/ABCD2/MGLL/GSTM2/CYP1A2/PTGS2/AKR1C2/SCD/AVP/ELOVL3/FADS3/EDN1/CYP2U1/ABHD6/PLA2G4A/AVPR1A/CYP1A1",19
"GO:0018108","peptidyl-tyrosine phosphorylation","20/1767","122/18842",0.163934426229508,1.74807722638166,2.66663343595979,0.00955001229319881,0.0486595864462987,0.0486595864462987,"DMTN/KDR/IL6/BANK1/KIT/IL13/SFRP1/NEDD9/FGF7/EGFR/PDGFRA/PKDCC/FLT4/ANGPT4/ANGPT1/DDR2/NRG1/EFEMP1/PDGFA/ALK",20
"GO:0035914","skeletal muscle cell differentiation","8/1767","33/18842",0.242424242424242,2.58503541355833,2.93158830125745,0.00969539500216962,0.0490706053861298,0.0490706053861298,"MYOCD/EGR2/KLHL40/EPHB1/S100B/MSTN/MEF2C/CYP26B1",8
"GO:0051955","regulation of amino acid transport","8/1767","33/18842",0.242424242424242,2.58503541355833,2.93158830125745,0.00969539500216962,0.0490706053861298,0.0490706053861298,"ATP1A2/LEP/PER2/AVP/RGS2/ACE2/STXBP1/AVPR1A",8
"GO:0099174","regulation of presynapse organization","8/1767","33/18842",0.242424242424242,2.58503541355833,2.93158830125745,0.00969539500216962,0.0490706053861298,0.0490706053861298,"NTRK3/NRXN1/CBLN1/IL1RAPL2/SLITRK2/SNCA/LRFN5/SLITRK3",8
"GO:2000352","negative regulation of endothelial cell apoptotic process","8/1767","33/18842",0.242424242424242,2.58503541355833,2.93158830125745,0.00969539500216962,0.0490706053861298,0.0490706053861298,"NDNF/KDR/IL13/MIR126/SEMA5A/CDH5/TEK/ANGPT1",8
"GO:0014856","skeletal muscle cell proliferation","5/1767","15/18842",0.333333333333333,3.55442369364271,3.18374221081103,0.00971666777213668,0.0490706053861298,0.0490706053861298,"FGF2/EPHB1/MSTN/ANGPT1/FOS",5
"GO:0033194","response to hydroperoxide","5/1767","15/18842",0.333333333333333,3.55442369364271,3.18374221081103,0.00971666777213668,0.0490706053861298,0.0490706053861298,"RNF112/GPX3/PRKD1/CD36/MGST1",5
"GO:0044406","adhesion of symbiont to host","5/1767","15/18842",0.333333333333333,3.55442369364271,3.18374221081103,0.00971666777213668,0.0490706053861298,0.0490706053861298,"CLEC4M/ACE2/CD209/TMPRSS2/DPP4",5
"GO:0046321","positive regulation of fatty acid oxidation","5/1767","15/18842",0.333333333333333,3.55442369364271,3.18374221081103,0.00971666777213668,0.0490706053861298,0.0490706053861298,"ABCD2/TWIST1/IRS2/PPARA/PPARGC1A",5
"GO:1900452","regulation of long-term synaptic depression","5/1767","15/18842",0.333333333333333,3.55442369364271,3.18374221081103,0.00971666777213668,0.0490706053861298,0.0490706053861298,"SHANK3/CBLN1/PENK/KCNB1/ARC",5
"GO:0071695","anatomical structure maturation","27/1767","180/18842",0.15,1.59949066213922,2.599737364861,0.00981829582784683,0.04953513494285,0.04953513494285,"MYOC/CX3CR1/IGF1/KCNIP2/EPB42/B4GALT6/RECK/C3/CX3CL1/ADGRB3/LEP/BMP2/SLC24A4/LGI4/NPR2/CCL21/EDN1/LHX6/SCARF1/ACVRL1/SLC26A3/S1PR1/EDNRB/BNC1/ZBTB16/KCNB1/PPARG",27
