"ID","Description","GeneRatio","BgRatio","RichFactor","FoldEnrichment","zScore","pvalue","p.adjust","qvalue","geneID","Count"
"GO:0071459","protein localization to chromosome, centromeric region","28/2849","37/18842",0.756756756756757,5.00484759944219,10.2916123160549,2.90220310191962e-16,1.59505082481502e-12,1.59505082481502e-12,"H4C11/KNTC1/H2AC8/H2BC11/BUB3/AURKB/RCC2/HASPIN/ZWILCH/TTK/H4C8/CENPA/H4C4/CDK1/H2AC4/H4C2/H4C12/H4C5/H4C1/KNL1/H4C13/H4C3/H4C15/MTBP/H4C6/H4C14/H4C16/H4C9",28
"GO:0061644","protein localization to CENP-A containing chromatin","18/2849","18/18842",1,6.61354861354861,10.056596243869,1.63055287695583e-15,4.48075930587462e-12,4.48075930587462e-12,"H4C11/H2AC8/H2BC11/H4C8/CENPA/H4C4/H2AC4/H4C2/H4C12/H4C5/H4C1/H4C13/H4C3/H4C15/H4C6/H4C14/H4C16/H4C9",18
"GO:0006334","nucleosome assembly","52/2849","113/18842",0.460176991150442,3.04340290180998,9.19536903807077,5.25862370671091e-15,9.63379863069438e-12,9.63379863069438e-12,"H4C11/H1-4/H3C15/H3C7/H3C1/H2AX/H2BC11/H2BC8/ATAD2/H3C3/H2BC3/H3C11/H3C14/H2BC9/H3C12/H2BC21/H3C2/H4C8/H2BC7/H4C4/H2BC4/H1-3/H3C13/MACROH2A1/H1-5/CHAF1B/CHAF1A/H2BC6/H1-1/ASF1B/H3C10/H1-6/H4C2/H4C12/H3C8/H3-4/H4C5/H4C1/H3C6/H2BC15/H2BC10/H4C13/H2BC14/H4C3/H4C15/H4C6/H4C14/H2BC13/HMGB2/H4C16/H4C9/H1-2",52
"GO:0019730","antimicrobial humoral response","71/2849","189/18842",0.375661375661376,2.48445477016906,8.65678750889633,2.76015468675306e-14,3.7924525395987e-11,3.7924525395987e-11,"CCL1/IGHG4/WFDC13/H2BC17/ACOD1/TOR2A/H2BC11/H2BC8/H2BC5/WFDC10B/H2BC3/NPY/CCL7/CXCL10/WFDC10A/CCL11/H2BC9/IGHE/H2BC21/GAPDH/WFDC3/S100A7/CCL25/PRSS2/CST9L/H2BC7/BPIFA1/CCL19/PGLYRP4/S100A9/H2BC4/CAMP/IL36RN/CXCL9/CCL20/CCL5/IGHG1/H2BC12L/LYZ/H2BC6/H2BC12/REG1A/DCD/CST9/CXCL11/IGHG3/CALCA/FGB/CCL17/DEFB126/CXCL13/H2BC19P/HRG/SLC11A1/SEMG2/H2BC26/KRT6A/H2BC15/PRTN3/H2BC10/H2BC14/IGHM/PGLYRP3/HTN1/IGHG2/H2BC18/H2BC13/F2/AZU1/KNG1/WFDC2",71
"GO:0034728","nucleosome organization","55/2849","130/18842",0.423076923076923,2.7980397980398,8.68248622108139,7.14953352159027e-14,7.85876724693202e-11,7.85876724693202e-11,"H4C11/H1-4/HMGA1/NFE2/H3C15/H3C7/H3C1/H2AX/H2BC11/H2BC8/ATAD2/H3C3/H2BC3/H3C11/H3C14/H2BC9/H3C12/H2BC21/H3C2/H4C8/H2BC7/H4C4/H2BC4/H1-3/H3C13/MACROH2A1/H1-5/CHAF1B/CHAF1A/H2BC6/H1-1/ASF1B/H3C10/H1-6/H2AC25/H4C2/H4C12/H3C8/H3-4/H4C5/H4C1/H3C6/H2BC15/H2BC10/H4C13/H2BC14/H4C3/H4C15/H4C6/H4C14/H2BC13/HMGB2/H4C16/H4C9/H1-2",55
"GO:0000280","nuclear division","122/2849","422/18842",0.289099526066351,1.91197376979367,7.99699805987654,2.09686685487948e-13,1.92073003906961e-10,1.92073003906961e-10,"KIF14/RAD51/MAJIN/PSRC1/CENPI/KIF22/TPX2/MYBL1/DLGAP5/H3Y1/KNTC1/KIFC1/CEP85/TEX11/ANLN/DMRT1/MAEL/RAD21/RMI1/DCAF13/KIF4A/BUB3/NUF2/EME1/NCAPG/TDRD12/SPIRE2/TEX14/UBE2C/CDT1/AURKB/SKA1/PRC1/KIF18B/TEX15/SGO1/CENPS/BIRC5/HASPIN/CENPK/RACGAP1/P3H4/RAD54L/ZWILCH/TTK/NCAPG2/ZWINT/KIF23/RCC1/PLK1/CENPA/KASH5/TRIP13/MAD2L1/SKA3/CENPE/PKMYT1/SPC25/H3Y2/NEK2/RAD51AP1/ESPL1/SGO2/KIF11/UBE2S/NDC80/BRIP1/STRA8/EME2/UHRF1/MND1/CDK1/MKI67/BRDT/CDCA2/NCAPH/GEN1/RRS1/SPC24/CDCA8/HORMAD1/MEIOSIN/REC8/CENPF/TUBB8/CDC25C/BUB1B/CENPX/AURKA/CCNB1/FBXO43/ASZ1/TUBG1/SYCE3/EPGN/TEX19/TDRKH/KIF15/TESMIN/KIF4B/ANAPC11/DNMT3L/MISP/KNL1/CHEK1/KNSTRN/KIF2C/PTTG3P/MAPK15/SYCP2/RAD54B/BUB1/KIF18A/HSF2BP/TOP2A/FANCD2/CDC20/BRCA2/SPAG5/PTTG1/REEP4/SMC4",122
"GO:0006959","humoral immune response","91/2849","296/18842",0.307432432432432,2.03321933727339,7.56217083602045,6.13289757524136e-12,4.8152007247895e-09,4.8152007247895e-09,"CCL1/IGHG4/WFDC13/H2BC17/ACOD1/TOR2A/H2BC11/C8G/H2BC8/H2BC5/WFDC10B/H2BC3/NPY/CCL7/SUSD4/FOXJ1/CXCL10/WFDC10A/CCL11/FCMR/CFHR4/MS4A1/H2BC9/CR1L/IGHE/H2BC21/GAPDH/WFDC3/IFNG/S100A7/CCL25/PRSS2/C4B/CST9L/H2BC7/BPIFA1/CCL19/PDCD1/GZMK/PGLYRP4/S100A9/H2BC4/CCR7/CAMP/IL36RN/CXCL9/CCL20/CCL5/IGHG1/COLEC10/C4A/H2BC12L/LYZ/H2BC6/H2BC12/REG1A/DCD/CST9/ZP4/CXCL11/IGHG3/CALCA/FGB/CCL17/DEFB126/CXCL13/H2BC19P/CFB/HRG/IFNB1/SLC11A1/SEMG2/H2BC26/KRT1/KRT6A/H2BC15/PRTN3/H2BC10/H2BC14/IGHM/PGLYRP3/HTN1/CR2/IGHG2/H2BC18/H2BC13/F2/AZU1/TREM1/KNG1/WFDC2",91
"GO:0051321","meiotic cell cycle","87/2849","281/18842",0.309608540925267,2.04761113657911,7.46768193113304,1.17286940891075e-11,8.05761283921685e-09,8.05761283921685e-09,"RAD51/MAJIN/MYBL1/DUSP13B/TEX11/DMRT1/MAEL/RAD21/RMI1/H2AX/DCAF13/BUB3/NUF2/EME1/TDRD12/SPIRE2/TEX14/SKA1/TEX15/SGO1/CENPS/FAM9A/P3H4/RAD54L/TTK/RSPH1/CDC25B/PRR19/ZWINT/SMC1B/KASH5/TRIP13/SKA3/PKMYT1/ASPM/XRCC2/NEK2/BOLL/RAD51AP1/ESPL1/SGO2/TDRD1/NDC80/BRIP1/STRA8/EME2/RAD21L1/MND1/MKI67/BRDT/CDC25A/CDCA2/NCAPH/HORMAD1/MEIOSIN/REC8/ZFP42/TUBB8/CDC25C/CENPX/AURKA/FBXO43/ASZ1/TUBG1/SYCE3/EXO1/TEX19/TDRKH/PIWIL1/TESMIN/ANAPC11/DNMT3L/KNL1/PTTG3P/MAPK15/PSMB3/SYCP2/RAD54B/HSF2BP/TOP2A/FANCD2/HUS1B/CDC20/PIWIL3/BRCA2/PTTG1/SMC4",87
"GO:1903046","meiotic cell cycle process","66/2849","192/18842",0.34375,2.27340733590734,7.4853441847938,2.35154765697849e-11,1.43601176919487e-08,1.43601176919487e-08,"RAD51/MAJIN/MYBL1/TEX11/DMRT1/MAEL/RAD21/RMI1/DCAF13/NUF2/EME1/TDRD12/SPIRE2/TEX14/SKA1/TEX15/SGO1/CENPS/P3H4/RAD54L/TTK/CDC25B/ZWINT/KASH5/TRIP13/SKA3/PKMYT1/RAD51AP1/ESPL1/SGO2/NDC80/BRIP1/STRA8/EME2/MND1/BRDT/CDC25A/NCAPH/HORMAD1/MEIOSIN/REC8/TUBB8/CDC25C/CENPX/AURKA/FBXO43/ASZ1/TUBG1/SYCE3/TEX19/TDRKH/TESMIN/DNMT3L/KNL1/PTTG3P/MAPK15/SYCP2/RAD54B/HSF2BP/TOP2A/FANCD2/HUS1B/CDC20/BRCA2/PTTG1/SMC4",66
"GO:0048285","organelle fission","126/2849","470/18842",0.268085106382979,1.77299388363218,7.16275339079752,2.61577112988256e-11,1.43762781298345e-08,1.43762781298345e-08,"KIF14/RAD51/MAJIN/PSRC1/CENPI/KIF22/TPX2/MYBL1/DLGAP5/H3Y1/KNTC1/KIFC1/CEP85/TEX11/ANLN/DMRT1/MAEL/RAD21/RMI1/DCAF13/KIF4A/BUB3/NUF2/EME1/MTFR2/NCAPG/TDRD12/SPIRE2/TEX14/UBE2C/CDT1/AURKB/SKA1/PRC1/KIF18B/TEX15/MYO19/SGO1/CENPS/BIRC5/HASPIN/CENPK/RACGAP1/P3H4/RAD54L/ZWILCH/TTK/NCAPG2/ZWINT/GDAP1/KIF23/RCC1/PLK1/CENPA/KASH5/TRIP13/MAD2L1/SKA3/CENPE/PKMYT1/SPC25/H3Y2/NEK2/RAD51AP1/ESPL1/SGO2/MTFP1/KIF11/UBE2S/NDC80/BRIP1/STRA8/EME2/UHRF1/MND1/CDK1/MKI67/BRDT/CDCA2/NCAPH/GEN1/RRS1/SPC24/CDCA8/HORMAD1/MEIOSIN/REC8/CENPF/TUBB8/CDC25C/BUB1B/CENPX/AURKA/CCNB1/FBXO43/ASZ1/TUBG1/SYCE3/EPGN/TEX19/TDRKH/KIF15/TESMIN/KIF4B/ANAPC11/DNMT3L/MISP/KNL1/CHEK1/KNSTRN/KIF2C/PTTG3P/MAPK15/SYCP2/RAD54B/BUB1/KIF18A/HSF2BP/TOP2A/FANCD2/CDC20/BRCA2/SPAG5/PTTG1/REEP4/SMC4",126
"GO:0098813","nuclear chromosome segregation","93/2849","315/18842",0.295238095238095,1.95257149542864,7.19587380637509,4.36860593777464e-11,1.93473295629325e-08,1.93473295629326e-08,"KIF14/MAJIN/PSRC1/CENPI/KIF22/TPX2/DLGAP5/H3Y1/KNTC1/KIFC1/TEX11/RAD21/DCAF13/KIF4A/BUB3/NUF2/NCAPG/TEX14/UBE2C/CDT1/AURKB/SKA1/PRC1/KIF18B/TEX15/RCC2/SGO1/BIRC5/HASPIN/CENPK/RACGAP1/P3H4/ZWILCH/TTK/CDC6/DPF1/NCAPG2/ZWINT/KIF23/RCC1/PLK1/CENPA/KASH5/TRIP13/MAD2L1/SKA3/CENPE/SPC25/H3Y2/NEK2/ESPL1/SGO2/KIF11/NDC80/UHRF1/MND1/CDK1/NCAPH/GEN1/RRS1/SPC24/CDCA8/HORMAD1/ACTL6B/CENPF/RMI2/TUBB8/BUB1B/CCNB1/TUBG1/SYCE3/KIF15/KIF4B/ANAPC11/MISP/TACC3/KNL1/KNSTRN/KIF2C/PTTG3P/MAPK15/SYCP2/BUB1/KIF18A/TOP2A/DSN1/FANCD2/SACK1D/CDC20/ECT2/SPAG5/PTTG1/SMC4",93
"GO:0045653","negative regulation of megakaryocyte differentiation","16/2849","19/18842",0.842105263157895,5.56930409561989,8.41038103814717,4.41516039543525e-11,1.93473295629325e-08,1.93473295629326e-08,"H4C11/CIB1/H4C8/H4C4/MYB/H4C2/H4C12/H4C5/H4C1/H4C13/H4C3/H4C15/H4C6/H4C14/H4C16/H4C9",16
"GO:0007059","chromosome segregation","115/2849","420/18842",0.273809523809524,1.81085259656688,7.09302350087165,4.71644761324386e-11,1.93473295629325e-08,1.93473295629326e-08,"KIF14/CENPH/MAJIN/PSRC1/CENPI/KIF22/TPX2/DLGAP5/H3Y1/KNTC1/KIFC1/CEP85/HJURP/TEX11/GPSM2/RAD21/DCAF13/KIF4A/SAC3D1/BUB3/NUF2/NCAPG/TEX14/UBE2C/CDT1/AURKB/SKA1/PRC1/KIF18B/TEX15/RCC2/SGO1/CENPS/BIRC5/HASPIN/CENPK/RACGAP1/P3H4/ZWILCH/TTK/CDC6/DPF1/NCAPG2/ZWINT/KIF23/RCC1/PLK1/CENPA/FIRRM/KASH5/TRIP13/MAD2L1/SKA3/CENPE/SPC25/CENPM/STIL/H3Y2/NEK2/ESPL1/SGO2/KIF11/CENPU/MTCL1/NDC80/UHRF1/RAD21L1/CENPO/MND1/CDK1/MKI67/CDCA2/NCAPH/GEN1/RRS1/SPC24/CDCA8/HORMAD1/ACTL6B/REC8/CENPF/RMI2/TUBB8/BUB1B/CENPX/CENPL/CCNB1/TUBG1/SYCE3/KIF15/CENPP/KIF4B/ANAPC11/MISP/TACC3/KNL1/KNSTRN/KIF2C/CENPN/PTTG3P/MAPK15/SYCP2/BUB1/KIF18A/TOP2A/DSN1/FANCD2/SACK1D/BRCA1/CDC20/ECT2/SPAG5/PTTG1/CENPW/SMC4",115
"GO:0023061","signal release","117/2849","430/18842",0.272093023255814,1.79950043670974,7.07840945018191,4.92835905897117e-11,1.93473295629325e-08,1.93473295629326e-08,"AGT/MTNR1B/TACR3/SYT9/CADPS/GRM5/TRPM5/INHA/FOXD1/PDX1/TOR2A/STXBP2/SYT1/TRPA1/ILDR1/SLC44A4/SPP1/NPY/SLC25A22/BRSK2/SLC18A3/SCRIB/RAB3A/ABAT/PLA2G3/CSPG5/FOXA2/IFNG/KCNK16/STX1A/HRH3/ABCA12/SLC4A8/NMU/PTPRN2/WNT7A/SCT/CAMP/VAMP8/KISS1R/MAFA/CHRNA6/CPLX2/IL11/CCL5/CHRNB4/PNOC/SLC30A8/SYT7/OPRK1/SNPH/KISS1/HTR1A/UNC13A/ALDOA/RIMS1/OSM/GHRH/PRRT2/HTR2C/CACNG4/SOX11/SSTR5/PPFIA3/MYB/RETN/ADORA2A/CARTPT/SYT13/CACNA1B/BAIAP3/PLA2G10/CCKAR/FGB/BMP8A/NKX6-1/TFR2/CHGA/ADAM8/GDNF/HNF4A/GHSR/PTPRN/SYT4/WNK4/KCNK9/SYNGR3/DOC2A/GDF9/RAB11FIP1/GAL/GIP/INHBA/GPR158/CAMK2A/FGG/RIMS2/PASK/BLK/PRKCG/UQCC2/SYP/SLC6A4/CDK5/CPLX4/CHRNA4/BRSK1/UCN/KCNJ11/RIMS4/KMO/SYN1/SYT5/NEUROD1/UCN3/GRM4/SLC32A1",117
"GO:0002227","innate immune response in mucosa","22/2849","34/18842",0.647058823529412,4.27935498523734,8.07773891853267,7.12037685759518e-11,2.60890608062288e-08,2.60890608062288e-08,"H2BC17/H2BC11/H2BC8/H2BC5/H2BC3/H2BC9/H2BC21/H2BC7/H2BC4/CAMP/H2BC12L/H2BC6/H2BC12/H2BC19P/BPIFB1/H2BC26/H2BC15/H2BC10/H2BC14/RNASE2/H2BC18/H2BC13",22
"GO:0000075","cell cycle checkpoint signaling","64/2849","191/18842",0.335078534031414,2.21605817417336,7.12940365943092,1.60943510842356e-10,5.52840959743494e-08,5.52840959743494e-08,"RAD51/TICRR/KNTC1/CCND1/H2AX/BUB3/NUF2/DNA2/EME1/WDR76/ORC1/TEX14/CDT1/AURKB/SKA1/BIRC5/HASPIN/BARD1/ZWILCH/TTK/CDC6/ZWINT/PLK1/MUC1/CAMSAP3/TRIP13/MAD2L1/INTS7/SKA3/SPC25/CDC45/CLSPN/TIMELESS/NDC80/BRIP1/EME2/CDK1/RFC4/CDC7/GEN1/SPC24/CDCA8/HORMAD1/CENPF/BUB1B/PARP9/CCNB1/RFC2/KNL1/CHEK1/DONSON/DBF4/TELO2/BUB1/FANCD2/E2F1/HUS1B/BRCA1/FBXO6/CDC20/BLM/BRSK1/BRCA2/DTL",64
"GO:0140013","meiotic nuclear division","58/2849","166/18842",0.349397590361446,2.31075794931217,7.15925518007631,1.81297319099381e-10,5.86123568100116e-08,5.86123568100116e-08,"RAD51/MAJIN/MYBL1/TEX11/DMRT1/MAEL/RAD21/RMI1/DCAF13/NUF2/EME1/TDRD12/SPIRE2/TEX14/SKA1/TEX15/SGO1/CENPS/P3H4/RAD54L/TTK/ZWINT/KASH5/TRIP13/SKA3/RAD51AP1/ESPL1/SGO2/NDC80/BRIP1/STRA8/EME2/MND1/BRDT/NCAPH/HORMAD1/MEIOSIN/REC8/TUBB8/CENPX/FBXO43/ASZ1/SYCE3/TEX19/TDRKH/TESMIN/DNMT3L/KNL1/PTTG3P/MAPK15/SYCP2/RAD54B/HSF2BP/TOP2A/FANCD2/BRCA2/PTTG1/SMC4",58
"GO:1905818","regulation of chromosome separation","36/2849","82/18842",0.439024390243902,2.90350914741159,7.29085914707029,4.10436914390825e-10,1.25320071193998e-07,1.25320071193998e-07,"DLGAP5/KNTC1/RAD21/BUB3/NUF2/NCAPG/TEX14/UBE2C/AURKB/SKA1/BIRC5/HASPIN/ZWILCH/TTK/NCAPG2/ZWINT/PLK1/TRIP13/MAD2L1/SKA3/SPC25/ESPL1/NDC80/NCAPH/GEN1/SPC24/CDCA8/CENPF/BUB1B/CCNB1/ANAPC11/KNL1/MAPK15/BUB1/CDC20/SMC4",36
"GO:0019731","antibacterial humoral response","37/2849","86/18842",0.430232558139535,2.84536393838719,7.23926331959129,4.75963360429129e-10,1.37678664679921e-07,1.37678664679921e-07,"IGHG4/WFDC13/H2BC17/H2BC11/H2BC8/H2BC5/WFDC10B/H2BC3/NPY/WFDC10A/H2BC9/IGHE/H2BC21/WFDC3/H2BC7/BPIFA1/H2BC4/CAMP/IGHG1/H2BC12L/H2BC6/H2BC12/DCD/IGHG3/CALCA/FGB/H2BC19P/SEMG2/H2BC26/H2BC15/H2BC10/H2BC14/IGHM/IGHG2/H2BC18/H2BC13/WFDC2",37
"GO:0000070","mitotic sister chromatid segregation","65/2849","205/18842",0.317073170731707,2.09697882868615,6.66531079195842,1.55390014062371e-09,4.27011758643395e-07,4.27011758643395e-07,"KIF14/PSRC1/CENPI/KIF22/TPX2/DLGAP5/H3Y1/KNTC1/KIFC1/RAD21/KIF4A/BUB3/NUF2/NCAPG/TEX14/UBE2C/CDT1/AURKB/SKA1/PRC1/KIF18B/BIRC5/HASPIN/CENPK/RACGAP1/ZWILCH/TTK/NCAPG2/ZWINT/KIF23/RCC1/PLK1/CENPA/TRIP13/MAD2L1/SKA3/CENPE/SPC25/H3Y2/ESPL1/KIF11/NDC80/UHRF1/CDK1/NCAPH/GEN1/RRS1/SPC24/CDCA8/CENPF/BUB1B/CCNB1/TUBG1/KIF15/KIF4B/ANAPC11/MISP/KNL1/KNSTRN/KIF2C/BUB1/KIF18A/CDC20/SPAG5/SMC4",65
"GO:0008608","attachment of spindle microtubules to kinetochore","27/2849","55/18842",0.490909090909091,3.24665113756023,7.04241311738071,3.09578186105835e-09,8.10210338494129e-07,8.10210338494129e-07,"KNTC1/BUB3/NUF2/TEX14/CDT1/AURKB/SKA1/RCC2/SGO1/BIRC5/RACGAP1/ZWILCH/SKA3/CENPE/SPC25/NEK2/NDC80/CDK1/SPC24/CDCA8/CCNB1/KNL1/KNSTRN/KIF2C/DSN1/ECT2/SPAG5",27
"GO:0010965","regulation of mitotic sister chromatid separation","31/2849","69/18842",0.449275362318841,2.97130444956532,6.9238019745301,3.35189065551998e-09,8.37363229215355e-07,8.37363229215355e-07,"DLGAP5/KNTC1/RAD21/BUB3/NUF2/TEX14/UBE2C/AURKB/SKA1/BIRC5/HASPIN/ZWILCH/TTK/ZWINT/PLK1/TRIP13/MAD2L1/SKA3/SPC25/ESPL1/NDC80/GEN1/SPC24/CDCA8/CENPF/BUB1B/CCNB1/ANAPC11/KNL1/BUB1/CDC20",31
"GO:0051304","chromosome separation","36/2849","88/18842",0.409090909090909,2.70554261463352,6.7684649792289,4.27422300863358e-09,9.79343586987284e-07,9.79343586987284e-07,"DLGAP5/KNTC1/RAD21/BUB3/NUF2/NCAPG/TEX14/UBE2C/AURKB/SKA1/BIRC5/HASPIN/ZWILCH/TTK/NCAPG2/ZWINT/PLK1/TRIP13/MAD2L1/SKA3/SPC25/ESPL1/NDC80/NCAPH/GEN1/SPC24/CDCA8/CENPF/BUB1B/CCNB1/ANAPC11/KNL1/MAPK15/BUB1/CDC20/SMC4",36
"GO:0002385","mucosal immune response","25/2849","49/18842",0.510204081632653,3.37425949670848,7.02362632152856,4.27660955016281e-09,9.79343586987284e-07,9.79343586987284e-07,"RAB17/H2BC17/H2BC11/H2BC8/H2BC5/H2BC3/H2BC9/H2BC21/H2BC7/GP2/H2BC4/CAMP/H2BC12L/H2BC6/H2BC12/IFNL2/H2BC19P/BPIFB1/H2BC26/H2BC15/H2BC10/H2BC14/RNASE2/H2BC18/H2BC13",25
"GO:0051784","negative regulation of nuclear division","31/2849","70/18842",0.442857142857143,2.92885724314296,6.82381217251302,5.14812065073173e-09,1.13176284385686e-06,1.13176284385686e-06,"KNTC1/DMRT1/RAD21/BUB3/NUF2/TEX14/AURKB/SKA1/BIRC5/HASPIN/ZWILCH/TTK/ZWINT/PLK1/TRIP13/MAD2L1/SKA3/SPC25/NDC80/GEN1/SPC24/CDCA8/HORMAD1/CENPF/BUB1B/CCNB1/FBXO43/KNL1/CHEK1/BUB1/CDC20",31
"GO:0061844","antimicrobial humoral immune response mediated by antimicrobial peptide","49/2849","142/18842",0.345070422535211,2.28214001453438,6.47279800152745,7.32229378456253e-09,1.54782025538291e-06,1.54782025538291e-06,"CCL1/H2BC17/TOR2A/H2BC11/H2BC8/H2BC5/H2BC3/NPY/CCL7/CXCL10/CCL11/H2BC9/H2BC21/GAPDH/S100A7/CCL25/H2BC7/BPIFA1/CCL19/PGLYRP4/S100A9/H2BC4/CAMP/CXCL9/CCL20/CCL5/H2BC12L/H2BC6/H2BC12/REG1A/DCD/CXCL11/CALCA/CCL17/DEFB126/CXCL13/H2BC19P/HRG/H2BC26/KRT6A/H2BC15/H2BC10/H2BC14/PGLYRP3/HTN1/H2BC18/H2BC13/F2/KNG1",49
"GO:0051306","mitotic sister chromatid separation","31/2849","71/18842",0.436619718309859,2.88760573267616,6.72558379384557,7.81964437496543e-09,1.59173205499296e-06,1.59173205499296e-06,"DLGAP5/KNTC1/RAD21/BUB3/NUF2/TEX14/UBE2C/AURKB/SKA1/BIRC5/HASPIN/ZWILCH/TTK/ZWINT/PLK1/TRIP13/MAD2L1/SKA3/SPC25/ESPL1/NDC80/GEN1/SPC24/CDCA8/CENPF/BUB1B/CCNB1/ANAPC11/KNL1/BUB1/CDC20",31
"GO:0000819","sister chromatid segregation","72/2849","246/18842",0.292682926829268,1.93567276494106,6.23469200380338,9.99024671976039e-09,1.96094271327868e-06,1.96094271327868e-06,"KIF14/PSRC1/CENPI/KIF22/TPX2/DLGAP5/H3Y1/KNTC1/KIFC1/RAD21/KIF4A/BUB3/NUF2/NCAPG/TEX14/UBE2C/CDT1/AURKB/SKA1/PRC1/KIF18B/BIRC5/HASPIN/CENPK/RACGAP1/ZWILCH/TTK/CDC6/DPF1/NCAPG2/ZWINT/KIF23/RCC1/PLK1/CENPA/TRIP13/MAD2L1/SKA3/CENPE/SPC25/H3Y2/ESPL1/KIF11/NDC80/UHRF1/CDK1/NCAPH/GEN1/RRS1/SPC24/CDCA8/ACTL6B/CENPF/RMI2/BUB1B/CCNB1/TUBG1/KIF15/KIF4B/ANAPC11/MISP/TACC3/KNL1/KNSTRN/KIF2C/MAPK15/BUB1/KIF18A/TOP2A/CDC20/SPAG5/SMC4",72
"GO:0033046","negative regulation of sister chromatid segregation","27/2849","58/18842",0.46551724137931,3.07872090630711,6.69189890900936,1.33395987880949e-08,2.29107609185529e-06,2.29107609185529e-06,"KNTC1/RAD21/BUB3/NUF2/TEX14/AURKB/SKA1/BIRC5/HASPIN/ZWILCH/TTK/ZWINT/PLK1/TRIP13/MAD2L1/SKA3/SPC25/NDC80/GEN1/SPC24/CDCA8/CENPF/BUB1B/CCNB1/KNL1/BUB1/CDC20",27
"GO:0033048","negative regulation of mitotic sister chromatid segregation","27/2849","58/18842",0.46551724137931,3.07872090630711,6.69189890900936,1.33395987880949e-08,2.29107609185529e-06,2.29107609185529e-06,"KNTC1/RAD21/BUB3/NUF2/TEX14/AURKB/SKA1/BIRC5/HASPIN/ZWILCH/TTK/ZWINT/PLK1/TRIP13/MAD2L1/SKA3/SPC25/NDC80/GEN1/SPC24/CDCA8/CENPF/BUB1B/CCNB1/KNL1/BUB1/CDC20",27
"GO:0045841","negative regulation of mitotic metaphase/anaphase transition","27/2849","58/18842",0.46551724137931,3.07872090630711,6.69189890900936,1.33395987880949e-08,2.29107609185529e-06,2.29107609185529e-06,"KNTC1/RAD21/BUB3/NUF2/TEX14/AURKB/SKA1/BIRC5/HASPIN/ZWILCH/TTK/ZWINT/PLK1/TRIP13/MAD2L1/SKA3/SPC25/NDC80/GEN1/SPC24/CDCA8/CENPF/BUB1B/CCNB1/KNL1/BUB1/CDC20",27
"GO:2000816","negative regulation of mitotic sister chromatid separation","27/2849","58/18842",0.46551724137931,3.07872090630711,6.69189890900936,1.33395987880949e-08,2.29107609185529e-06,2.29107609185529e-06,"KNTC1/RAD21/BUB3/NUF2/TEX14/AURKB/SKA1/BIRC5/HASPIN/ZWILCH/TTK/ZWINT/PLK1/TRIP13/MAD2L1/SKA3/SPC25/NDC80/GEN1/SPC24/CDCA8/CENPF/BUB1B/CCNB1/KNL1/BUB1/CDC20",27
"GO:0140014","mitotic nuclear division","79/2849","281/18842",0.281138790035587,1.85932505505459,6.12552307104699,1.42324390607902e-08,2.37034803266978e-06,2.37034803266978e-06,"KIF14/PSRC1/CENPI/KIF22/TPX2/DLGAP5/H3Y1/KNTC1/KIFC1/CEP85/ANLN/DMRT1/RAD21/KIF4A/BUB3/NUF2/NCAPG/TEX14/UBE2C/CDT1/AURKB/SKA1/PRC1/KIF18B/BIRC5/HASPIN/CENPK/RACGAP1/ZWILCH/TTK/NCAPG2/ZWINT/KIF23/RCC1/PLK1/CENPA/TRIP13/MAD2L1/SKA3/CENPE/PKMYT1/SPC25/H3Y2/NEK2/ESPL1/KIF11/UBE2S/NDC80/UHRF1/CDK1/MKI67/CDCA2/NCAPH/GEN1/RRS1/SPC24/CDCA8/CENPF/CDC25C/BUB1B/AURKA/CCNB1/FBXO43/TUBG1/EPGN/KIF15/KIF4B/ANAPC11/MISP/KNL1/CHEK1/KNSTRN/KIF2C/BUB1/KIF18A/CDC20/SPAG5/REEP4/SMC4",79
"GO:0002251","organ or tissue specific immune response","25/2849","52/18842",0.480769230769231,3.17959067959068,6.64272776920899,2.03065695678813e-08,3.2824972454434e-06,3.2824972454434e-06,"RAB17/H2BC17/H2BC11/H2BC8/H2BC5/H2BC3/H2BC9/H2BC21/H2BC7/GP2/H2BC4/CAMP/H2BC12L/H2BC6/H2BC12/IFNL2/H2BC19P/BPIFB1/H2BC26/H2BC15/H2BC10/H2BC14/RNASE2/H2BC18/H2BC13",25
"GO:0051310","metaphase chromosome alignment","40/2849","109/18842",0.36697247706422,2.42699031689857,6.30614335744201,2.4402564054205e-08,3.82817200873958e-06,3.82817200873958e-06,"KIF14/PSRC1/KIF22/H3Y1/KNTC1/KIFC1/BUB3/NUF2/TEX14/CDT1/AURKB/SKA1/RCC2/SGO1/BIRC5/RACGAP1/ZWILCH/TTK/ZWINT/CENPA/SKA3/CENPE/SPC25/H3Y2/NEK2/NDC80/CDK1/RRS1/SPC24/CDCA8/CENPF/CCNB1/KNL1/KNSTRN/KIF2C/KIF18A/DSN1/SACK1D/ECT2/SPAG5",40
"GO:0007094","mitotic spindle assembly checkpoint signaling","26/2849","56/18842",0.464285714285714,3.07057614200471,6.5493966130222,2.64684381972533e-08,3.82817200873958e-06,3.82817200873958e-06,"KNTC1/BUB3/NUF2/TEX14/AURKB/SKA1/BIRC5/HASPIN/ZWILCH/TTK/ZWINT/PLK1/TRIP13/MAD2L1/SKA3/SPC25/NDC80/GEN1/SPC24/CDCA8/CENPF/BUB1B/CCNB1/KNL1/BUB1/CDC20",26
"GO:0071173","spindle assembly checkpoint signaling","26/2849","56/18842",0.464285714285714,3.07057614200471,6.5493966130222,2.64684381972533e-08,3.82817200873958e-06,3.82817200873958e-06,"KNTC1/BUB3/NUF2/TEX14/AURKB/SKA1/BIRC5/HASPIN/ZWILCH/TTK/ZWINT/PLK1/TRIP13/MAD2L1/SKA3/SPC25/NDC80/GEN1/SPC24/CDCA8/CENPF/BUB1B/CCNB1/KNL1/BUB1/CDC20",26
"GO:0071174","mitotic spindle checkpoint signaling","26/2849","56/18842",0.464285714285714,3.07057614200471,6.5493966130222,2.64684381972533e-08,3.82817200873958e-06,3.82817200873958e-06,"KNTC1/BUB3/NUF2/TEX14/AURKB/SKA1/BIRC5/HASPIN/ZWILCH/TTK/ZWINT/PLK1/TRIP13/MAD2L1/SKA3/SPC25/NDC80/GEN1/SPC24/CDCA8/CENPF/BUB1B/CCNB1/KNL1/BUB1/CDC20",26
"GO:0051783","regulation of nuclear division","46/2849","135/18842",0.340740740740741,2.25350545350545,6.16913493717959,3.25024540803863e-08,4.3669618771387e-06,4.3669618771387e-06,"DLGAP5/KNTC1/DMRT1/RAD21/BUB3/NUF2/TEX14/UBE2C/AURKB/SKA1/BIRC5/HASPIN/ZWILCH/TTK/ZWINT/RCC1/PLK1/TRIP13/MAD2L1/SKA3/PKMYT1/SPC25/NEK2/RAD51AP1/ESPL1/NDC80/STRA8/MKI67/CDCA2/GEN1/SPC24/CDCA8/HORMAD1/MEIOSIN/CENPF/CDC25C/BUB1B/AURKA/CCNB1/FBXO43/EPGN/ANAPC11/KNL1/CHEK1/BUB1/CDC20",46
"GO:1902100","negative regulation of metaphase/anaphase transition of cell cycle","27/2849","60/18842",0.45,2.97609687609688,6.47062407807699,3.2790678157875e-08,4.3669618771387e-06,4.3669618771387e-06,"KNTC1/RAD21/BUB3/NUF2/TEX14/AURKB/SKA1/BIRC5/HASPIN/ZWILCH/TTK/ZWINT/PLK1/TRIP13/MAD2L1/SKA3/SPC25/NDC80/GEN1/SPC24/CDCA8/CENPF/BUB1B/CCNB1/KNL1/BUB1/CDC20",27
"GO:1905819","negative regulation of chromosome separation","27/2849","60/18842",0.45,2.97609687609688,6.47062407807699,3.2790678157875e-08,4.3669618771387e-06,4.3669618771387e-06,"KNTC1/RAD21/BUB3/NUF2/TEX14/AURKB/SKA1/BIRC5/HASPIN/ZWILCH/TTK/ZWINT/PLK1/TRIP13/MAD2L1/SKA3/SPC25/NDC80/GEN1/SPC24/CDCA8/CENPF/BUB1B/CCNB1/KNL1/BUB1/CDC20",27
"GO:0006836","neurotransmitter transport","62/2849","206/18842",0.300970873786408,1.99048550504861,6.03307347445757,3.33719794104486e-08,4.3669618771387e-06,4.3669618771387e-06,"SLC6A5/SLC18A1/SYT9/CHAT/CADPS/STXBP2/SYT1/NPY/SLC25A22/SLC18A3/SCRIB/RAB3A/SLC1A6/CSPG5/SLC29A3/SLC1A2/STX1A/SLC6A15/SLC17A8/HRH3/SLC4A8/PTPRN2/WNT7A/GABRQ/CPLX2/SLC1A1/CHRNB4/DRD4/PNOC/SYT7/SNPH/UNC13A/RIMS1/SLC6A17/PRRT2/SLC6A19/PPFIA3/ADORA2A/SYT13/CACNA1B/BAIAP3/GDNF/SYT4/SYNGR3/DOC2A/SLC6A9/GPR158/CAMK2A/RIMS2/PRKCG/SYP/SLC6A4/CDK5/CPLX4/BRSK1/RIMS4/KMO/SYN1/SLC6A11/SYT5/GRM4/SLC32A1",62
"GO:0050000","chromosome localization","43/2849","123/18842",0.349593495934959,2.31205358034626,6.16163594821098,3.8712604153472e-08,4.77517502521988e-06,4.77517502521988e-06,"KIF14/MAJIN/PSRC1/KIF22/DLGAP5/H3Y1/KNTC1/KIFC1/BUB3/NUF2/TEX14/CDT1/AURKB/SKA1/RCC2/SGO1/BIRC5/RACGAP1/ZWILCH/TTK/ZWINT/CENPA/KASH5/SKA3/CENPE/SPC25/H3Y2/NEK2/NDC80/CDK1/RRS1/SPC24/CDCA8/CENPF/CCNB1/KNL1/KNSTRN/KIF2C/KIF18A/DSN1/SACK1D/ECT2/SPAG5",43
"GO:0045839","negative regulation of mitotic nuclear division","28/2849","64/18842",0.4375,2.89342751842752,6.40393971786053,3.89679153710764e-08,4.77517502521988e-06,4.77517502521988e-06,"KNTC1/RAD21/BUB3/NUF2/TEX14/AURKB/SKA1/BIRC5/HASPIN/ZWILCH/TTK/ZWINT/PLK1/TRIP13/MAD2L1/SKA3/SPC25/NDC80/GEN1/SPC24/CDCA8/CENPF/BUB1B/CCNB1/KNL1/CHEK1/BUB1/CDC20",28
"GO:0007093","mitotic cell cycle checkpoint signaling","47/2849","140/18842",0.335714285714286,2.22026274883418,6.11655064420784,3.90980487872806e-08,4.77517502521988e-06,4.77517502521988e-06,"TICRR/KNTC1/CCND1/BUB3/NUF2/EME1/ORC1/TEX14/AURKB/SKA1/BIRC5/HASPIN/BARD1/ZWILCH/TTK/CDC6/ZWINT/PLK1/MUC1/TRIP13/MAD2L1/SKA3/SPC25/CLSPN/TIMELESS/NDC80/EME2/CDK1/CDC7/GEN1/SPC24/CDCA8/CENPF/BUB1B/CCNB1/KNL1/CHEK1/DONSON/DBF4/BUB1/FANCD2/HUS1B/BRCA1/CDC20/BLM/BRSK1/DTL",47
"GO:0031577","spindle checkpoint signaling","26/2849","57/18842",0.456140350877193,3.01670638512744,6.43587695264918,4.16841270422815e-08,4.98034700487781e-06,4.98034700487781e-06,"KNTC1/BUB3/NUF2/TEX14/AURKB/SKA1/BIRC5/HASPIN/ZWILCH/TTK/ZWINT/PLK1/TRIP13/MAD2L1/SKA3/SPC25/NDC80/GEN1/SPC24/CDCA8/CENPF/BUB1B/CCNB1/KNL1/BUB1/CDC20",26
"GO:0051383","kinetochore organization","19/2849","34/18842",0.558823529411765,3.69580657815952,6.64033683796496,4.54083919610563e-08,5.30988345144607e-06,5.30988345144607e-06,"CENPH/CENPI/DLGAP5/H3Y1/KNTC1/HJURP/NUF2/CENPK/CENPA/CENPE/H3Y2/OIP5/CENPO/CENPF/MIS18A/CENPX/CENPP/CENPN/CENPW",19
"GO:0051985","negative regulation of chromosome segregation","27/2849","61/18842",0.442622950819672,2.92730840271824,6.36341147536702,5.03807106680065e-08,5.76859137148674e-06,5.76859137148674e-06,"KNTC1/RAD21/BUB3/NUF2/TEX14/AURKB/SKA1/BIRC5/HASPIN/ZWILCH/TTK/ZWINT/PLK1/TRIP13/MAD2L1/SKA3/SPC25/NDC80/GEN1/SPC24/CDCA8/CENPF/BUB1B/CCNB1/KNL1/BUB1/CDC20",27
"GO:0007088","regulation of mitotic nuclear division","42/2849","120/18842",0.35,2.31474201474202,6.09801200621948,5.34154911705031e-08,5.99125590761398e-06,5.99125590761398e-06,"DLGAP5/KNTC1/DMRT1/RAD21/BUB3/NUF2/TEX14/UBE2C/AURKB/SKA1/BIRC5/HASPIN/ZWILCH/TTK/ZWINT/RCC1/PLK1/TRIP13/MAD2L1/SKA3/PKMYT1/SPC25/NEK2/ESPL1/NDC80/MKI67/CDCA2/GEN1/SPC24/CDCA8/CENPF/CDC25C/BUB1B/AURKA/CCNB1/FBXO43/EPGN/ANAPC11/KNL1/CHEK1/BUB1/CDC20",42
"GO:0033047","regulation of mitotic sister chromatid segregation","28/2849","65/18842",0.430769230769231,2.84891324891325,6.30221682040251,5.86163949295147e-08,6.44311413065225e-06,6.44311413065225e-06,"KNTC1/RAD21/BUB3/NUF2/TEX14/AURKB/SKA1/BIRC5/HASPIN/ZWILCH/TTK/ZWINT/PLK1/TRIP13/MAD2L1/SKA3/SPC25/NDC80/CDK1/GEN1/SPC24/CDCA8/CENPF/BUB1B/CCNB1/KNL1/BUB1/CDC20",28
"GO:0061982","meiosis I cell cycle process","43/2849","125/18842",0.344,2.27506072306072,6.03671934033432,6.60385126671513e-08,7.1166208944836e-06,7.1166208944836e-06,"RAD51/MAJIN/MYBL1/TEX11/RAD21/RMI1/EME1/TEX15/SGO1/CENPS/P3H4/RAD54L/CDC25B/ZWINT/KASH5/TRIP13/PKMYT1/RAD51AP1/SGO2/NDC80/BRIP1/EME2/MND1/BRDT/CDC25A/HORMAD1/REC8/CDC25C/CENPX/SYCE3/TEX19/DNMT3L/KNL1/PTTG3P/MAPK15/SYCP2/RAD54B/HSF2BP/TOP2A/FANCD2/CDC20/BRCA2/PTTG1",43
"GO:0090068","positive regulation of cell cycle process","71/2849","252/18842",0.281746031746032,1.86334107762679,5.82339449198886,6.87376329710339e-08,7.26503905401542e-06,7.26503905401542e-06,"KIF14/GIPC1/CIT/DLGAP5/CCND1/GPSM2/PLK4/DMRT1/RAD21/RXFP3/NCAPG/UBE2C/AURKB/SKA1/CCNE2/RCC2/RRM2/BIRC5/FEN1/E2F8/RACGAP1/EZH2/CDC6/CDC25B/NCAPG2/KIF23/RCC1/PLK1/MAD2L1/SKA3/LEF1/STIL/RAD51AP1/ESPL1/NDC80/STRA8/MACROH2A1/PAGR1/CDK1/CXCR5/CDC25A/CDC7/NCAPH/GEN1/CDCA8/SSTR5/MEIOSIN/E2F7/CDC25C/PKP3/AURKA/CCNE1/CCNB1/TAS2R13/EPGN/PHOX2B/ANAPC11/KNL1/MAPK15/DBF4/BUB1/MTBP/SACK1D/TERT/CDC20/ECT2/DTL/SPAG5/SMC4/PPP1R35/TBX20",71
"GO:0051983","regulation of chromosome segregation","46/2849","140/18842",0.328571428571429,2.17302311588026,5.87976261830728,1.12706736914945e-07,1.16874759638592e-05,1.16874759638592e-05,"DLGAP5/KNTC1/RAD21/BUB3/NUF2/NCAPG/TEX14/UBE2C/AURKB/SKA1/RCC2/BIRC5/HASPIN/ZWILCH/TTK/CDC6/DPF1/NCAPG2/ZWINT/PLK1/TRIP13/MAD2L1/SKA3/CENPE/SPC25/ESPL1/NDC80/CDK1/NCAPH/GEN1/SPC24/CDCA8/HORMAD1/ACTL6B/CENPF/RMI2/BUB1B/CCNB1/ANAPC11/TACC3/KNL1/KIF2C/MAPK15/BUB1/CDC20/SMC4",46
"GO:0051382","kinetochore assembly","18/2849","33/18842",0.545454545454545,3.6073901528447,6.32722631132432,1.6991085484584e-07,1.72931492265322e-05,1.72931492265322e-05,"CENPH/CENPI/DLGAP5/H3Y1/KNTC1/HJURP/CENPK/CENPA/CENPE/H3Y2/OIP5/CENPO/CENPF/MIS18A/CENPX/CENPP/CENPN/CENPW",18
"GO:1901988","negative regulation of cell cycle phase transition","73/2849","269/18842",0.271375464684015,1.79475482821208,5.54117053736089,2.32109214529746e-07,2.31940407828269e-05,2.3194040782827e-05,"RAD51/TICRR/KNTC1/CCND1/RAD21/H2AX/BUB3/NUF2/DNA2/EME1/WDR76/ORC1/TEX14/CDT1/AURKB/SKA1/SOX2/BIRC5/HASPIN/CDKN2D/BARD1/ZWILCH/TTK/CDC6/ZWINT/PLK1/MUC1/CAMSAP3/TRIP13/MAD2L1/INTS7/SKA3/PKMYT1/SPC25/SUSD2/CDC45/CLSPN/TIMELESS/NDC80/BRIP1/EME2/MACROH2A1/CDK1/RFC4/CDC7/GEN1/SPC24/CDCA8/HORMAD1/CENPF/E2F7/BUB1B/PARP9/CCNB1/RFC2/KNL1/INHBA/CHEK1/DONSON/DBF4/TELO2/GPR132/BUB1/FANCD2/E2F1/HUS1B/BRCA1/FBXO6/CDC20/BLM/BRSK1/BRCA2/DTL",73
"GO:0009914","hormone transport","75/2849","281/18842",0.266903914590747,1.76518201429233,5.45444364100396,3.27243491514231e-07,3.18232432096748e-05,3.18232432096748e-05,"AGT/MTNR1B/SLC7A8/TACR3/TRPM5/INHA/FOXD1/PDX1/TOR2A/SLC17A4/TRPA1/ILDR1/SPP1/SLC25A22/BRSK2/RAB3A/ABAT/PLA2G3/SLC7A5/FOXA2/IFNG/KCNK16/STX1A/ABCA12/NMU/PTPRN2/SCT/CAMP/VAMP8/KISS1R/MAFA/IL11/CCL5/SLC30A8/SYT7/OPRK1/KISS1/HTR1A/CRYM/ALDOA/OSM/GHRH/HTR2C/CACNG4/SOX11/SSTR5/MYB/RETN/CARTPT/BAIAP3/CCKAR/FGB/BMP8A/NKX6-1/TFR2/CHGA/HNF4A/GHSR/PTPRN/WNK4/KCNK9/GDF9/RAB11FIP1/GAL/GIP/INHBA/FGG/RIMS2/PASK/BLK/UQCC2/UCN/KCNJ11/NEUROD1/UCN3",75
"GO:0071168","protein localization to chromatin","26/2849","62/18842",0.419354838709677,2.77342361213329,5.90328523697481,3.30044552938767e-07,3.18232432096748e-05,3.18232432096748e-05,"H4C11/H2AC8/RAD21/H2BC11/AURKB/TONSL/H4C8/PLK1/CENPA/LEF1/H4C4/UHRF1/H2AC4/H4C2/H4C12/H4C5/H4C1/H4C13/H4C3/ESR1/H4C15/H4C6/H4C14/H4C16/PARP1/H4C9",26
"GO:0007218","neuropeptide signaling pathway","39/2849","115/18842",0.339130434782609,2.24285561676866,5.64246306686359,4.04769419792543e-07,3.77053005284714e-05,3.77053005284714e-05,"NPFFR2/GALR3/HCRTR2/RXFP3/AGRP/NPY/PROKR2/NPBWR1/MCHR2/SSTR2/NMU/MCHR1/NPY1R/KISS1R/GLRA1/OPRD1/PNOC/SORCS3/GPR143/OPRK1/MC2R/SSTR5/NXPH4/CARTPT/GALR2/PTH2/PYY/NPW/MC5R/NTSR1/GPR139/GPR84/GAL/SORCS1/PCSK1N/NTSR2/UCN/GRPR/CCKBR",39
"GO:0033045","regulation of sister chromatid segregation","39/2849","115/18842",0.339130434782609,2.24285561676866,5.64246306686359,4.04769419792543e-07,3.77053005284714e-05,3.77053005284714e-05,"DLGAP5/KNTC1/RAD21/BUB3/NUF2/TEX14/UBE2C/AURKB/SKA1/BIRC5/HASPIN/ZWILCH/TTK/CDC6/DPF1/ZWINT/PLK1/TRIP13/MAD2L1/SKA3/CENPE/SPC25/ESPL1/NDC80/CDK1/GEN1/SPC24/CDCA8/ACTL6B/CENPF/RMI2/BUB1B/CCNB1/ANAPC11/TACC3/KNL1/MAPK15/BUB1/CDC20",39
"GO:0044784","metaphase/anaphase transition of cell cycle","37/2849","107/18842",0.345794392523364,2.28692802524578,5.63446297559406,4.5934147244929e-07,4.2075678876355e-05,4.2075678876355e-05,"DLGAP5/KNTC1/RAD21/BUB3/NUF2/TEX14/UBE2C/AURKB/SKA1/BIRC5/HASPIN/ZWILCH/TTK/CDC6/DPF1/ZWINT/PLK1/TRIP13/MAD2L1/SKA3/CENPE/SPC25/ESPL1/NDC80/GEN1/SPC24/CDCA8/ACTL6B/CENPF/BUB1B/CCNB1/ANAPC11/TACC3/KNL1/MAPK15/BUB1/CDC20",37
"GO:1902099","regulation of metaphase/anaphase transition of cell cycle","36/2849","103/18842",0.349514563106796,2.31153155425,5.6332286749065,4.85152908668236e-07,4.37114817383709e-05,4.37114817383709e-05,"DLGAP5/KNTC1/RAD21/BUB3/NUF2/TEX14/UBE2C/AURKB/SKA1/BIRC5/HASPIN/ZWILCH/TTK/CDC6/DPF1/ZWINT/PLK1/TRIP13/MAD2L1/SKA3/CENPE/SPC25/ESPL1/NDC80/GEN1/SPC24/CDCA8/ACTL6B/CENPF/BUB1B/CCNB1/ANAPC11/KNL1/MAPK15/BUB1/CDC20",36
"GO:0045132","meiotic chromosome segregation","28/2849","71/18842",0.394366197183099,2.60816001661072,5.72991210950253,5.43181516262887e-07,4.78013398273791e-05,4.78013398273791e-05,"MAJIN/TEX11/DCAF13/NUF2/SKA1/TEX15/SGO1/P3H4/TTK/ZWINT/KASH5/TRIP13/SKA3/ESPL1/SGO2/NDC80/MND1/NCAPH/HORMAD1/TUBB8/SYCE3/KNL1/PTTG3P/MAPK15/SYCP2/FANCD2/PTTG1/SMC4",28
"GO:0045652","regulation of megakaryocyte differentiation","18/2849","35/18842",0.514285714285714,3.40125357268214,6.00130245112624,5.47941122475416e-07,4.78013398273791e-05,4.78013398273791e-05,"H4C11/CIB1/H4C8/H4C4/MYB/H4C2/H4C12/THPO/H4C5/H4C1/H4C13/H4C3/H4C15/H4C6/H4C14/HMGB2/H4C16/H4C9",18
"GO:0007091","metaphase/anaphase transition of mitotic cell cycle","36/2849","104/18842",0.346153846153846,2.28930528930529,5.56472936181677,6.34887607006825e-07,5.45209732517111e-05,5.45209732517111e-05,"DLGAP5/KNTC1/RAD21/BUB3/NUF2/TEX14/UBE2C/AURKB/SKA1/BIRC5/HASPIN/ZWILCH/TTK/CDC6/DPF1/ZWINT/PLK1/TRIP13/MAD2L1/SKA3/CENPE/SPC25/ESPL1/NDC80/GEN1/SPC24/CDCA8/ACTL6B/CENPF/BUB1B/CCNB1/ANAPC11/TACC3/KNL1/BUB1/CDC20",36
"GO:0030071","regulation of mitotic metaphase/anaphase transition","35/2849","100/18842",0.35,2.31474201474201,5.56372692061928,6.70174489654078e-07,5.66658306944432e-05,5.66658306944432e-05,"DLGAP5/KNTC1/RAD21/BUB3/NUF2/TEX14/UBE2C/AURKB/SKA1/BIRC5/HASPIN/ZWILCH/TTK/CDC6/DPF1/ZWINT/PLK1/TRIP13/MAD2L1/SKA3/CENPE/SPC25/ESPL1/NDC80/GEN1/SPC24/CDCA8/ACTL6B/CENPF/BUB1B/CCNB1/ANAPC11/KNL1/BUB1/CDC20",35
"GO:0000076","DNA replication checkpoint signaling","15/2849","26/18842",0.576923076923077,3.81550881550882,6.06335706352705,6.97521452246847e-07,5.80845136598283e-05,5.80845136598283e-05,"TICRR/DNA2/ORC1/CDT1/CDC6/CAMSAP3/CDC45/CLSPN/TIMELESS/RFC4/CDC7/RFC2/DONSON/DBF4/HUS1B",15
"GO:0006261","DNA-templated DNA replication","51/2849","171/18842",0.298245614035088,1.97246186719871,5.3916299486105,7.23931908367153e-07,5.9384026393819e-05,5.9384026393819e-05,"RAD51/TICRR/POLB/RNASEH2A/MCM2/FAM111B/DNA2/EME1/MCM4/GINS4/ORC1/CDT1/CENPS/LRWD1/FEN1/E2F8/BARD1/CDC6/TK1/MCM10/TONSL/CAMSAP3/CDC45/TIMELESS/ORC6/EME2/RFC4/CDC7/GEN1/ELOB/E2F7/MCM6/CENPX/RFC2/EXO1/POLQ/MCIDAS/DONSON/GINS1/WDHD1/DBF4/PCNA/POLA2/LIG1/BRCA1/BLM/POLE2/TRAIP/BRCA2/DTL/PARP1",51
"GO:0046879","hormone secretion","71/2849","268/18842",0.264925373134328,1.75209683418639,5.23385477246134,9.00443773802679e-07,7.27770438355812e-05,7.27770438355812e-05,"AGT/MTNR1B/TACR3/TRPM5/INHA/FOXD1/PDX1/TOR2A/TRPA1/ILDR1/SPP1/SLC25A22/BRSK2/RAB3A/ABAT/PLA2G3/FOXA2/IFNG/KCNK16/STX1A/ABCA12/NMU/PTPRN2/SCT/CAMP/VAMP8/KISS1R/MAFA/IL11/CCL5/SLC30A8/SYT7/OPRK1/KISS1/HTR1A/ALDOA/OSM/GHRH/HTR2C/CACNG4/SOX11/SSTR5/MYB/RETN/CARTPT/BAIAP3/CCKAR/FGB/BMP8A/NKX6-1/TFR2/CHGA/HNF4A/GHSR/PTPRN/WNK4/KCNK9/GDF9/RAB11FIP1/GAL/GIP/INHBA/FGG/RIMS2/PASK/BLK/UQCC2/UCN/KCNJ11/NEUROD1/UCN3",71
"GO:0065004","protein-DNA complex assembly","59/2849","210/18842",0.280952380952381,1.8580922295208,5.27772928238779,9.44693776756485e-07,7.52469130007774e-05,7.52469130007774e-05,"H4C11/RAD51/H1-4/H3C15/H3C7/DRAP1/H3C1/H2AX/H2BC11/H2BC8/ATAD2/H3C3/H2BC3/CDT1/H3C11/H3C14/H2BC9/H3C12/H2BC21/H3C2/H4C8/H2BC7/H4C4/H2BC4/CDC45/H1-3/H3C13/MACROH2A1/H1-5/CHAF1B/TAF7L/CHAF1A/H2BC6/H1-1/ASF1B/H3C10/H1-6/H4C2/H4C12/H3C8/H3-4/H4C5/H4C1/H3C6/H2BC15/H2BC10/H4C13/H2BC14/H4C3/ESR1/H4C15/H4C6/H4C14/H2BC13/HMGB2/H4C16/H4C9/TAF11L11/H1-2",59
"GO:0010948","negative regulation of cell cycle process","79/2849","309/18842",0.255663430420712,1.69084252579398,5.16795437616402,1.05207996684e-06,8.2603307110752e-05,8.2603307110752e-05,"RAD51/TICRR/KNTC1/CCND1/DMRT1/CCNF/RAD21/H2AX/BUB3/NUF2/DNA2/EME1/WDR76/ORC1/TEX14/CDT1/AURKB/SKA1/SOX2/BIRC5/HASPIN/CDKN2D/E2F8/BARD1/ZWILCH/TTK/CDC6/ZWINT/PLK1/MUC1/CAMSAP3/TRIP13/MAD2L1/INTS7/SKA3/PKMYT1/SPC25/SUSD2/NEK2/CDC45/CLSPN/ESPL1/TIMELESS/NDC80/BRIP1/EME2/MACROH2A1/CDK1/RFC4/CDC7/GEN1/SPC24/CDCA8/HORMAD1/CENPF/E2F7/BUB1B/PARP9/CCNB1/FBXO43/RFC2/KNL1/INHBA/CHEK1/DONSON/DBF4/TELO2/GPR132/BUB1/FANCD2/E2F1/HUS1B/BRCA1/FBXO6/CDC20/BLM/BRSK1/BRCA2/DTL",79
"GO:0044786","cell cycle DNA replication","19/2849","40/18842",0.475,3.14143559143559,5.72224197559244,1.2834782854867e-06,9.87712799809857e-05,9.87712799809857e-05,"RAD51/MCM2/DNA2/MCM4/CDT1/FEN1/E2F8/TK1/CDC45/CDC7/E2F7/MCM6/DONSON/GINS1/DBF4/PCNA/LIG1/BLM/BRCA2",19
"GO:0007269","neurotransmitter secretion","44/2849","142/18842",0.309859154929577,2.04926858447985,5.29716218173971,1.31191838402692e-06,9.87712799809857e-05,9.87712799809857e-05,"SYT9/CADPS/STXBP2/SYT1/NPY/SLC18A3/SCRIB/RAB3A/CSPG5/STX1A/HRH3/SLC4A8/PTPRN2/WNT7A/CPLX2/CHRNB4/PNOC/SYT7/SNPH/UNC13A/RIMS1/PRRT2/PPFIA3/ADORA2A/SYT13/CACNA1B/BAIAP3/SYT4/SYNGR3/DOC2A/GPR158/CAMK2A/RIMS2/PRKCG/SYP/CDK5/CPLX4/BRSK1/RIMS4/KMO/SYN1/SYT5/GRM4/SLC32A1",44
"GO:0099643","signal release from synapse","44/2849","142/18842",0.309859154929577,2.04926858447985,5.29716218173971,1.31191838402692e-06,9.87712799809857e-05,9.87712799809857e-05,"SYT9/CADPS/STXBP2/SYT1/NPY/SLC18A3/SCRIB/RAB3A/CSPG5/STX1A/HRH3/SLC4A8/PTPRN2/WNT7A/CPLX2/CHRNB4/PNOC/SYT7/SNPH/UNC13A/RIMS1/PRRT2/PPFIA3/ADORA2A/SYT13/CACNA1B/BAIAP3/SYT4/SYNGR3/DOC2A/GPR158/CAMK2A/RIMS2/PRKCG/SYP/CDK5/CPLX4/BRSK1/RIMS4/KMO/SYN1/SYT5/GRM4/SLC32A1",44
"GO:0007631","feeding behavior","31/2849","86/18842",0.36046511627907,2.38395357000008,5.42917530082181,1.38923667629796e-06,0.000103178983418021,0.000103178983418021,"TACR3/GALR3/HCRTR2/AGRP/NPY/ADM2/TMEM63B/NMU/MCHR1/NPY1R/STRA6/GDF15/OPRD1/PNOC/OPRK1/IAPP/HTR2C/CCK/RETN/ADORA2A/CARTPT/GALR2/PYY/OPN3/NPW/GHSR/GAL/PCSK1N/UCN/PRLH/EN1",31
"GO:0042742","defense response to bacterium","81/2849","322/18842",0.251552795031056,1.66365663881192,5.06972168864666,1.54815535707557e-06,0.000113448824566498,0.000113448824566498,"IGHG4/GSDMD/WFDC13/NLRP6/H2BC17/ISG15/H2BC11/H2BC8/H2BC5/OAS2/WFDC10B/H2BC3/NPY/ZG16B/VGF/RNASE10/WFDC10A/PRB3/H2BC9/IGHE/PYCARD/H2BC21/WFDC3/IL18/H2BC7/UMOD/BPIFA1/NOD2/ROMO1/PGLYRP4/S100A9/H2BC4/SLAMF8/CAMP/CCL20/SHARPIN/IGHG1/PGLYRP2/H2BC12L/LYZ/OAS1/LYPD8/H2BC6/H2BC12/LACRT/DCD/IL12B/IGHG3/CALCA/FGB/DEFB126/CXCL13/LCN2/CHGA/LPO/BPIFA2/H2BC19P/S100A8/CST11/SLC11A1/SEMG2/OAS3/H2BC26/GBP5/S100A14/KRT6A/H2BC15/H2BC10/H2BC14/IGHM/GSDMC/PGLYRP3/HTN1/IGHG2/H2BC18/H2BC13/HMGB2/F2/AZU1/TREM1/WFDC2",81
"GO:0045787","positive regulation of cell cycle","79/2849","312/18842",0.253205128205128,1.67458442458442,5.07118118804764,1.57944604305227e-06,0.000114218887534412,0.000114218887534412,"KIF14/GIPC1/CIT/DLGAP5/CCND1/GPSM2/PLK4/DMRT1/RAD21/RXFP3/RARA/NCAPG/UBE2C/AURKB/SKA1/CCNE2/RCC2/RRM2/BIRC5/FEN1/E2F8/RACGAP1/EZH2/CDC6/CDC25B/NCAPG2/KIF23/RCC1/PLK1/MAD2L1/SKA3/LEF1/STIL/RAD51AP1/ESPL1/FOXA1/NDC80/STRA8/MACROH2A1/PAGR1/CDK1/CXCR5/EIF4EBP1/CDC25A/CDC7/NCAPH/GEN1/CDCA8/SSTR5/MEIOSIN/CALR/E2F7/CDC25C/PKP3/AURKA/CCNE1/CCNB1/TAS2R13/EPGN/PTK6/PHOX2B/ANAPC11/KNL1/CHEK1/MAPK15/DBF4/BUB1/MAGEA4/MTBP/SACK1D/TERT/SLC6A4/CDC20/ECT2/DTL/SPAG5/SMC4/PPP1R35/TBX20",79
"GO:0007127","meiosis I","37/2849","112/18842",0.330357142857143,2.18483302411874,5.30799498576303,1.63718535181933e-06,0.000115358598635885,0.000115358598635885,"RAD51/MAJIN/MYBL1/TEX11/RAD21/RMI1/EME1/TEX15/SGO1/CENPS/P3H4/RAD54L/ZWINT/KASH5/TRIP13/RAD51AP1/SGO2/NDC80/BRIP1/EME2/MND1/BRDT/HORMAD1/REC8/CENPX/SYCE3/TEX19/DNMT3L/KNL1/PTTG3P/SYCP2/RAD54B/HSF2BP/TOP2A/FANCD2/BRCA2/PTTG1",37
"GO:0034502","protein localization to chromosome","37/2849","112/18842",0.330357142857143,2.18483302411874,5.30799498576303,1.63718535181933e-06,0.000115358598635885,0.000115358598635885,"H4C11/KNTC1/H2AC8/RAD21/H2AX/H2BC11/BUB3/AURKB/RCC2/HASPIN/ZWILCH/TTK/TONSL/H4C8/PLK1/CENPA/LEF1/H4C4/UHRF1/MACROH2A1/CDK1/H2AC4/H4C2/H4C12/H4C5/H4C1/KNL1/H4C13/H4C3/ESR1/H4C15/MTBP/H4C6/H4C14/H4C16/PARP1/H4C9",37
"GO:1902969","mitotic DNA replication","11/2849","16/18842",0.6875,4.54681467181467,5.99035680636001,1.93329367593347e-06,0.000134498506872536,0.000134498506872536,"RAD51/MCM2/MCM4/CDT1/TK1/CDC45/MCM6/GINS1/PCNA/LIG1/BRCA2",11
"GO:0071824","protein-DNA complex organization","62/2849","229/18842",0.270742358078603,1.79056774689962,5.08021246275869,1.98942788652401e-06,0.0001366736958042,0.0001366736958042,"H4C11/RAD51/H1-4/HMGA1/NFE2/H3C15/H3C7/DRAP1/H3C1/H2AX/H2BC11/H2BC8/ATAD2/H3C3/H2BC3/CDT1/H3C11/H3C14/H2BC9/H3C12/H2BC21/H3C2/H4C8/H2BC7/H4C4/H2BC4/CDC45/H1-3/H3C13/MACROH2A1/H1-5/CHAF1B/TAF7L/CHAF1A/H2BC6/H1-1/ASF1B/H3C10/H1-6/H2AC25/H4C2/H4C12/H3C8/H3-4/H4C5/H4C1/H3C6/H2BC15/H2BC10/H4C13/H2BC14/H4C3/ESR1/H4C15/H4C6/H4C14/H2BC13/HMGB2/H4C16/H4C9/TAF11L11/H1-2",62
"GO:1905820","positive regulation of chromosome separation","16/2849","31/18842",0.516129032258065,3.41344444570251,5.67603993504271,2.21187107606603e-06,0.000150079548568628,0.000150079548568628,"DLGAP5/NCAPG/UBE2C/AURKB/SKA1/BIRC5/NCAPG2/PLK1/SKA3/ESPL1/NCAPH/CDCA8/ANAPC11/MAPK15/CDC20/SMC4",16
"GO:0046883","regulation of hormone secretion","63/2849","236/18842",0.266949152542373,1.76548119768459,4.99456019496853,2.75747792517201e-06,0.000184818276545675,0.000184818276545675,"AGT/MTNR1B/TACR3/TRPM5/INHA/PDX1/TRPA1/ILDR1/SPP1/SLC25A22/BRSK2/ABAT/PLA2G3/FOXA2/IFNG/KCNK16/STX1A/ABCA12/NMU/SCT/CAMP/VAMP8/KISS1R/IL11/CCL5/SLC30A8/SYT7/OPRK1/KISS1/HTR1A/ALDOA/OSM/GHRH/HTR2C/CACNG4/SOX11/SSTR5/MYB/RETN/CARTPT/BAIAP3/CCKAR/FGB/BMP8A/NKX6-1/TFR2/CHGA/HNF4A/GHSR/KCNK9/GDF9/RAB11FIP1/GAL/GIP/INHBA/FGG/PASK/BLK/UQCC2/UCN/KCNJ11/NEUROD1/UCN3",63
"GO:1901987","regulation of cell cycle phase transition","106/2849","459/18842",0.230936819172113,1.52731188025306,4.82724049390087,3.32255615549528e-06,0.000220009260609664,0.000220009260609664,"KIF14/RAD51/TICRR/DLGAP5/KNTC1/CCND1/ANLN/UBD/RAD21/H2AX/BUB3/NUF2/DNA2/EME1/WDR76/ORC1/TEX14/UBE2C/CDT1/AURKB/SKA1/CCNE2/RCC2/SOX2/RRM2/BIRC5/HASPIN/CDKN2D/BARD1/ZWILCH/EZH2/TTK/CDC6/PSME2/CDC25B/DPF1/ZWINT/PLK1/MUC1/CAMSAP3/TRIP13/MAD2L1/INTS7/SKA3/CENPE/PKMYT1/SPC25/SUSD2/STIL/CDC45/TM4SF5/CLSPN/ESPL1/TIMELESS/NDC80/BRIP1/EME2/MACROH2A1/PAGR1/CDK1/RFC4/CDC25A/CDC7/SIX3/GEN1/SPC24/CDCA8/HORMAD1/ACTL6B/CENPF/E2F7/CDC25C/BUB1B/CDKN2A/PKP3/AURKA/CCNE1/PARP9/CCNB1/RFC2/PHOX2B/ANAPC11/KNL1/INHBA/CHEK1/DONSON/MAPK15/PSMB3/DBF4/TELO2/GPR132/BUB1/MTBP/FANCD2/SACK1D/E2F1/HUS1B/TERT/BRCA1/CDK5/FBXO6/CDC20/BLM/BRSK1/BRCA2/DTL",106
"GO:0033260","nuclear DNA replication","17/2849","36/18842",0.472222222222222,3.12306462306462,5.38145209943098,5.14200908446375e-06,0.0003364343086692,0.0003364343086692,"RAD51/MCM2/DNA2/MCM4/CDT1/FEN1/TK1/CDC45/CDC7/MCM6/DONSON/GINS1/DBF4/PCNA/LIG1/BLM/BRCA2",17
"GO:0051988","regulation of attachment of spindle microtubules to kinetochore","13/2849","23/18842",0.565217391304348,3.73809269461443,5.54558063114709,5.38287441971141e-06,0.000348050327185105,0.000348050327185105,"KNTC1/AURKB/RCC2/BIRC5/RACGAP1/ZWILCH/NEK2/CDK1/CDCA8/CCNB1/KNSTRN/ECT2/SPAG5",13
"GO:0031570","DNA integrity checkpoint signaling","38/2849","122/18842",0.311475409836066,2.0599577648758,4.95734089632463,5.87597204442146e-06,0.00037551560879233,0.00037551560879233,"RAD51/TICRR/CCND1/H2AX/DNA2/EME1/WDR76/ORC1/CDT1/BARD1/CDC6/PLK1/MUC1/CAMSAP3/INTS7/CDC45/CLSPN/TIMELESS/BRIP1/EME2/CDK1/RFC4/CDC7/PARP9/RFC2/CHEK1/DONSON/DBF4/TELO2/FANCD2/E2F1/HUS1B/BRCA1/FBXO6/BLM/BRSK1/BRCA2/DTL",38
"GO:0060078","regulation of postsynaptic membrane potential","42/2849","141/18842",0.297872340425532,1.96999320403576,4.87954203414541,6.89619734424461e-06,0.000435649432229522,0.000435649432229522,"GRIN2C/INSYN2A/GRM5/SYT1/GABRA5/ABAT/P2RX5/STX1A/CHRNA1/CHRNA5/CHRND/GABRG2/GRIK4/WNT7A/CHRNG/CHRNA6/GLRA1/SLC8A2/RGS7/CHRNB4/DRD4/PNOC/KCNK1/HTR3A/RIMS1/GRIA2/MAPK8IP2/GABRD/ADORA2A/GRIN2D/P2RX2/RGS4/CHRNB3/GRIN3B/NTSR1/INSYN1/GABRA3/GABRA1/CHRNA9/RIMS2/GRIN1/CHRNA4",42
"GO:0044771","meiotic cell cycle phase transition","10/2849","15/18842",0.666666666666667,4.40903240903241,5.57467340375942,8.8758502478326e-06,0.000554337192751,0.000554337192751,"TTK/CDC25B/ZWINT/PKMYT1/NDC80/CDC25A/CDC25C/KNL1/MAPK15/CDC20",10
"GO:0016079","synaptic vesicle exocytosis","32/2849","98/18842",0.326530612244898,2.15952607789342,4.85730809471029,1.05990635045599e-05,0.000654521944056865,0.000654521944056865,"SYT9/CADPS/STXBP2/SYT1/NPY/SCRIB/RAB3A/CSPG5/STX1A/SLC4A8/WNT7A/CPLX2/SYT7/SNPH/UNC13A/RIMS1/PRRT2/PPFIA3/SYT13/CACNA1B/SYT4/SYNGR3/DOC2A/RIMS2/PRKCG/SYP/CDK5/CPLX4/BRSK1/RIMS4/SYN1/SYT5",32
"GO:0006260","DNA replication","76/2849","313/18842",0.242811501597444,1.60584566974343,4.56185437038306,1.26309275589725e-05,0.000767893545449578,0.000767893545449578,"RAD51/TICRR/POLB/RNASEH2A/RMI1/MCM2/FAM111B/DNA2/EME1/MCM4/GINS4/ORC1/CDT1/CENPS/LRWD1/FEN1/PARP10/CCNA2/E2F8/BARD1/CDC6/TK1/MCM10/TYMS/TONSL/CAMSAP3/CHTF18/CDC45/S100A11/TIMELESS/ORC6/PCLAF/STRA8/EME2/CHAF1B/CDK1/RFC4/CDC25A/RUVBL1/CDC7/CHAF1A/GEN1/ELOB/ENPP7/DSCC1/E2F7/RMI2/MCM6/CENPX/RFC2/EXO1/GINS2/POLQ/TFPT/PTMS/PTK6/CHEK1/MCIDAS/DONSON/GINS1/WDHD1/DBF4/PCNA/POLA2/LIG1/BRCA1/BLM/POLE2/UCN/KCTD13/ESCO2/TRAIP/BRCA2/DTL/PARP1/RECQL4",76
"GO:0010669","epithelial structure maintenance","17/2849","38/18842",0.447368421052632,2.95869280079806,5.10112816099418,1.2714394584409e-05,0.000767893545449578,0.000767893545449578,"LSR/MUC13/VSIG1/HSPB1/ILDR1/TFF1/SCRIB/INAVA/NOD2/LACRT/FREM2/MUC2/MUC6/CRACD/PKP3/TFF3/NEUROD1",17
"GO:0031507","heterochromatin formation","58/2849","223/18842",0.260089686098655,1.72011578289605,4.56572569480538,1.57242559890505e-05,0.0009393533795198,0.0009393533795198,"DNMT1/H3Y1/H3C15/H2AC8/H3C7/MAEL/H3C1/H2AX/H2AC12/TDRD12/H3C3/H2AC13/TEX15/H3C11/H3C14/H2AC16/H3C12/EZH2/H2AC21/H2AZ1/CDKN2B-AS1/H2AC11/H3C2/CENPA/PCGF2/H3Y2/H2AC6/OIP5/H3C13/TDRD1/H2AC17/H2AJ/UHRF1/MACROH2A1/CBX8/H2AP/H2AC4/HELLS/HMGA2/EPOP/H3C10/H2AC25/MIS18A/C19orf84/SPOCD1/H3C8/H3-4/PIWIL1/H2AL3/CBX2/H3C6/H2AC7/DNMT3L/H2AC20/CBX4/LMNB2/LMNB1/H1-2",58
"GO:0045109","intermediate filament organization","26/2849","74/18842",0.351351351351351,2.32367924259816,4.81529448146875,1.63200615918551e-05,0.000954793730198337,0.000954793730198337,"KRT2/KRT16/KRT20/BFSP2/KRT19/KRT73/KRT35/KRT75/KRT38/EPPK1/KRT31/KRT36/KRT86/KRT34/INA/NEFL/KRT78/KRT37/KRT24/KRT81/KRT3/NEFH/KRT1/KRT6A/KRT72/KRT85",26
"GO:0051231","spindle elongation","9/2849","13/18842",0.692307692307692,4.57861057861058,5.44760638981425,1.63301693301753e-05,0.000954793730198337,0.000954793730198337,"KIF4A/AURKB/PRC1/BIRC5/RACGAP1/KIF23/KIF11/CDCA8/KIF4B",9
"GO:0001708","cell fate specification","25/2849","70/18842",0.357142857142857,2.36198164769593,4.8183487810342,1.70836181082402e-05,0.000988332264451453,0.000988332264451453,"POU3F2/CHD4/SOX2/IHH/MYT1L/OLIG2/HOXA11/SHH/FOXA2/WNT3A/DKK1/SIX2/TBX10/ISL2/MNX1/ESRP1/PAX2/FOXI3/POU4F1/EOMES/TBX1/PRDM12/ASCL1/TBR1/TBX20",25
"GO:0010817","regulation of hormone levels","108/2849","487/18842",0.2217659137577,1.46665965146458,4.40373086710967,1.80636824877797e-05,0.00101819649812907,0.00101819649812907,"CYP21A2/AGT/MTNR1B/SLC7A8/RDH16/TACR3/IYD/SDR16C5/TRPM5/RBP1/INHA/FOXD1/PDX1/PCSK1/TOR2A/SLC17A4/TRPA1/ILDR1/SPP1/CHST8/SLC25A22/CLCN2/BRSK2/RAB3A/UGT2B10/ABAT/PLA2G3/CYP2W1/SHH/SLC7A5/FOXA2/IFNG/KCNK16/STX1A/DIO1/CPA4/ABCA12/HSD17B7/HSD17B6/NMU/PTPRN2/UGT1A6/SCT/CAMP/VAMP8/KISS1R/PNLIP/MAFA/IL11/CCL5/SLC30A8/SYT7/OPRK1/HSD17B1/KISS1/HTR1A/CRYM/MC2R/ALDOA/OSM/GHRH/HTR2C/CACNG4/SOX11/SSTR5/SLC5A5/DHRS2/MYB/HPN/RETN/CEL/CARTPT/BAIAP3/CORIN/CCKAR/TG/FGB/BMP8A/NKX6-1/TFR2/CHGA/HNF4A/PCSK6/GHSR/CACNA1H/PCSK2/PTPRN/WNK4/KCNK9/GDF9/RAB11FIP1/GAL/GIP/INHBA/FGG/RIMS2/PASK/BLK/SRD5A2/UQCC2/UCN/KCNJ11/UGT2B4/NEUROD1/UCN3/UGT2B17/PCSK4/GATA3",108
"GO:0048663","neuron fate commitment","13/2849","25/18842",0.52,3.43904527904528,5.15048237562877,1.81556144135096e-05,0.00101819649812907,0.00101819649812907,"FOXN4/POU3F2/MYT1L/SHH/EPOP/ISL2/MNX1/ESRP1/PAX6/POU4F1/PRDM12/ASCL1/TBR1",13
"GO:0099188","postsynaptic cytoskeleton organization","13/2849","25/18842",0.52,3.43904527904528,5.15048237562877,1.81556144135096e-05,0.00101819649812907,0.00101819649812907,"SH3GL2/POTEE/SRCIN1/ACTN2/POTEJ/EZR/INA/NEFL/POTEI/NEFH/ACTL8/KIF2C/RAC3",13
"GO:0060080","inhibitory postsynaptic potential","11/2849","19/18842",0.578947368421053,3.82889656573867,5.20694126227562,2.14856888341804e-05,0.00119278127103692,0.00119278127103692,"INSYN2A/SYT1/ABAT/GLRA1/DRD4/PNOC/RIMS1/NTSR1/INSYN1/RIMS2/CHRNA4",11
"GO:0035825","homologous recombination","25/2849","71/18842",0.352112676056338,2.32871430054529,4.73424042515948,2.26114491290605e-05,0.00124272524413317,0.00124272524413317,"RAD51/TEX11/RAD21/RMI1/EME1/CENPS/BARD1/RAD54L/FIRRM/TRIP13/RAD51AP1/BRIP1/EME2/UHRF1/MND1/REC8/CENPX/SYCE3/TEX19/SYCP2/RAD54B/HSF2BP/TOP2A/FANCD2/BRCA1",25
"GO:0045814","negative regulation of gene expression, epigenetic","63/2849","252/18842",0.25,1.65338715338715,4.40721662477855,2.63240400252992e-05,0.00143244479187173,0.00143244479187173,"DNMT1/H3Y1/H3C15/SDR16C5/H2AC8/H3C7/MAEL/H3C1/H2AX/H2AC12/TDRD12/H3C3/H2AC13/TEX15/H3C11/H3C14/H2AC16/H3C12/EZH2/H2AC21/H2AZ1/CDKN2B-AS1/LHX2/H2AC11/H3C2/CENPA/PCGF2/H3Y2/H2AC6/OIP5/H3C13/TDRD1/H2AC17/H2AJ/UHRF1/MACROH2A1/CBX8/H2AP/H2AC4/HELLS/HMGA2/EPOP/H3C10/WT1/H2AC25/MIS18A/C19orf84/SPOCD1/H3C8/H3-4/PIWIL1/H2AL3/CBX2/H3C6/H2AC7/DNMT3L/H2AC20/CHEK1/CBX4/BRCA1/LMNB2/LMNB1/H1-2",63
"GO:0045104","intermediate filament cytoskeleton organization","29/2849","89/18842",0.325842696629214,2.15497651452708,4.60962939728641,2.82333403420077e-05,0.00151446541783904,0.00151446541783904,"KRT2/KRT16/KRT20/BFSP2/KRT19/KRT73/KRT18/KRT35/KRT75/KRT38/EPPK1/KRT31/EVPL/KRT36/KRT86/KRT34/INA/NEFL/KRT78/KRT37/KRT24/KRT81/KRT3/NEFH/SACK1H/KRT1/KRT6A/KRT72/KRT85",29
"GO:0001501","skeletal system development","80/2849","341/18842",0.234604105571848,1.5515656571375,4.3382046547564,2.83824486967651e-05,0.00151446541783904,0.00151446541783904,"COL1A1/SULF1/LHX1/ATP6AP1/INHA/CHRD/MMP13/PITX1/CDH11/COL3A1/DLX4/MBOAT2/COL10A1/WNT7B/MATN3/IHH/AMELX/TIFAB/PAX1/HOXA11/MEPE/P2RX5/FBN2/COL13A1/COL2A1/SCX/SULF2/HOXD13/DLX5/WNT7A/OTOR/CCN4/TEAD4/CCDC154/SIX2/ACAN/HAPLN1/FGFR3/RUNX2/SLC2A10/NCAN/TIMP1/HSD17B1/BMPR1B/HMGA2/ATG9B/NKX3-2/DLX1/SOX11/FGF4/COL5A1/EPYC/TRPS1/HOXC4/DLL3/BMP8A/AHSG/CLEC3A/COMP/HOXB9/MMP14/HYAL3/EBP/MDK/HOXC11/DLX3/COL1A2/DLX6/COL11A1/SRD5A2/BMP8B/VCAN/IFITM5/DLX2/NOTUM/IRX5/TBX1/EN1/ZIC3/GATA3",80
"GO:0034080","CENP-A containing chromatin assembly","8/2849","11/18842",0.727272727272727,4.80985353712626,5.33459141864365,2.90531206992763e-05,0.0015207233463164,0.0015207233463164,"CENPI/HJURP/CENPA/OIP5/MIS18A/CENPP/CENPN/CENPW",8
"GO:0051256","mitotic spindle midzone assembly","8/2849","11/18842",0.727272727272727,4.80985353712626,5.33459141864365,2.90531206992763e-05,0.0015207233463164,0.0015207233463164,"KIF4A/AURKB/PRC1/BIRC5/RACGAP1/KIF23/CDCA8/KIF4B",8
"GO:0070828","heterochromatin organization","59/2849","233/18842",0.253218884120172,1.67467539999729,4.37365526445655,3.13856732354714e-05,0.0016273175481335,0.0016273175481335,"DNMT1/H3Y1/H3C15/H2AC8/H3C7/MAEL/H3C1/H2AX/H2AC12/TDRD12/H3C3/H2AC13/TEX15/H3C11/H3C14/H2AC16/H3C12/EZH2/H2AC21/H2AZ1/CDKN2B-AS1/H2AC11/H3C2/CENPA/PCGF2/H3Y2/H2AC6/OIP5/H3C13/TDRD1/H2AC17/H2AJ/UHRF1/MACROH2A1/CBX8/CDK1/H2AP/H2AC4/HELLS/HMGA2/EPOP/H3C10/H2AC25/MIS18A/C19orf84/SPOCD1/H3C8/H3-4/PIWIL1/H2AL3/CBX2/H3C6/H2AC7/DNMT3L/H2AC20/CBX4/LMNB2/LMNB1/H1-2",59
"GO:0045103","intermediate filament-based process","29/2849","90/18842",0.322222222222222,2.13103233103233,4.53947582836398,3.56983417378516e-05,0.00183362697374983,0.00183362697374983,"KRT2/KRT16/KRT20/BFSP2/KRT19/KRT73/KRT18/KRT35/KRT75/KRT38/EPPK1/KRT31/EVPL/KRT36/KRT86/KRT34/INA/NEFL/KRT78/KRT37/KRT24/KRT81/KRT3/NEFH/SACK1H/KRT1/KRT6A/KRT72/KRT85",29
"GO:0006310","DNA recombination","79/2849","338/18842",0.233727810650888,1.54577023807793,4.27335153315924,3.6426645269391e-05,0.00185371150370901,0.00185371150370901,"RAD51/H1-4/AUNIP/MRGBP/TEX11/KPNA2/KMT5C/RAD21/RMI1/MCM2/H2AX/TNFSF4/EME1/MCM4/GINS4/CHD4/TEX15/CENPS/FEN1/BARD1/RAD54L/PARPBP/TONSL/PLK1/FIRRM/PIF1/TRIP13/XRCC2/RAD51AP1/CDC45/H1-3/TIMELESS/BRIP1/EME2/UHRF1/RAD21L1/H1-5/MND1/PAGR1/HELLS/HMGB3/RUVBL1/CDC7/TFRC/NCAPH/GEN1/H1-1/REC8/RMI2/H1-6/MCM6/CENPX/SYCE3/EXO1/GINS2/TEX19/POLQ/TFPT/CHEK1/PGBD5/SYCP2/RAD54B/BATF/FANCB/HSF2BP/TOP2A/FANCD2/HUS1B/TERT/LIG1/BRCA1/BLM/PPP4C/BRCA2/HMGB2/PARP1/RECQL4/SMC4/H1-2",79
"GO:0017158","regulation of calcium ion-dependent exocytosis","16/2849","37/18842",0.432432432432432,2.85991291396697,4.77958328672434,3.83060363777622e-05,0.00193146766910258,0.00193146766910258,"SYT9/SYT10/SYT1/RAB3A/STX1A/SYT17/CBARP/SYT7/SYT13/CACNA1B/BAIAP3/SYT4/HYAL3/DOC2A/CDK5/SYT5",16
"GO:0042391","regulation of membrane potential","94/2849","419/18842",0.224343675417661,1.48370780351687,4.22613299471901,3.87814609568083e-05,0.00193766281289653,0.00193766281289653,"AGT/MTNR1B/KCNG1/MLLT11/GRIN2C/INSYN2A/GRM5/HCN4/SYT1/TRPA1/BAK1/ATP1A3/GABRA5/CLCN2/BAX/ABAT/KCNS3/KCNH1/KCNV1/CACNA1D/P2RX5/ASIC5/PYCR1/KCNK16/STX1A/CHRNA1/CHRNA5/CHRND/KCNF1/KCNH2/PMAIP1/ACTN2/SLC34A1/SLC4A8/HCN2/GABRG2/GRIK4/WNT7A/CHRNG/KISS1R/CHRNA6/GLRA1/SLC8A2/RGS7/CHRNB4/OPRD1/KCNC2/DRD4/KCNQ2/PNOC/KCNK1/HTR3A/KCNG2/KISS1/RIMS1/GRIA2/UNC80/MAPK8IP2/CACNB3/GABRD/KCNH6/ADORA2A/KCNG3/KCNK5/KCNG4/KCNJ3/GRIN2D/CDKN2A/P2RX2/RGS4/CHRNB3/CACNA1H/GRIN3B/NTSR1/INSYN1/KCNK9/NALF1/GABRA3/ASIC3/KCNE4/GABRA1/CHRNA9/RIMS2/SCN1A/SLC6A4/KCNC1/GRIN1/CHRNA4/KCNJ11/RIMS4/IFI6/CNR2/PARP1/UCN3",94
"GO:0050795","regulation of behavior","28/2849","86/18842",0.325581395348837,2.15324838580653,4.52413129143706,3.91672133356674e-05,0.00193930634678224,0.00193930634678224,"AIM2/MTNR1B/TACR3/HCRTR2/AGRP/NPY/EPHB2/NMU/MCHR1/NPY1R/STRA6/OPRK1/HTR1D/HTR1A/GHRH/RETN/ADORA2A/CARTPT/BAIAP3/PYY/OPN3/GHSR/NTSR1/MDK/PCSK1N/UCN/PARP1/GRPR",28
"GO:0045786","negative regulation of cell cycle","87/2849","382/18842",0.227748691099476,1.50622704025845,4.21885309743932,4.18127300391117e-05,0.0020518103954907,0.0020518103954907,"RAD51/TICRR/BRINP2/KNTC1/CCND1/INHA/DMRT1/CCNF/RAD21/H2AX/BUB3/NUF2/DNA2/EME1/WDR76/ORC1/TEX14/CDT1/AURKB/SKA1/SCRIB/SOX2/BIRC5/HASPIN/CDKN2D/E2F8/BARD1/ZWILCH/TTK/CDC6/ZWINT/PLK1/MUC1/CAMSAP3/TRIP13/MAD2L1/INTS7/SKA3/PKMYT1/SPC25/SUSD2/NEK2/CDC45/CLSPN/ESPL1/TIMELESS/BRINP3/NDC80/BRIP1/EME2/MACROH2A1/CDK1/RFC4/CDC7/GEN1/SPC24/CDCA8/HORMAD1/CENPF/E2F7/BUB1B/CDKN2A/PARP9/CCNB1/FBXO43/RFC2/NHERF1/KNL1/INHBA/CHEK1/DONSON/DBF4/TELO2/GPR132/BUB1/FANCD2/E2F1/HUS1B/BRCA1/FBXO6/CDC20/BLM/BRSK1/BRCA2/DTL/NUPR2/GATA3",87
"GO:0050804","modulation of chemical synaptic transmission","106/2849","486/18842",0.218106995884774,1.442461220239,4.17097468155648,4.43859499121749e-05,0.00215880690900277,0.00215880690900277,"GIPC1/GRIN2C/GRM5/SHISA8/ZDHHC12/ARF1/SYT1/CDH11/RARA/NPY/VGF/SLC18A3/RAB3A/LAMP5/CSPG5/SHISA9/LRP8/EPHB2/STX1A/CHRNA1/CHRNA5/MIR320C1/C1QL4/GRM8/WNT3A/PLG/CBLN2/AKAP5/SLC4A8/GABRG2/NTNG1/NXPH1/GRIK4/NMU/DKK1/WNT7A/SCT/MIR342/CACNG5/RASGRF1/JPH3/CHRNA6/CPLX2/SLC8A2/SLC1A1/SLC4A10/CHRNB4/C1QL1/CAMKV/PNOC/NETO1/SYT7/SORCS3/INA/NEFL/UNC13A/RIMS1/GRIA2/MAPK8IP2/LRFN2/PRRT2/CACNG4/PMCHL2/NXPH4/PPFIA3/RETN/ADORA2A/SYT13/TNR/CACNA1B/BAIAP3/APBA2/SLC24A2/GRIN2D/RGS4/NEFH/CHRNB3/GHSR/HOMER3/GRIN3B/SYT4/NEURL1/SLC6A9/DLGAP3/GPR158/CAMK2A/RIMS2/PRKCG/PCDH8/SYP/SLC6A4/GRIN1/CDK5/CPLX4/CDC20/CHRNA4/BRSK1/UCN/RIMS4/KMO/CFL1/KCTD13/SYN1/CNR2/SYT5/GRM4",106
"GO:0099177","regulation of trans-synaptic signaling","106/2849","488/18842",0.217213114754098,1.43654949392654,4.12392983173634,5.2867861181457e-05,0.00254878741274813,0.00254878741274813,"GIPC1/GRIN2C/GRM5/SHISA8/ZDHHC12/ARF1/SYT1/CDH11/RARA/NPY/VGF/SLC18A3/RAB3A/LAMP5/CSPG5/SHISA9/LRP8/EPHB2/STX1A/CHRNA1/CHRNA5/MIR320C1/C1QL4/GRM8/WNT3A/PLG/CBLN2/AKAP5/SLC4A8/GABRG2/NTNG1/NXPH1/GRIK4/NMU/DKK1/WNT7A/SCT/MIR342/CACNG5/RASGRF1/JPH3/CHRNA6/CPLX2/SLC8A2/SLC1A1/SLC4A10/CHRNB4/C1QL1/CAMKV/PNOC/NETO1/SYT7/SORCS3/INA/NEFL/UNC13A/RIMS1/GRIA2/MAPK8IP2/LRFN2/PRRT2/CACNG4/PMCHL2/NXPH4/PPFIA3/RETN/ADORA2A/SYT13/TNR/CACNA1B/BAIAP3/APBA2/SLC24A2/GRIN2D/RGS4/NEFH/CHRNB3/GHSR/HOMER3/GRIN3B/SYT4/NEURL1/SLC6A9/DLGAP3/GPR158/CAMK2A/RIMS2/PRKCG/PCDH8/SYP/SLC6A4/GRIN1/CDK5/CPLX4/CDC20/CHRNA4/BRSK1/UCN/RIMS4/KMO/CFL1/KCTD13/SYN1/CNR2/SYT5/GRM4",106
"GO:0043062","extracellular structure organization","67/2849","279/18842",0.240143369175627,1.58819984626436,4.1776894820477,5.77085962776552e-05,0.00275796908819124,0.00275796908819124,"AGT/CARMIL2/COL1A1/MMP9/SULF1/PLAU/MMP11/MMP13/MMP25/COL3A1/APLP1/TEX14/COL24A1/MMP8/COL10A1/COL22A1/MATN3/TMPRSS6/P4HA1/P3H4/ADAMTS20/FGFR4/MMP12/COL5A2/COL13A1/PRSS2/COL2A1/IBSP/AEBP1/SCX/ADAMTSL2/PLG/CREB3L1/SULF2/ADAMTS19/ADAMTS14/PRSS1/ZNF469/DMP1/ADAMTS6/MMP10/KLK4/SLC2A10/COL6A5/GDPD2/PLAUR/WT1/COL5A1/HPN/COL9A3/NPNT/NPHS1/LOXL1/FAP/COL12A1/ADAM8/MMP1/MMP14/PXDNL/COL1A2/COL11A1/COL8A1/TLL2/COL9A1/POSTN/MMP26/MMP3",67
"GO:0010389","regulation of G2/M transition of mitotic cell cycle","30/2849","97/18842",0.309278350515464,2.04542740625215,4.35682641042942,6.27612979662029e-05,0.00297358701398492,0.00297358701398492,"KIF14/TICRR/CCND1/RAD21/ORC1/AURKB/RCC2/BARD1/CDC6/CDC25B/PLK1/PKMYT1/CLSPN/CDK1/CDC25A/CDC7/CENPF/CDC25C/AURKA/CCNB1/PHOX2B/CHEK1/DONSON/DBF4/GPR132/HUS1B/BRCA1/BLM/BRSK1/DTL",30
"GO:0031630","regulation of synaptic vesicle fusion to presynaptic active zone membrane","11/2849","21/18842",0.523809523809524,3.46423974995404,4.76874927831581,7.47131945701075e-05,0.00347986201150263,0.00347986201150263,"SYT9/SYT1/RAB3A/CPLX2/SYT7/PRRT2/SYT13/SYT4/DOC2A/CPLX4/SYT5",11
"GO:1901632","regulation of synaptic vesicle membrane organization","11/2849","21/18842",0.523809523809524,3.46423974995404,4.76874927831581,7.47131945701075e-05,0.00347986201150263,0.00347986201150263,"SYT9/SYT1/RAB3A/CPLX2/SYT7/PRRT2/SYT13/SYT4/DOC2A/CPLX4/SYT5",11
"GO:0000022","mitotic spindle elongation","8/2849","12/18842",0.666666666666667,4.40903240903241,4.98574226099187,7.55405902403978e-05,0.00348883263832963,0.00348883263832963,"KIF4A/AURKB/PRC1/BIRC5/RACGAP1/KIF23/CDCA8/KIF4B",8
"GO:0017156","calcium-ion regulated exocytosis","22/2849","63/18842",0.349206349206349,2.30949316663602,4.39410581504974,7.94954072872544e-05,0.00364088965375625,0.00364088965375625,"SYT9/CADPS/STXBP2/SYT10/SYT1/RAB3A/STX1A/SYT17/CBARP/SYT7/UNC13A/RIMS1/ZP4/SYT13/CACNA1B/BAIAP3/SYT4/HYAL3/DOC2A/RIMS2/CDK5/SYT5",22
"GO:0051984","positive regulation of chromosome segregation","13/2849","28/18842",0.464285714285714,3.07057614200471,4.62767533244944,8.36553393210988e-05,0.00379974995792363,0.00379974995792363,"NCAPG/AURKB/SKA1/RCC2/BIRC5/CDC6/NCAPG2/SKA3/CDK1/NCAPH/CDCA8/CCNB1/SMC4",13
"GO:0034501","protein localization to kinetochore","9/2849","15/18842",0.6,3.96812916812917,4.85367950408797,8.55821369726827e-05,0.00385540512132676,0.00385540512132676,"KNTC1/BUB3/AURKB/RCC2/ZWILCH/TTK/CDK1/KNL1/MTBP",9
"GO:1901991","negative regulation of mitotic cell cycle phase transition","49/2849","190/18842",0.257894736842105,1.70559937928359,4.12577479099267,8.68520917054516e-05,0.00387421320615936,0.00387421320615936,"TICRR/KNTC1/CCND1/RAD21/BUB3/NUF2/ORC1/TEX14/AURKB/SKA1/BIRC5/HASPIN/CDKN2D/BARD1/ZWILCH/TTK/CDC6/ZWINT/PLK1/MUC1/TRIP13/MAD2L1/SKA3/PKMYT1/SPC25/CLSPN/NDC80/CDK1/CDC7/GEN1/SPC24/CDCA8/CENPF/E2F7/BUB1B/CCNB1/KNL1/INHBA/CHEK1/DONSON/DBF4/GPR132/BUB1/HUS1B/BRCA1/CDC20/BLM/BRSK1/DTL",49
"GO:0030574","collagen catabolic process","17/2849","43/18842",0.395348837209302,2.61465875419364,4.47384399702239,8.74094682612373e-05,0.00387421320615936,0.00387421320615936,"MMP9/MMP11/MMP13/MMP25/MMP8/TMPRSS6/MMP12/PRSS2/PLG/ADAMTS14/MMP10/FAP/MMP1/MMP14/PRTN3/MMP26/MMP3",17
"GO:0098659","inorganic cation import across plasma membrane","39/2849","141/18842",0.276595744680851,1.82927940374749,4.17168253530129,8.96788664696286e-05,0.00391170674696094,0.00391170674696094,"PCSK9/ATP4B/CACNA1I/HCN4/MIR210/ATP1A3/KCNJ10/CACNA1D/MS4A1/P2RX5/ASIC5/FXYD4/IFNG/KCNH2/AKAP5/SLC34A1/HCN2/SLC39A11/SLC30A8/KCNJ18/CACNA1E/CACNA1B/KCNJ4/KCNJ3/SLC24A2/CNGA3/LCN2/CACNA1H/ATP1A4/KCNK9/NALF1/SLC39A6/SLC5A2/SLC39A4/NALF2/TRPM2/KCNJ6/KCNJ11/SLC39A1",39
"GO:0099587","inorganic ion import across plasma membrane","39/2849","141/18842",0.276595744680851,1.82927940374749,4.17168253530129,8.96788664696286e-05,0.00391170674696094,0.00391170674696094,"PCSK9/ATP4B/CACNA1I/HCN4/MIR210/ATP1A3/KCNJ10/CACNA1D/MS4A1/P2RX5/ASIC5/FXYD4/IFNG/KCNH2/AKAP5/SLC34A1/HCN2/SLC39A11/SLC30A8/KCNJ18/CACNA1E/CACNA1B/KCNJ4/KCNJ3/SLC24A2/CNGA3/LCN2/CACNA1H/ATP1A4/KCNK9/NALF1/SLC39A6/SLC5A2/SLC39A4/NALF2/TRPM2/KCNJ6/KCNJ11/SLC39A1",39
"GO:0030198","extracellular matrix organization","66/2849","278/18842",0.237410071942446,1.57012305213744,4.04192685790816,9.40207374265421e-05,0.00403701541325215,0.00403701541325215,"AGT/CARMIL2/COL1A1/MMP9/SULF1/PLAU/MMP11/MMP13/MMP25/COL3A1/APLP1/COL24A1/MMP8/COL10A1/COL22A1/MATN3/TMPRSS6/P4HA1/P3H4/ADAMTS20/FGFR4/MMP12/COL5A2/COL13A1/PRSS2/COL2A1/IBSP/AEBP1/SCX/ADAMTSL2/PLG/CREB3L1/SULF2/ADAMTS19/ADAMTS14/PRSS1/ZNF469/DMP1/ADAMTS6/MMP10/KLK4/SLC2A10/COL6A5/GDPD2/PLAUR/WT1/COL5A1/HPN/COL9A3/NPNT/NPHS1/LOXL1/FAP/COL12A1/ADAM8/MMP1/MMP14/PXDNL/COL1A2/COL11A1/COL8A1/TLL2/COL9A1/POSTN/MMP26/MMP3",66
"GO:0098739","import across plasma membrane","66/2849","278/18842",0.237410071942446,1.57012305213744,4.04192685790816,9.40207374265421e-05,0.00403701541325215,0.00403701541325215,"SLC6A5/SLC7A8/SLC2A14/PCSK9/ATP4B/CACNA1I/HCN4/MIR210/ATP1A3/SLC1A4/KCNJ10/CACNA1D/MS4A1/SLC1A6/P2RX5/ASIC5/SLC7A5/SLC1A2/FXYD4/SLC19A1/IFNG/SLC17A8/KCNH2/AKAP5/SLC34A1/HCN2/SLC39A11/SLC1A1/SLC2A1/SLC2A10/SLC30A8/KCNJ18/CACNA1E/SLC7A11/SLC6A19/SLC27A4/CARTPT/CACNA1B/ERFE/CERS1/KCNJ4/KCNJ3/SLC24A2/FGF21/RGS4/CNGA3/LCN2/OPN3/CACNA1H/ATP1A4/NTSR1/SLC38A5/KCNK9/NALF1/NHERF1/SLC39A6/SLC6A9/SLC5A2/SLC39A4/NALF2/TRPM2/KCNJ6/SLC15A1/KCNJ11/SLC7A2/SLC39A1",66
"GO:0035725","sodium ion transmembrane transport","49/2849","191/18842",0.256544502617801,1.69666953960148,4.08437562489569,9.99374074360102e-05,0.0041941076725352,0.0041941076725352,"AGT/SLC6A5/TRPM5/PCSK9/ATP4B/HCN4/SLC17A4/SLC20A1/SLC5A8/ATP1A3/ASIC4/SLC23A1/SHROOM2/ASIC5/FXYD4/ASIC2/SLC6A15/SLC17A8/BPIFA1/SLC34A1/SLC4A8/HCN2/SLC12A3/SLC24A5/SLC8A2/SLC4A10/KCNK1/SLC6A17/UNC80/SLC6A19/SLC5A5/SLC24A2/CNGA3/SLC5A12/ATP1A4/SLC38A5/WNK4/KCNK9/NALF1/ASIC3/SLC6A9/SLC34A3/SLC5A2/TRPM2/SCN1A/SLC6A4/GRIN1/SLC12A1/SLC6A11",49
"GO:0051954","positive regulation of amine transport","14/2849","32/18842",0.4375,2.89342751842752,4.5244157639228,9.99687236357554e-05,0.0041941076725352,0.0041941076725352,"GRM5/SYT1/SLC18A3/ABAT/SLC7A5/STX1A/SLC17A8/OPRK1/ADORA2A/CARTPT/GDNF/NTSR1/SYT4/KMO",14
"GO:0090183","regulation of kidney development","14/2849","32/18842",0.4375,2.89342751842752,4.5244157639228,9.99687236357554e-05,0.0041941076725352,0.0041941076725352,"AGT/LHX1/MAGED1/FOXD1/EZH2/SIX2/BASP1/WT1/SIX4/GDNF/STAT1/PAX2/RET/GATA3",14
"GO:0002065","columnar/cuboidal epithelial cell differentiation","20/2849","56/18842",0.357142857142857,2.36198164769593,4.30805600888539,0.000116090887394933,0.00483360240244358,0.00483360240244358,"GATA5/PLK4/CCDC78/NPY/FOXJ1/ROS1/DSPP/INSM1/LEF1/CCNO/ARX/SOX11/PYY/PTK6/GATA4/DEUP1/MCIDAS/DLX3/CDX2/WFDC2",20
"GO:0045229","external encapsulating structure organization","66/2849","280/18842",0.235714285714286,1.55890788747932,3.9768581533727,0.000117742358101636,0.00486550376035029,0.0048655037603503,"AGT/CARMIL2/COL1A1/MMP9/SULF1/PLAU/MMP11/MMP13/MMP25/COL3A1/APLP1/COL24A1/MMP8/COL10A1/COL22A1/MATN3/TMPRSS6/P4HA1/P3H4/ADAMTS20/FGFR4/MMP12/COL5A2/COL13A1/PRSS2/COL2A1/IBSP/AEBP1/SCX/ADAMTSL2/PLG/CREB3L1/SULF2/ADAMTS19/ADAMTS14/PRSS1/ZNF469/DMP1/ADAMTS6/MMP10/KLK4/SLC2A10/COL6A5/GDPD2/PLAUR/WT1/COL5A1/HPN/COL9A3/NPNT/NPHS1/LOXL1/FAP/COL12A1/ADAM8/MMP1/MMP14/PXDNL/COL1A2/COL11A1/COL8A1/TLL2/COL9A1/POSTN/MMP26/MMP3",66
"GO:0045071","negative regulation of viral genome replication","18/2849","48/18842",0.375,2.48008073008073,4.33340861686486,0.000122703754935044,0.00503268535166421,0.00503268535166421,"ISG20/BST2/ISG15/OAS2/APOBEC3A/IFIT1/RSAD2/CCL5/HMGA2/IFITM1/OAS1/MX1/APOBEC3H/IFNB1/OAS3/IFNL3/OASL/APOBEC3B",18
"GO:0032963","collagen metabolic process","31/2849","105/18842",0.295238095238095,1.95257149542864,4.13119251332676,0.000125740971189323,0.00508141454159206,0.00508141454159206,"COL1A1/MMP9/MMP11/MMP13/MIR149/MMP25/MMP8/TMPRSS6/AMELX/P3H4/MMP12/PRSS2/SCX/PLG/CREB3L1/ADAMTS14/SERPINB7/MMP10/CBX8/MYB/COL5A1/FAP/MMP1/MMP14/INHBA/PRTN3/RCN3/UCN/MMP26/F2/MMP3",31
"GO:2001251","negative regulation of chromosome organization","31/2849","105/18842",0.295238095238095,1.95257149542864,4.13119251332676,0.000125740971189323,0.00508141454159206,0.00508141454159206,"KNTC1/RAD21/BUB3/NUF2/TEX14/AURKB/SKA1/BIRC5/HASPIN/ZWILCH/TTK/ZWINT/PLK1/PIF1/TRIP13/MAD2L1/SKA3/SPC25/ESPL1/NDC80/GEN1/SPC24/CDCA8/CENPF/BUB1B/CCNB1/CTPS1/KNL1/BUB1/CDC20/PARP1",31
"GO:1901970","positive regulation of mitotic sister chromatid separation","11/2849","22/18842",0.5,3.30677430677431,4.56919683369896,0.000129027669249808,0.00517617569486822,0.00517617569486822,"DLGAP5/UBE2C/AURKB/SKA1/BIRC5/PLK1/SKA3/ESPL1/CDCA8/ANAPC11/CDC20",11
"GO:0050909","sensory perception of taste","22/2849","65/18842",0.338461538461538,2.23843183843184,4.22132621293869,0.000134974420009652,0.00537550298821049,0.00537550298821048,"TAS2R46/TAS2R2/TAS2R38/CST2/GNAT1/TAS2R40/CALHM3/ASIC2/TAS2R30/LCN1/CST4/CST1/CALHM1/TAS1R3/GNAT3/TAS2R50/TAS2R13/LPO/RTP3/ASIC3/GNG13/TAS2R1",22
"GO:0070106","interleukin-27-mediated signaling pathway","7/2849","10/18842",0.7,4.62948402948403,4.84540293219909,0.000141062018265505,0.00557753131213825,0.00557753131213825,"OAS2/IL27/OAS1/MX1/STAT1/OAS3/OASL",7
"GO:0007131","reciprocal meiotic recombination","21/2849","61/18842",0.344262295081967,2.27679542433641,4.21560692801389,0.000144710300548172,0.00564062277881386,0.00564062277881386,"RAD51/TEX11/RAD21/RMI1/EME1/CENPS/RAD54L/TRIP13/RAD51AP1/BRIP1/EME2/MND1/REC8/CENPX/SYCE3/TEX19/SYCP2/RAD54B/HSF2BP/TOP2A/FANCD2",21
"GO:0140527","reciprocal homologous recombination","21/2849","61/18842",0.344262295081967,2.27679542433641,4.21560692801389,0.000144710300548172,0.00564062277881386,0.00564062277881386,"RAD51/TEX11/RAD21/RMI1/EME1/CENPS/RAD54L/TRIP13/RAD51AP1/BRIP1/EME2/MND1/REC8/CENPX/SYCE3/TEX19/SYCP2/RAD54B/HSF2BP/TOP2A/FANCD2",21
"GO:0007389","pattern specification process","65/2849","277/18842",0.234657039711191,1.55191573964137,3.90569583030614,0.000151505577348146,0.0058639060077846,0.0058639060077846,"HAND1/GATA5/TIGD5/CFAP45/DNAI1/FOXN4/LHX1/ROBO2/RIPPLY3/CHRD/FOXD1/PIERCE1/HES2/WNT7B/FOXJ1/IHH/HES6/TIFAB/HOXA11/DNAAF11/SHH/FOXA2/HELT/DNAH11/ENKUR/STIL/DKK1/WNT7A/SIX2/TCAP/HES7/TDRD1/ODAD3/BASP1/FOXH1/OTX2/BMPR1B/HOXB5/HES4/SIX3/MESP2/RIPPLY2/HOXB6/WT1/HOXC4/CIROZ/CFC1/CFC1B/DOP1B/TDRKH/HOXB9/MICAL2/GATA4/ZIC1/PAX2/NKX2-5/MEIS3/SEMA3F/HOXB1/TLL2/TBX1/ASCL1/ZIC3/CDX2/TBX20",65
"GO:0007492","endoderm development","20/2849","57/18842",0.350877192982456,2.32054337317495,4.21422509645757,0.000153652980098664,0.00590543201833745,0.00590543201833745,"MMP9/LHX1/MMP8/SOX2/VTN/COL5A2/DKK1/MACROH2A1/HMGA2/FN1/COL5A1/COL12A1/MMP14/INHBA/GATA4/HOXC11/COL11A1/COL8A1/EOMES/TBX20",20
"GO:1903083","protein localization to condensed chromosome","9/2849","16/18842",0.5625,3.7201210951211,4.59412104211954,0.000169327598679135,0.00636628463453987,0.00636628463453987,"KNTC1/BUB3/AURKB/RCC2/ZWILCH/TTK/CDK1/KNL1/MTBP",9
"GO:0033314","mitotic DNA replication checkpoint signaling","8/2849","13/18842",0.615384615384615,4.06987606987607,4.67317583929117,0.000170277263696754,0.00636628463453987,0.00636628463453987,"TICRR/ORC1/CDC6/CLSPN/CDC7/DONSON/DBF4/HUS1B",8
"GO:0051255","spindle midzone assembly","8/2849","13/18842",0.615384615384615,4.06987606987607,4.67317583929117,0.000170277263696754,0.00636628463453987,0.00636628463453987,"KIF4A/AURKB/PRC1/BIRC5/RACGAP1/KIF23/CDCA8/KIF4B",8
"GO:1901993","regulation of meiotic cell cycle phase transition","8/2849","13/18842",0.615384615384615,4.06987606987607,4.67317583929117,0.000170277263696754,0.00636628463453987,0.00636628463453987,"TTK/CDC25B/ZWINT/PKMYT1/CDC25A/CDC25C/KNL1/MAPK15",8
"GO:0003002","regionalization","59/2849","247/18842",0.238866396761134,1.57975452712295,3.87104094205961,0.000180398927278468,0.00669913854271932,0.00669913854271932,"HAND1/GATA5/TIGD5/CFAP45/DNAI1/FOXN4/LHX1/ROBO2/CHRD/FOXD1/PIERCE1/HES2/WNT7B/FOXJ1/IHH/HES6/TIFAB/HOXA11/DNAAF11/SHH/FOXA2/HELT/DNAH11/ENKUR/STIL/DKK1/SIX2/TCAP/HES7/TDRD1/ODAD3/BASP1/FOXH1/OTX2/BMPR1B/HOXB5/HES4/SIX3/MESP2/RIPPLY2/HOXB6/WT1/HOXC4/CIROZ/CFC1/CFC1B/TDRKH/HOXB9/MICAL2/GATA4/PAX2/NKX2-5/SEMA3F/TLL2/TBX1/ASCL1/ZIC3/CDX2/TBX20",59
"GO:0000086","G2/M transition of mitotic cell cycle","36/2849","131/18842",0.274809160305344,1.81746374112786,3.9626788569731,0.000188849098195612,0.00695766713548147,0.00695766713548147,"KIF14/TICRR/CCND1/FOXM1/RAD21/ORC1/AURKB/BRSK2/RCC2/BIRC5/CCNA2/BARD1/CDC6/CDC25B/MELK/PLK1/PKMYT1/NEK2/CLSPN/CDK1/CDC25A/CDC7/CENPF/CDC25C/AURKA/CCNB1/PHOX2B/CHEK1/DONSON/DBF4/GPR132/HUS1B/BRCA1/BLM/BRSK1/DTL",36
"GO:0045930","negative regulation of mitotic cell cycle","57/2849","237/18842",0.240506329113924,1.59060029946106,3.86176844407305,0.000189992006963745,0.00695766713548147,0.00695766713548147,"TICRR/BRINP2/KNTC1/CCND1/RAD21/BUB3/NUF2/EME1/ORC1/TEX14/AURKB/SKA1/SCRIB/BIRC5/HASPIN/CDKN2D/BARD1/ZWILCH/TTK/CDC6/ZWINT/PLK1/MUC1/TRIP13/MAD2L1/SKA3/PKMYT1/SPC25/CLSPN/TIMELESS/BRINP3/NDC80/EME2/CDK1/CDC7/GEN1/SPC24/CDCA8/CENPF/E2F7/BUB1B/CCNB1/NHERF1/KNL1/INHBA/CHEK1/DONSON/DBF4/GPR132/BUB1/FANCD2/HUS1B/BRCA1/CDC20/BLM/BRSK1/DTL",57
"GO:0030900","forebrain development","61/2849","258/18842",0.236434108527132,1.56366847064521,3.84766478166363,0.000191158613074545,0.00695766713548147,0.00695766713548147,"KIF14/ARHGAP11B/PROP1/CNTNAP2/SOX3/LHX1/ROBO2/RARA/COL3A1/MFSD2A/APLP1/NPY/PRDM13/WNT7B/SOX2/CDK5R1/VAX2/LRP8/DRAXIN/SHH/EZH2/EPHB2/NCAPG2/NEUROG3/WDR62/WNT3A/PLXNA3/HTR6/STIL/WNT7A/RTN4RL2/SCT/LHX8/KCNC2/SLC2A1/OTX2/NEFL/SIX3/GHRH/RTN4R/MBOAT7/PAX6/SALL3/TACC3/MDK/INHBA/ZIC1/SRD5A2/EFNA2/KCNC1/CHD5/SLIT1/CFL1/EOMES/ASCL1/NEUROD1/TBR1/ZIC3/SMC4/SLC32A1/FEZF1",61
"GO:0030219","megakaryocyte differentiation","20/2849","58/18842",0.344827586206897,2.28053400467194,4.12234469899899,0.000201510905399228,0.00728621010575102,0.00728621010575102,"H4C11/ZFPM1/CIB1/H4C8/H4C4/IL11/MYB/H4C2/H4C12/THPO/H4C5/H4C1/H4C13/H4C3/H4C15/H4C6/H4C14/HMGB2/H4C16/H4C9",20
"GO:0007586","digestion","34/2849","122/18842",0.278688524590164,1.84312010541519,3.94320784996371,0.000210195508867417,0.0075505523969629,0.0075505523969629,"MUC13/CLPS/SI/VSIG1/HSPB1/UGCG/TFF1/INAVA/TIFAB/PRSS2/CLPSL1/NOD2/PNLIPRP2/EZR/NMU/SCT/PRSS1/CLPSL2/OPRK1/VIL1/ENPP7/CCK/MUC2/CEL/MUC6/CRACD/GHSR/AMY2A/MDK/CAPN9/CTRB1/TFF3/NEUROD1/UCN3",34
"GO:0042755","eating behavior","14/2849","34/18842",0.411764705882353,2.72322589969649,4.24466670368544,0.000219107657523387,0.0078195823749905,0.0078195823749905,"AGRP/NPY/NMU/NPY1R/GDF15/OPRD1/OPRK1/IAPP/CCK/ADORA2A/CARTPT/PYY/OPN3/GHSR",14
"GO:0099565","chemical synaptic transmission, postsynaptic","32/2849","113/18842",0.283185840707965,1.87286332419076,3.92790887133506,0.000231569908818568,0.0082110207668829,0.0082110207668829,"GRIN2C/INSYN2A/GRM5/SYT1/ABAT/P2RX5/STX1A/CHRNA1/CHRNA5/CHRND/WNT7A/CHRNG/CHRNA6/GLRA1/SLC8A2/CHRNB4/DRD4/PNOC/HTR3A/RIMS1/MAPK8IP2/ADORA2A/GRIN2D/P2RX2/RGS4/CHRNB3/NTSR1/INSYN1/CHRNA9/RIMS2/GRIN1/CHRNA4",32
"GO:0009072","aromatic amino acid metabolic process","16/2849","42/18842",0.380952380952381,2.51944709087566,4.16068208908627,0.000233671881770975,0.00823244014239282,0.00823244014239282,"HGD/TDO2/IYD/TH/IDO2/PAH/SLC45A2/IDO1/TPH2/ACMSD/IL4I1/TYR/HPDL/KMO/QPRT/FTCD",16
"GO:0044772","mitotic cell cycle phase transition","93/2849","434/18842",0.214285714285714,1.41718898861756,3.71114249221645,0.000243361479894374,0.00851920186942343,0.00851920186942343,"KIF14/TICRR/DLGAP5/KNTC1/CCND1/CCNP/ANLN/UBD/FOXM1/CCNF/RAD21/BUB3/NUF2/ORC1/TEX14/UBE2C/CDKN3/AURKB/SKA1/CCNE2/BRSK2/RCC2/RRM2/BIRC5/HASPIN/CCNA2/CDKN2D/BARD1/ZWILCH/TTK/CDC6/PSME2/CDC25B/DPF1/ZWINT/MELK/RCC1/PLK1/MUC1/TRIP13/MAD2L1/SKA3/CENPE/PKMYT1/SPC25/STIL/NEK2/TM4SF5/CCNO/CLSPN/ESPL1/UBE2S/NDC80/CDK1/EIF4EBP1/CDC25A/CDC7/GEN1/SPC24/CDCA8/ACTL6B/CENPF/E2F7/CCNI2/CDC25C/BUB1B/CDKN2A/AURKA/CCNE1/CCNB1/PHOX2B/ANAPC11/TACC3/KNL1/INHBA/CAMK2A/CHEK1/DONSON/PSMB3/DBF4/GPR132/BUB1/MTBP/E2F1/HUS1B/TERT/BRCA1/CDC20/BLM/BRSK1/DTL/CCNB2/TRIM71",93
"GO:0007423","sensory organ development","83/2849","379/18842",0.218997361477573,1.4483496963708,3.72150477792176,0.00024764392120478,0.00861424677811059,0.00861424677811059,"MTNR1B/TMEM132E/FOXN4/SOX3/LHX1/CLDN3/MYO3B/MCM2/OLIG3/LHX3/SLC44A4/MFSD2A/GABRA5/TH/SPRED3/WNT7B/SOX2/FBN3/HMX3/SHROOM2/KDM5B/TIFAB/CCNA2/OLIG2/PRSS56/LCTL/FBN2/EPHB2/OTOP1/COL5A2/NEUROG3/COL2A1/SCO2/SLC17A8/BHLHA15/FOXE3/WNT7A/GJB2/STRA6/TCAP/SIX6/RP1/LENEP/CRYBA2/SLC1A1/BMPR1B/SIX3/TYRP1/DLX1/MFAP2/SOX11/PAX5/FREM2/WT1/COL5A1/HPN/MAB21L2/SIX4/HPCA/CNGA3/ESRP1/OLIG1/PAX6/OLFM3/PHOX2B/SAMD11/INHBA/ZIC1/PAX2/RD3/MEIS3/TPRN/ASCL2/SOX12/DLX2/TBX1/SIPA1L3/ASCL1/NEUROD1/NEUROD4/ZIC3/CRYBA4/GATA3",83
"GO:0002438","acute inflammatory response to antigenic stimulus","12/2849","27/18842",0.444444444444444,2.93935493935494,4.2561830923232,0.000261959451182315,0.0090549002748302,0.0090549002748302,"CD6/NPY/ORM2/IGHE/FCGR3A/ORM1/CCR7/IGHG1/PLA2G2D/FUT7/FCGR1A/GATA3",12
"GO:0015804","neutral amino acid transport","19/2849","55/18842",0.345454545454545,2.28468043013498,4.02699384945443,0.000280835552467464,0.00959752204541249,0.00959752204541248,"SLC6A5/SLC7A8/SLC7A13/SLC1A4/SLC1A6/SLC7A5/SLC1A2/SLC6A15/SLC1A1/SLC6A17/SLC7A11/SLC6A19/SFXN1/RGS4/SLC38A5/SLC6A9/LLGL2/SFXN2/SLC32A1",19
"GO:0048729","tissue morphogenesis","88/2849","408/18842",0.215686274509804,1.42645166174578,3.67555843616078,0.000281150118142542,0.00959752204541249,0.00959752204541248,"LBX2/AGT/CARMIL2/HAND1/GATA5/ARTN/FOXN4/ANKRD1/KRT16/SULF1/LHX1/KRT20/ROBO2/MAGED1/ZFPM1/SAPCD2/FOXD1/KRT19/SYNE4/COL3A1/MYH6/BRSK2/WNT7B/SCRIB/CXCL10/IHH/HOXA11/KRT35/HS3ST3A1/SHH/KRT38/MMP12/WNT3A/SCX/KRT31/CAMSAP3/KIF26B/TRIM15/STIL/DKK1/KRT36/GRHL3/CELSR1/WNT7A/SIX2/TCAP/TIMELESS/FOXH1/ACTA1/KRT34/HMGA2/LRG1/SIX3/KRT37/MESP2/KRT24/SOX11/WT1/COL5A1/NPNT/PLA2G10/SIX4/LCN2/GDNF/MICAL2/STAT1/MYLK2/WNK4/NHERF1/MYH7/SH3BP1/MDK/KRT6A/GATA4/PAX2/DLX3/NKX2-5/HTN1/POU4F1/BRSK1/TNNI3/EOMES/TBX1/RET/ZIC3/GREB1L/TBX20/GATA3",88
"GO:0051047","positive regulation of secretion","67/2849","294/18842",0.227891156462585,1.50716924186312,3.69922936173222,0.000296313307262455,0.010041072935153,0.010041072935153,"TACR3/ANKRD1/CADPS/GRM5/TRPM5/INHA/CD177/UNC13D/PDX1/SYT10/SYT1/TRPA1/ILDR1/SPP1/SLC18A3/RAB3A/ABAT/PLA2G3/CYP4F2/IFNG/STX1A/SLC4A8/NMU/SCT/CAMP/VAMP8/KISS1R/RUFY4/AVPR1B/XBP1/SLC30A8/SYT7/OPRK1/KISS1/ALDOA/GHRH/LACRT/CACNG4/SOX11/MYB/RETN/ADORA2A/CARTPT/CACNA1B/BAIAP3/PLA2G10/FGB/NKX6-1/TFR2/ADAM8/GDNF/MC5R/NTSR1/SYT4/HYAL3/DOC2A/GAL/INHBA/GPR158/FGG/BLK/SLC6A4/SDC1/UCN/KMO/NEUROD1/UCN3",67
"GO:0001706","endoderm formation","18/2849","51/18842",0.352941176470588,2.33419362831128,4.02682016568699,0.000297797468782741,0.010041072935153,0.010041072935153,"MMP9/LHX1/MMP8/SOX2/VTN/COL5A2/DKK1/MACROH2A1/HMGA2/FN1/COL5A1/COL12A1/MMP14/INHBA/COL11A1/COL8A1/EOMES/TBX20",18
"GO:0006865","amino acid transport","38/2849","144/18842",0.263888888888889,1.745241995242,3.78890938619954,0.00031301895598949,0.0104599826040335,0.0104599826040335,"GIPC1/SLC6A5/SLC7A8/SLC22A15/SLC38A8/SLC7A13/SLC25A22/SLC1A4/TTYH3/ABAT/SLC1A6/SLC7A5/SLC1A2/SLC6A15/SLC17A8/SLC1A1/PNOC/KCNK1/SLC6A17/SFXN5/SLC7A11/SLC6A19/ADORA2A/SFXN1/RGS4/NTSR1/SYT4/SLC38A5/NHERF1/SLC6A9/LLGL2/SLC6A4/PRAF2/KMO/SLC7A2/SLC6A11/SFXN2/SLC32A1",38
"GO:1901989","positive regulation of cell cycle phase transition","31/2849","110/18842",0.281818181818182,1.86381824563643,3.83495146421505,0.000315931061184419,0.0104599826040335,0.0104599826040335,"DLGAP5/CCND1/UBE2C/SKA1/CCNE2/RCC2/RRM2/BIRC5/EZH2/CDC6/CDC25B/PLK1/SKA3/STIL/ESPL1/PAGR1/CDK1/CDC25A/CDC7/CDC25C/PKP3/CCNE1/CCNB1/PHOX2B/ANAPC11/MAPK15/MTBP/SACK1D/TERT/CDC20/DTL",31
"GO:1902749","regulation of cell cycle G2/M phase transition","31/2849","110/18842",0.281818181818182,1.86381824563643,3.83495146421505,0.000315931061184419,0.0104599826040335,0.0104599826040335,"KIF14/TICRR/CCND1/RAD21/ORC1/AURKB/RCC2/BARD1/CDC6/CDC25B/PLK1/PKMYT1/CLSPN/MACROH2A1/CDK1/CDC25A/CDC7/CENPF/CDC25C/AURKA/CCNB1/PHOX2B/CHEK1/DONSON/DBF4/GPR132/HUS1B/BRCA1/BLM/BRSK1/DTL",31
"GO:0045638","negative regulation of myeloid cell differentiation","25/2849","82/18842",0.304878048780488,2.0163257968136,3.89275157525668,0.000317871408323748,0.0104612051505828,0.0104612051505828,"H4C11/ZFPM1/INHA/RARA/CIB1/H4C8/H4C4/KISS1R/KISS1/MYB/CARTPT/ERFE/CALCA/H4C2/H4C12/H4C5/H4C1/INHBA/H4C13/H4C3/H4C15/H4C6/H4C14/H4C16/H4C9",25
"GO:0033700","phospholipid efflux","8/2849","14/18842",0.571428571428571,3.77917063631349,4.39046345276523,0.000344569128708729,0.0110388156280674,0.0110388156280674,"APOC2/APOA1/ABCA3/APOC1/APOA2/ABCA12/APOA5/APOC3",8
"GO:0035860","glial cell-derived neurotrophic factor receptor signaling pathway","8/2849","14/18842",0.571428571428571,3.77917063631349,4.39046345276523,0.000344569128708729,0.0110388156280674,0.0110388156280674,"ARTN/SULF1/SULF2/GDF15/GDNF/MMP14/GFRA1/RET",8
"GO:0048172","regulation of short-term neuronal synaptic plasticity","8/2849","14/18842",0.571428571428571,3.77917063631349,4.39046345276523,0.000344569128708729,0.0110388156280674,0.0110388156280674,"SHISA8/RAB3A/SHISA9/SLC8A2/SLC4A10/PPFIA3/SYT4/SYP",8
"GO:0048665","neuron fate specification","8/2849","14/18842",0.571428571428571,3.77917063631349,4.39046345276523,0.000344569128708729,0.0110388156280674,0.0110388156280674,"POU3F2/MYT1L/ISL2/MNX1/ESRP1/POU4F1/PRDM12/ASCL1",8
"GO:0045055","regulated exocytosis","52/2849","216/18842",0.240740740740741,1.59215059215059,3.69430267974541,0.00034546511790895,0.0110388156280674,0.0110388156280674,"RAB31/SYT9/CADPS/CD177/UNC13D/STXBP2/SYT10/SYT1/NPY/SCRIB/RAB3A/PLA2G3/RAB26/CSPG5/IGHE/STX1A/CORO1A/FCGR3A/ABCA12/SLC4A8/WNT7A/SYT17/VAMP8/CPLX2/CBARP/SYT7/SNPH/UNC13A/RIMS1/PRRT2/ZP4/PPFIA3/SYNGR2/SYT13/CACNA1B/BAIAP3/CHGA/SYT4/HYAL3/SYNGR3/DOC2A/RAB11FIP1/TMEM79/RIMS2/PRKCG/SYP/CDK5/CPLX4/BRSK1/RIMS4/SYN1/SYT5",52
"GO:0045005","DNA-templated DNA replication maintenance of fidelity","22/2849","69/18842",0.318840579710145,2.10866767388507,3.89396748494924,0.000355825598509609,0.0113041473376232,0.0113041473376232,"RAD51/RNASEH2A/FAM111B/DNA2/EME1/CENPS/BARD1/TONSL/CAMSAP3/TIMELESS/EME2/GEN1/CENPX/EXO1/POLQ/DONSON/PCNA/BRCA1/BLM/TRAIP/BRCA2/PARP1",22
"GO:0009792","embryo development ending in birth or egg hatching","58/2849","248/18842",0.233870967741935,1.54671701445895,3.65792879880409,0.000365203540455194,0.0115226402814676,0.0115226402814676,"HAND1/COL1A1/SULF1/LHX1/RIPPLY3/PLK4/CHRD/COL3A1/DLX4/MYH6/CELF4/WNT7B/SCRIB/FUT8/E2F8/PAX1/HOXA11/COL2A1/SCX/CAMSAP3/SULF2/STIL/DLX5/GRHL3/CELSR1/TCAP/SLC2A10/DLX1/TLE6/MESP2/HOPX/SOX11/RIPPLY2/HORMAD1/E2F7/HOXC4/GCM1/SIX4/HOXB9/HOXC11/PAX2/DLX3/FOXI3/NKX2-5/DLX6/BRCA1/ASCL2/FOXD3/IFITM5/DLX2/EOMES/IRX5/TBX1/ARNT2/TRIM71/ZIC3/CDX2/GATA3",58
"GO:1901990","regulation of mitotic cell cycle phase transition","76/2849","345/18842",0.220289855072464,1.45689766559332,3.61502303671635,0.000366896297171912,0.0115226402814676,0.0115226402814676,"KIF14/TICRR/DLGAP5/KNTC1/CCND1/ANLN/UBD/RAD21/BUB3/NUF2/ORC1/TEX14/UBE2C/AURKB/SKA1/CCNE2/RCC2/RRM2/BIRC5/HASPIN/CDKN2D/BARD1/ZWILCH/TTK/CDC6/PSME2/CDC25B/DPF1/ZWINT/PLK1/MUC1/TRIP13/MAD2L1/SKA3/CENPE/PKMYT1/SPC25/STIL/TM4SF5/CLSPN/ESPL1/NDC80/CDK1/CDC25A/CDC7/GEN1/SPC24/CDCA8/ACTL6B/CENPF/E2F7/CDC25C/BUB1B/CDKN2A/AURKA/CCNE1/CCNB1/PHOX2B/ANAPC11/KNL1/INHBA/CHEK1/DONSON/PSMB3/DBF4/GPR132/BUB1/MTBP/E2F1/HUS1B/TERT/BRCA1/CDC20/BLM/BRSK1/DTL",76
"GO:0098926","postsynaptic signal transduction","18/2849","52/18842",0.346153846153846,2.28930528930529,3.92940937417876,0.00039174070822849,0.0122052723738535,0.0122052723738535,"LY6E/RGS8/CDK5R1/CHRNA1/CHRNA5/CHRND/WNT3A/HRH3/CHRNG/CHRNA6/CHRNB4/LY6H/CHRNB3/PSCA/CHRNA9/CHRNA4/LYPD1/PRR7",18
"GO:0015844","monoamine transport","21/2849","65/18842",0.323076923076923,2.13668493668494,3.87451111169472,0.000393073728197247,0.0122052723738535,0.0122052723738535,"SLC18A1/GRM5/SYT1/SLC18A3/ABAT/SLC29A3/STX1A/CHRNA6/DRD4/PNOC/OPRK1/HTR1A/ADORA2A/CARTPT/CHGA/GDNF/GHSR/SYT4/MAPK15/SLC6A4/CHRNA4",21
"GO:0044839","cell cycle G2/M phase transition","38/2849","146/18842",0.26027397260274,1.72133457064964,3.69293833350803,0.000420701265701402,0.0129409654015893,0.0129409654015893,"KIF14/TICRR/CCND1/FOXM1/RAD21/ORC1/AURKB/BRSK2/RCC2/BIRC5/CCNA2/BARD1/CDC6/CDC25B/MELK/PLK1/PKMYT1/NEK2/CLSPN/NDC80/MACROH2A1/CDK1/CDC25A/CDC7/CENPF/CDC25C/AURKA/CCNB1/PHOX2B/CHEK1/DONSON/DBF4/GPR132/HUS1B/BRCA1/BLM/BRSK1/DTL",38
"GO:1903532","positive regulation of secretion by cell","63/2849","276/18842",0.228260869565217,1.50961435744044,3.59973270408899,0.000421476129345796,0.0129409654015893,0.0129409654015893,"TACR3/ANKRD1/CADPS/GRM5/TRPM5/INHA/CD177/UNC13D/PDX1/SYT10/SYT1/TRPA1/ILDR1/SPP1/SLC18A3/RAB3A/ABAT/PLA2G3/IFNG/STX1A/SLC4A8/NMU/SCT/CAMP/VAMP8/KISS1R/RUFY4/SLC30A8/SYT7/OPRK1/KISS1/ALDOA/GHRH/CACNG4/SOX11/MYB/RETN/ADORA2A/CARTPT/CACNA1B/BAIAP3/PLA2G10/FGB/NKX6-1/TFR2/ADAM8/GDNF/MC5R/NTSR1/SYT4/HYAL3/DOC2A/GAL/INHBA/GPR158/FGG/BLK/SLC6A4/SDC1/UCN/KMO/NEUROD1/UCN3",63
"GO:0031297","replication fork processing","20/2849","61/18842",0.327868852459016,2.1683765946061,3.85763950345504,0.000431848117696612,0.0130875266769164,0.0130875266769164,"RAD51/FAM111B/DNA2/EME1/CENPS/BARD1/TONSL/TIMELESS/EME2/GEN1/CENPX/EXO1/POLQ/DONSON/PCNA/BRCA1/BLM/TRAIP/BRCA2/PARP1",20
"GO:0035987","endodermal cell differentiation","16/2849","44/18842",0.363636363636364,2.40492676856313,3.93783426568018,0.0004333933506548,0.0130875266769164,0.0130875266769164,"MMP9/MMP8/SOX2/VTN/COL5A2/DKK1/MACROH2A1/HMGA2/FN1/COL5A1/COL12A1/MMP14/INHBA/COL11A1/COL8A1/EOMES",16
"GO:0095500","acetylcholine receptor signaling pathway","16/2849","44/18842",0.363636363636364,2.40492676856313,3.93783426568018,0.0004333933506548,0.0130875266769164,0.0130875266769164,"LY6E/RGS8/CDK5R1/CHRNA1/CHRNA5/CHRND/HRH3/CHRNG/CHRNA6/CHRNB4/LY6H/CHRNB3/PSCA/CHRNA9/CHRNA4/LYPD1",16
"GO:0007080","mitotic metaphase chromosome alignment","22/2849","70/18842",0.314285714285714,2.07854384997242,3.81561708529479,0.000445734825404425,0.0133866590187034,0.0133866590187034,"KIF14/PSRC1/KIF22/H3Y1/KIFC1/NUF2/CDT1/AURKB/SKA1/BIRC5/TTK/CENPA/SKA3/CENPE/H3Y2/NDC80/CDK1/RRS1/CDCA8/CCNB1/KIF2C/KIF18A",22
"GO:0051588","regulation of neurotransmitter transport","28/2849","98/18842",0.285714285714286,1.88958531815675,3.72651383112347,0.00047263907301222,0.0141175236156259,0.0141175236156259,"SYT1/NPY/SLC18A3/RAB3A/CSPG5/STX1A/SLC17A8/SLC4A8/WNT7A/CHRNB4/DRD4/RIMS1/ADORA2A/SYT13/CACNA1B/BAIAP3/GDNF/SYT4/SYNGR3/GPR158/CAMK2A/RIMS2/PRKCG/CDK5/RIMS4/KMO/SYN1/SYT5",28
"GO:0015698","inorganic anion transport","40/2849","157/18842",0.254777070063694,1.68498053848372,3.63759830208526,0.000482004580541941,0.0143194441873433,0.0143194441873433,"SLC37A1/CLDN3/SLC17A4/SLC20A1/SLC5A8/BSND/GABRA5/SLC26A9/CLCN2/SLC25A10/SLC1A4/TTYH3/SLC12A5/RACGAP1/P2RX5/SLC17A8/SLC34A1/SLC4A8/GABRG2/SLC12A3/PACC1/GABRQ/TMC4/GLRA1/SLC1A1/SLC4A10/KCNK1/ANO9/GABRD/DCD/SLC5A5/ANO7/CLIC3/CLIC6/SLC11A1/GABRA3/SLC34A3/GABRA1/SLC12A1/GABRR3",40
"GO:0042100","B cell proliferation","23/2849","75/18842",0.306666666666667,2.02815490815491,3.76552025939701,0.000494822036206938,0.0146211930698566,0.0146211930698566,"MZB1/TNFSF13B/MS4A1/IGHE/EPHB2/IKZF3/GAPT/IL21/TFRC/TNFRSF4/CD19/PRLR/CDKN2A/TNFRSF13C/CD79A/RASGRP1/IFNB1/CTPS1/VAV3/CTLA4/CR2/IL12RB2/FCRL3",23
"GO:0051937","catecholamine transport","18/2849","53/18842",0.339622641509434,2.24611084988443,3.83421100884907,0.000510284748724751,0.0149974597807018,0.0149974597807018,"SLC18A1/GRM5/SYT1/ABAT/SLC29A3/STX1A/CHRNA6/DRD4/PNOC/OPRK1/ADORA2A/CARTPT/CHGA/GDNF/GHSR/SYT4/MAPK15/CHRNA4",18
"GO:0043009","chordate embryonic development","54/2849","230/18842",0.234782608695652,1.55274619622446,3.55980648167293,0.000516675915793176,0.0151045257085069,0.0151045257085069,"HAND1/COL1A1/SULF1/LHX1/RIPPLY3/PLK4/CHRD/COL3A1/DLX4/MYH6/WNT7B/SCRIB/FUT8/E2F8/HOXA11/COL2A1/SCX/SULF2/STIL/DLX5/GRHL3/CELSR1/TCAP/SLC2A10/DLX1/MESP2/HOPX/SOX11/RIPPLY2/HORMAD1/E2F7/HOXC4/GCM1/SIX4/HOXB9/HOXC11/PAX2/DLX3/FOXI3/NKX2-5/DLX6/BRCA1/ASCL2/FOXD3/IFITM5/DLX2/EOMES/IRX5/TBX1/ARNT2/TRIM71/ZIC3/CDX2/GATA3",54
"GO:0030277","maintenance of gastrointestinal epithelium","11/2849","25/18842",0.44,2.90996138996139,4.03322667342124,0.000525581040212748,0.015203123142154,0.015203123142154,"MUC13/VSIG1/HSPB1/TFF1/INAVA/NOD2/MUC2/MUC6/CRACD/TFF3/NEUROD1",11
"GO:0051590","positive regulation of neurotransmitter transport","11/2849","25/18842",0.44,2.90996138996139,4.03322667342124,0.000525581040212748,0.015203123142154,0.015203123142154,"SYT1/SLC18A3/STX1A/SLC17A8/SLC4A8/DRD4/ADORA2A/CACNA1B/BAIAP3/GPR158/KMO",11
"GO:0001662","behavioral fear response","9/2849","18/18842",0.5,3.30677430677431,4.13255489993791,0.000539668355046807,0.0153705268982424,0.0153705268982424,"EPHB2/DRD4/HTR1A/MAPK8IP2/HTR2C/NTSR1/MDK/UCN/GRPR",9
"GO:0051177","meiotic sister chromatid cohesion","9/2849","18/18842",0.5,3.30677430677431,4.13255489993791,0.000539668355046807,0.0153705268982424,0.0153705268982424,"RAD21/SGO1/SMC1B/SGO2/RAD21L1/HORMAD1/REC8/BUB1B/BUB1",9
"GO:0046928","regulation of neurotransmitter secretion","24/2849","80/18842",0.3,1.98406458406458,3.72273618406871,0.000539758313566374,0.0153705268982424,0.0153705268982424,"SYT1/NPY/SLC18A3/RAB3A/CSPG5/STX1A/SLC4A8/WNT7A/CHRNB4/RIMS1/ADORA2A/SYT13/CACNA1B/BAIAP3/SYT4/GPR158/CAMK2A/RIMS2/PRKCG/CDK5/RIMS4/KMO/SYN1/SYT5",24
"GO:0048168","regulation of neuronal synaptic plasticity","17/2849","49/18842",0.346938775510204,2.29449645776176,3.8294295153776,0.000546994371465607,0.0154962941524483,0.0154962941524483,"GRIN2C/GRM5/SHISA8/RAB3A/SHISA9/EPHB2/JPH3/SLC8A2/SLC4A10/NETO1/PPFIA3/GRIN2D/SYT4/NEURL1/CAMK2A/SYP/GRIN1",17
"GO:2000241","regulation of reproductive process","38/2849","148/18842",0.256756756756757,1.69807329266789,3.5984377330933,0.000560150690707736,0.0157876317750242,0.0157876317750242,"TACR3/SULF1/DMRT1/PAEP/RNASE10/TTK/CDC25B/CIB1/ZWINT/TRIP13/PKMYT1/ASPM/RAD51AP1/GLRA1/STRA8/ASTL/TIMP1/CDC25A/ZP4/HORMAD1/MEIOSIN/WT1/RETN/CALR/PLA2G10/CDC25C/GCM1/CCDC87/FBXO43/CACNA1H/HYAL3/SEMG2/ANAPC11/GDF9/KNL1/INHBA/MAPK15/CDC20",38
"GO:0030261","chromosome condensation","16/2849","45/18842",0.355555555555556,2.35148395148395,3.83094670184783,0.000579064219825737,0.016155009909453,0.016155009909453,"H1-4/NCAPG/NCAPG2/PLK1/H1-3/H1-5/CDK1/HMGA2/NCAPH/H1-1/H1-6/CCNB1/CTPS1/TOP2A/SMC4/H1-2",16
"GO:2000027","regulation of animal organ morphogenesis","16/2849","45/18842",0.355555555555556,2.35148395148395,3.83094670184783,0.000579064219825737,0.016155009909453,0.016155009909453,"AGT/GATA5/SULF1/LHX1/ROBO2/MAGED1/SAPCD2/SHH/WNT3A/DKK1/SIX2/WT1/SIX4/GDNF/TBX1/GATA3",16
"GO:0048520","positive regulation of behavior","12/2849","29/18842",0.413793103448276,2.73664080560632,3.95014650583851,0.000582732416234747,0.0161752391900312,0.0161752391900312,"MTNR1B/AGRP/NPY/NPY1R/STRA6/OPRK1/GHRH/ADORA2A/OPN3/GHSR/UCN/GRPR",12
"GO:0006814","sodium ion transport","56/2849","242/18842",0.231404958677686,1.53040794363108,3.50505196671062,0.000601212434977056,0.0166043394102206,0.0166043394102206,"AGT/MAGED2/SLC6A5/PRSS8/TRPM5/PCSK9/ATP4B/HCN4/SLC17A4/SLC20A1/SLC5A8/ATP1A3/ASIC4/SLC23A1/SHROOM2/SLC10A4/ASIC5/FXYD4/ASIC2/NKAIN1/SLC6A15/SLC17A8/BPIFA1/SLC34A1/SLC4A8/HCN2/SLC12A3/SLC24A5/SLC8A2/SLC4A10/KCNK1/SLC6A17/UNC80/SLC6A19/SLC5A5/NKAIN4/SLC24A2/CNGA3/SLC5A12/ATP1A4/SLC38A5/WNK4/KCNK9/NALF1/ASIC3/SLC6A9/SLC34A3/SLC5A2/NKX2-5/TRPM2/CNGA2/SCN1A/SLC6A4/GRIN1/SLC12A1/SLC6A11",56
"GO:0000077","DNA damage checkpoint signaling","30/2849","109/18842",0.275229357798165,1.82024273767393,3.62480966438131,0.000605252700058903,0.0166323441976187,0.0166323441976187,"RAD51/TICRR/CCND1/H2AX/EME1/WDR76/BARD1/PLK1/MUC1/INTS7/CLSPN/TIMELESS/BRIP1/EME2/CDK1/CDC7/PARP9/CHEK1/DONSON/DBF4/TELO2/FANCD2/E2F1/HUS1B/BRCA1/FBXO6/BLM/BRSK1/BRCA2/DTL",30
"GO:0050433","regulation of catecholamine secretion","14/2849","37/18842",0.378378378378378,2.5024237997211,3.86091178183591,0.000615551139985944,0.0168311893799142,0.0168311893799142,"GRM5/SYT1/ABAT/STX1A/CHRNA6/PNOC/OPRK1/ADORA2A/CARTPT/CHGA/GDNF/GHSR/SYT4/CHRNA4",14
"GO:0007051","spindle organization","47/2849","195/18842",0.241025641025641,1.59403479403479,3.51931332971136,0.000629486673974601,0.017089738954461,0.017089738954461,"CENPH/PSRC1/AUNIP/TPX2/DLGAP5/KIFC1/GPSM2/DCAF13/KIF4A/SAC3D1/NUF2/AURKB/SKA1/PRC1/BIRC5/RACGAP1/TTK/KIF23/RCC1/PLK1/WDR62/KASH5/SKA3/CENPE/SPC25/ASPM/EZR/STIL/NEK2/KIF11/NDC80/UHRF1/CDCA8/TUBB8/STMN1/AURKA/CCNB1/TUBG1/KIF15/KIF4B/MISP/TACC3/KNSTRN/MAPK15/FSD1/SPAG5/FAM110A",47
"GO:0031632","positive regulation of synaptic vesicle fusion to presynaptic active zone membrane","8/2849","15/18842",0.533333333333333,3.52722592722593,4.13268560441652,0.000640554262121353,0.017089738954461,0.017089738954461,"SYT9/SYT1/SYT7/PRRT2/SYT13/SYT4/DOC2A/SYT5",8
"GO:0045956","positive regulation of calcium ion-dependent exocytosis","8/2849","15/18842",0.533333333333333,3.52722592722593,4.13268560441652,0.000640554262121353,0.017089738954461,0.017089738954461,"SYT10/SYT1/STX1A/SYT7/CACNA1B/SYT4/HYAL3/DOC2A",8
"GO:0099502","calcium-dependent activation of synaptic vesicle fusion","8/2849","15/18842",0.533333333333333,3.52722592722593,4.13268560441652,0.000640554262121353,0.017089738954461,0.017089738954461,"SYT9/SYT1/SYT7/PRRT2/SYT13/SYT4/DOC2A/SYT5",8
"GO:1901634","positive regulation of synaptic vesicle membrane organization","8/2849","15/18842",0.533333333333333,3.52722592722593,4.13268560441652,0.000640554262121353,0.017089738954461,0.017089738954461,"SYT9/SYT1/SYT7/PRRT2/SYT13/SYT4/DOC2A/SYT5",8
"GO:0032200","telomere organization","46/2849","190/18842",0.242105263157895,1.60117492749072,3.51518500956784,0.000644820608437419,0.0171204544153239,0.0171204544153239,"H4C11/RAD51/H3C7/H3C1/DNA2/H3C3/AURKB/H3C11/FEN1/H3C12/H3C2/H4C8/PIF1/H4C4/NEK2/PPP1CA/EME2/RUVBL1/H3C10/PKIB/H4C2/H4C12/H3C8/EXO1/TFPT/H4C5/H4C1/H3C6/H4C13/MAPK15/H4C3/PCNA/H4C15/HUS1B/TERT/LIG1/H4C6/BLM/H4C14/BRCA2/NVL/H4C16/PARP1/CCT3/H4C9/RECQL4",46
"GO:0071805","potassium ion transmembrane transport","49/2849","206/18842",0.237864077669903,1.57312564108681,3.49092347656577,0.000671349400538318,0.0177391168526855,0.0177391168526856,"KCNG1/KCNQ5/TRPM5/ATP4B/HCN4/KCNQ3/ATP1A3/SLC12A5/KCNS3/KCNJ10/KCNH1/KCNV1/CACNA1D/FXYD4/KCNK15/KCNK16/KCNF1/KCNH2/HCN2/SLC12A3/SLC24A5/KCNC2/KCNQ2/DPP10/KCNK1/OPRK1/KCNG2/KCNJ18/KCNH6/HPN/KCNK6/KCNG3/KCNK5/KCNG4/KCNJ4/KCNJ3/SLC24A2/RGS4/KCNK10/LRRC26/ATP1A4/SLC12A8/WNK4/KCNK9/KCNE4/KCNJ6/KCNC1/KCNJ11/SLC12A1",49
"GO:0015833","peptide transport","55/2849","238/18842",0.23109243697479,1.52834106615619,3.46204662259726,0.00069221808105175,0.0182030170978967,0.0182030170978967,"MTNR1B/TRPM5/PDX1/TOR2A/TRPA1/ILDR1/SLC25A22/BRSK2/RAB3A/ABAT/FOXA2/IFNG/KCNK16/STX1A/ABCC5/SLC25A39/ABCA12/NMU/PTPRN2/SCT/CAMP/MAFA/CCL5/SLC30A8/SYT7/ALDOA/GHRH/HTR2C/CACNG4/SSTR5/CARTPT/BAIAP3/FGB/BMP8A/NKX6-1/TFR2/PYY/CHGA/HNF4A/GHSR/PTPRN/NHERF1/GAL/GIP/TAP1/FGG/RIMS2/PASK/SLC15A1/BLK/UQCC2/UCN/KCNJ11/NEUROD1/UCN3",55
"GO:0000727","double-strand break repair via break-induced replication","7/2849","12/18842",0.583333333333333,3.85790335790336,4.17971079171218,0.000703229387278817,0.018404517678497,0.018404517678497,"MCM2/MCM4/GINS4/CDC45/CDC7/MCM6/GINS2",7
"GO:1901992","positive regulation of mitotic cell cycle phase transition","26/2849","91/18842",0.285714285714286,1.88958531815675,3.59028824101525,0.000740198367680181,0.019280238051044,0.019280238051044,"DLGAP5/CCND1/UBE2C/SKA1/CCNE2/RCC2/RRM2/BIRC5/CDC6/CDC25B/PLK1/SKA3/STIL/ESPL1/CDK1/CDC25A/CDC7/CDC25C/CCNE1/CCNB1/PHOX2B/ANAPC11/MTBP/TERT/CDC20/DTL",26
"GO:1905145","cellular response to acetylcholine","16/2849","46/18842",0.347826086956522,2.30036473514734,3.72687315517791,0.000764638228080632,0.0198228853845809,0.0198228853845809,"LY6E/RGS8/CDK5R1/CHRNA1/CHRNA5/CHRND/HRH3/CHRNG/CHRNA6/CHRNB4/LY6H/CHRNB3/PSCA/CHRNA9/CHRNA4/LYPD1",16
"GO:0030534","adult behavior","21/2849","68/18842",0.308823529411765,2.04241942477237,3.63455944148728,0.000771019231495608,0.0198944680577458,0.0198944680577458,"CNTNAP2/AGRP/NPY/FOXA2/CHRNA5/CHRNA6/SEZ6L2/SLC1A1/DRD4/PNOC/OPRK1/CARTPT/GDNF/GHSR/GAL/SEZ6L/SLC6A4/CHRNA4/FADD/EN1/SEZ6",21
"GO:0042730","fibrinolysis","11/2849","26/18842",0.423076923076923,2.7980397980398,3.87218013663975,0.00078733598624907,0.020126505025232,0.020126505025232,"PLAU/VTN/PLG/PLAUR/F12/FAP/FGB/HRG/KRT1/FGG/F2",11
"GO:0051315","attachment of mitotic spindle microtubules to kinetochore","11/2849","26/18842",0.423076923076923,2.7980397980398,3.87218013663975,0.00078733598624907,0.020126505025232,0.020126505025232,"NUF2/CDT1/AURKB/SKA1/BIRC5/SKA3/CENPE/NDC80/CDK1/CDCA8/KIF2C",11
"GO:0042220","response to cocaine","15/2849","42/18842",0.357142857142857,2.36198164769593,3.72949652624423,0.000808644227934352,0.0203152143760272,0.0203152143760272,"TACR3/ACOD1/ABAT/CCNA2/SLC1A2/SLC1A1/DRD4/PNOC/OPRK1/CACNG4/CARTPT/RGS4/SLC6A4/FADD/EN1",15
"GO:0050913","sensory perception of bitter taste","15/2849","42/18842",0.357142857142857,2.36198164769593,3.72949652624423,0.000808644227934352,0.0203152143760272,0.0203152143760272,"TAS2R46/TAS2R2/TAS2R38/CST2/GNAT1/TAS2R40/TAS2R30/CST4/CST1/CALHM1/TAS2R50/TAS2R13/LPO/RTP3/TAS2R1",15
"GO:0060675","ureteric bud morphogenesis","15/2849","42/18842",0.357142857142857,2.36198164769593,3.72949652624423,0.000808644227934352,0.0203152143760272,0.0203152143760272,"AGT/LHX1/MAGED1/FOXD1/HOXA11/HS3ST3A1/SHH/KIF26B/SIX2/WT1/NPNT/SIX4/GDNF/PAX2/GATA3",15
"GO:0048598","embryonic morphogenesis","76/2849","354/18842",0.214689265536723,1.41985789443417,3.36583032563548,0.000809503629612439,0.0203152143760272,0.0203152143760272,"LBX2/HAND1/FOXN4/MMP9/SULF1/LHX1/MYO3B/APOA1/PITX1/SLC44A4/TH/MMP8/WNT7B/SCRIB/SOX2/FBN3/IHH/TIFAB/HOXA11/SHH/FBN2/VTN/EPHB2/FOXA2/OTOP1/COL5A2/COL2A1/WNT3A/SCX/TRIM15/STIL/HOXD13/DKK1/GRHL3/CELSR1/WNT7A/STRA6/SIX2/TCAP/FOXH1/MACROH2A1/OTX2/HMGA2/SIX3/MESP2/MFAP2/SOX11/FN1/COL5A1/HPN/HOXC4/CFC1/CFC1B/COL12A1/SIX4/GDNF/HOXB9/MICAL2/MMP14/INHBA/GATA4/ZIC1/HOXC11/PAX2/NKX2-5/COL11A1/COL8A1/TPRN/EOMES/IRX5/TBX1/NEUROD1/ZIC3/PPP1R35/TBX20/GATA3",76
"GO:0031640","killing of cells of another organism","30/2849","111/18842",0.27027027027027,1.78744557122935,3.51184050019856,0.000838914715452,0.020689170486319,0.020689170486319,"CCL1/GZMB/TOR2A/H2BC11/C8G/CXCL10/CCL11/CCL25/MICB/CCL19/PGLYRP4/CXCL9/CCL20/LYZ/H2BC12/DCD/CXCL11/CCL17/CXCL13/CHGA/CST11/GBP5/KRT6A/PGLYRP3/HTN1/F2/GZMA/AZU1/TREM1/KNG1",30
"GO:0141061","disruption of cell in another organism","30/2849","111/18842",0.27027027027027,1.78744557122935,3.51184050019856,0.000838914715452,0.020689170486319,0.020689170486319,"CCL1/GZMB/TOR2A/H2BC11/C8G/CXCL10/CCL11/CCL25/MICB/CCL19/PGLYRP4/CXCL9/CCL20/LYZ/H2BC12/DCD/CXCL11/CCL17/CXCL13/CHGA/CST11/GBP5/KRT6A/PGLYRP3/HTN1/F2/GZMA/AZU1/TREM1/KNG1",30
"GO:0060259","regulation of feeding behavior","14/2849","38/18842",0.368421052631579,2.4365705418337,3.74133730578717,0.000840332235659107,0.020689170486319,0.020689170486319,"TACR3/AGRP/NPY/NMU/MCHR1/NPY1R/OPRK1/RETN/CARTPT/PYY/OPN3/GHSR/PCSK1N/UCN",14
"GO:0021510","spinal cord development","18/2849","55/18842",0.327272727272727,2.16443409170682,3.65006644096365,0.000842246403676905,0.020689170486319,0.020689170486319,"FOXN4/LHX1/CHRD/LRP8/DRAXIN/NEUROG3/MDGA2/NEFL/SOX11/MNX1/LHX5/GDNF/PAX6/ZIC1/SLIT1/SOX12/ASCL1/TBX20",18
"GO:0022617","extracellular matrix disassembly","22/2849","73/18842",0.301369863013699,1.99312423969958,3.5882085421879,0.000844214887227002,0.020689170486319,0.020689170486319,"CARMIL2/MMP9/PLAU/MMP11/MMP13/MMP8/TMPRSS6/FGFR4/MMP12/PRSS2/PLG/PRSS1/MMP10/KLK4/GDPD2/PLAUR/HPN/FAP/ADAM8/MMP1/MMP14/MMP3",22
"GO:0006816","calcium ion transport","87/2849","416/18842",0.209134615384615,1.38312194562195,3.33504264982742,0.000846991149822013,0.020689170486319,0.020689170486319,"GRIN2C/TRPM5/CACNA1I/CATSPER1/TOR2A/TRPA1/P2RY6/CXCL10/TRPM8/CACNA2D2/CACNA1D/MS4A1/ATP2A1/P2RX5/RAMP1/CEMIP/CALHM3/KCNK16/CHRNA1/CHRNA5/EPO/CHRND/ATP2B3/WNT3A/CXCR3/MCOLN2/CCL19/AKAP5/MCHR1/CACNG6/CCR7/SLC24A5/CHRNG/TRPC7/CACNG5/PANX3/CXCL9/JPH3/CHRNA6/CBARP/SLC8A2/CCL5/CHRNB4/OPRD1/FAIM2/CYP27B1/CALHM1/HTR3A/ANO9/ORAI2/CACNA1E/CACNB3/LACRT/HTR2C/CACNG4/CXCL11/ADORA2A/CACNA1B/CD19/SLC24A2/GRIN2D/CALCA/ATP2A3/P2RX2/RGS4/CNGA3/CHRNB3/HOMER3/CACNA1H/GRIN3B/NTSR1/NALF1/CACNG1/CAMK2A/CHRNA9/JPH1/NALF2/PLPP4/TRPM2/CNGA2/GRIN1/CHRNA4/UCN/ATP2C2/SLN/F2/FCRL3",87
"GO:0048499","synaptic vesicle membrane organization","13/2849","34/18842",0.382352941176471,2.52870976400388,3.76553267682954,0.000853092142030465,0.0207459929761037,0.0207459929761037,"SYT9/SYT1/RAB3A/CPLX2/SYT7/PRRT2/SYNGR2/SYT13/SYT4/DOC2A/SYP/CPLX4/SYT5",13
"GO:0048706","embryonic skeletal system development","20/2849","64/18842",0.3125,2.06673394173394,3.60790143344556,0.000863177016621882,0.0208071091375169,0.0208071091375169,"COL1A1/SULF1/LHX1/DLX4/HOXA11/COL2A1/SCX/SULF2/DLX5/SLC2A10/DLX1/SOX11/HOXC4/HOXB9/HOXC11/DLX3/DLX6/DLX2/IRX5/TBX1",20
"GO:0060993","kidney morphogenesis","20/2849","64/18842",0.3125,2.06673394173394,3.60790143344556,0.000863177016621882,0.0208071091375169,0.0208071091375169,"AGT/LHX1/MAGED1/FOXD1/WNT7B/FOXJ1/HOXA11/HS3ST3A1/SHH/KIF26B/SIX2/BASP1/WT1/NPNT/SIX4/GDNF/STAT1/WNK4/PAX2/GATA3",20
"GO:0001956","positive regulation of neurotransmitter secretion","9/2849","19/18842",0.473684210526316,3.13273355378619,3.925565351927,0.000888329185873205,0.0211353125781781,0.0211353125781781,"SYT1/SLC18A3/STX1A/SLC4A8/ADORA2A/CACNA1B/BAIAP3/GPR158/KMO",9
"GO:0002209","behavioral defense response","9/2849","19/18842",0.473684210526316,3.13273355378619,3.925565351927,0.000888329185873205,0.0211353125781781,0.0211353125781781,"EPHB2/DRD4/HTR1A/MAPK8IP2/HTR2C/NTSR1/MDK/UCN/GRPR",9
"GO:1902101","positive regulation of metaphase/anaphase transition of cell cycle","9/2849","19/18842",0.473684210526316,3.13273355378619,3.925565351927,0.000888329185873205,0.0211353125781781,0.0211353125781781,"DLGAP5/UBE2C/SKA1/PLK1/SKA3/ESPL1/ANAPC11/MAPK15/CDC20",9
"GO:0002790","peptide secretion","50/2849","214/18842",0.233644859813084,1.54522163867958,3.38555666069536,0.000912654680936929,0.0215427628662127,0.0215427628662127,"MTNR1B/TRPM5/PDX1/TOR2A/TRPA1/ILDR1/SLC25A22/BRSK2/RAB3A/ABAT/FOXA2/IFNG/KCNK16/STX1A/ABCA12/NMU/PTPRN2/SCT/CAMP/MAFA/CCL5/SLC30A8/SYT7/ALDOA/GHRH/HTR2C/CACNG4/SSTR5/CARTPT/BAIAP3/FGB/BMP8A/NKX6-1/TFR2/PYY/CHGA/HNF4A/GHSR/PTPRN/GAL/GIP/FGG/RIMS2/PASK/BLK/UQCC2/UCN/KCNJ11/NEUROD1/UCN3",50
"GO:0048608","reproductive structure development","41/2849","167/18842",0.245508982035928,1.62368558775744,3.41685752038582,0.00091923332596227,0.0215427628662127,0.0215427628662127,"TACR3/SULF1/LHX1/PSAPL1/ROBO2/CCND1/INHA/DMRT1/RARA/ADAM2/CGA/TIFAB/HOXA11/DNAAF11/SHH/ADAM18/SCX/HOXD13/WNT7A/STRA6/BASP1/BMPR1B/WT1/RETN/HOXB13/ZFP42/SIX4/CRIP1/TEX19/PTPRN/MMP14/BIK/HYAL3/AMH/GDF9/INHBA/GATA4/GFRA1/SRD5A2/IRX5/GATA3",41
"GO:0009880","embryonic pattern specification","17/2849","51/18842",0.333333333333333,2.2045162045162,3.63543194879581,0.000921133419497816,0.0215427628662127,0.0215427628662127,"LHX1/RIPPLY3/TIFAB/SHH/STIL/WNT7A/TDRD1/BASP1/MESP2/RIPPLY2/WT1/DOP1B/TDRKH/MEIS3/SEMA3F/ZIC3/CDX2",17
"GO:0045143","homologous chromosome segregation","17/2849","51/18842",0.333333333333333,2.2045162045162,3.63543194879581,0.000921133419497816,0.0215427628662127,0.0215427628662127,"MAJIN/TEX11/TEX15/SGO1/P3H4/ZWINT/KASH5/TRIP13/SGO2/MND1/HORMAD1/SYCE3/KNL1/PTTG3P/SYCP2/FANCD2/PTTG1",17
"GO:0015711","organic anion transport","91/2849","440/18842",0.206818181818182,1.36780209962028,3.29489257729529,0.000944382549141642,0.0219929088562816,0.0219929088562816,"GIPC1/SLC6A5/SLC7A8/SLC35D3/RTBDN/SLC2A14/SLC52A1/RBP1/SLC38A8/SLC37A1/SLC17A4/SLC5A8/PLA2G2F/SLC35A2/SLC44A4/MFSD2A/SLC7A13/SLC25A22/SLC26A9/SLC23A1/SLC25A10/SLCO5A1/SLC1A4/TTYH3/ABAT/SLCO1B3/PLA2G3/SLC52A3/SLC10A4/SLC1A6/SLC7A5/SLC29A3/SLC1A2/CALHM3/SLC22A10/CYP4F2/SLC19A1/RBP2/ABCC5/SLC25A39/SLC52A2/SLC6A15/SLC17A8/SLC4A8/CALHM6/PLA2G2C/AVPR1B/SLC1A1/SLC4A10/DRD4/SLC2A1/SLC2A10/PNOC/CALHM1/KCNK1/SLC22A24/PLA2G2D/SLC6A17/SFXN5/SLC7A11/SLC27A4/CRABP1/ADORA2A/SLC16A6/PLA2G10/SLC25A47/SFXN1/RGS4/SLC16A3/SLC5A12/SLC22A7/NTSR1/SYT4/SLC38A5/NHERF1/LYPLA1/SLC39A6/SLC6A9/SLC39A4/FABP6/LLGL2/CRABP2/SLC27A2/SLC17A9/PRAF2/KMO/SLC7A2/SLC6A11/SLC2A6/SFXN2/SLC32A1",91
"GO:0048562","embryonic organ morphogenesis","39/2849","157/18842",0.248407643312102,1.64285602502163,3.41389551049198,0.000952434076983888,0.0220868256839808,0.0220868256839808,"HAND1/FOXN4/LHX1/MYO3B/SLC44A4/TH/FBN3/IHH/TIFAB/HOXA11/SHH/FBN2/EPHB2/OTOP1/COL2A1/STIL/STRA6/SIX2/TCAP/FOXH1/SIX3/MFAP2/SOX11/HPN/HOXC4/HOXB9/MICAL2/GATA4/ZIC1/HOXC11/PAX2/NKX2-5/TPRN/IRX5/TBX1/NEUROD1/ZIC3/PPP1R35/TBX20",39
"GO:2000242","negative regulation of reproductive process","16/2849","47/18842",0.340425531914894,2.25142080461229,3.62547041488993,0.000998501684124044,0.0230578372098561,0.0230578372098561,"SULF1/DMRT1/PAEP/TTK/ZWINT/TRIP13/PKMYT1/ASTL/TIMP1/ZP4/HORMAD1/WT1/CALR/FBXO43/SEMG2/KNL1",16
"GO:0061458","reproductive system development","41/2849","168/18842",0.244047619047619,1.61402079259222,3.37405589059333,0.00104156987329584,0.0239517490528617,0.0239517490528617,"TACR3/SULF1/LHX1/PSAPL1/ROBO2/CCND1/INHA/DMRT1/RARA/ADAM2/CGA/TIFAB/HOXA11/DNAAF11/SHH/ADAM18/SCX/HOXD13/WNT7A/STRA6/BASP1/BMPR1B/WT1/RETN/HOXB13/ZFP42/SIX4/CRIP1/TEX19/PTPRN/MMP14/BIK/HYAL3/AMH/GDF9/INHBA/GATA4/GFRA1/SRD5A2/IRX5/GATA3",41
"GO:0030072","peptide hormone secretion","49/2849","210/18842",0.233333333333333,1.54316134316134,3.34073474533685,0.0010522745809867,0.023976696582116,0.023976696582116,"MTNR1B/TRPM5/PDX1/TOR2A/TRPA1/ILDR1/SLC25A22/BRSK2/RAB3A/ABAT/FOXA2/IFNG/KCNK16/STX1A/ABCA12/NMU/PTPRN2/SCT/CAMP/MAFA/CCL5/SLC30A8/SYT7/ALDOA/GHRH/HTR2C/CACNG4/SSTR5/CARTPT/BAIAP3/FGB/BMP8A/NKX6-1/TFR2/CHGA/HNF4A/GHSR/PTPRN/GAL/GIP/FGG/RIMS2/PASK/BLK/UQCC2/UCN/KCNJ11/NEUROD1/UCN3",49
"GO:0010971","positive regulation of G2/M transition of mitotic cell cycle","10/2849","23/18842",0.434782608695652,2.87545591893418,3.79844409178269,0.00105574246231297,0.023976696582116,0.023976696582116,"CCND1/RCC2/CDC25B/CDK1/CDC25A/CDC7/CDC25C/CCNB1/PHOX2B/DTL",10
"GO:0090200","positive regulation of release of cytochrome c from mitochondria","10/2849","23/18842",0.434782608695652,2.87545591893418,3.79844409178269,0.00105574246231297,0.023976696582116,0.023976696582116,"MLLT11/MMP9/BAK1/BAX/PYCARD/PMAIP1/GZMK/PLAUR/BIK/BBC3",10
"GO:0007187","G protein-coupled receptor signaling pathway, coupled to cyclic nucleotide second messenger","18/2849","56/18842",0.321428571428571,2.12578348292634,3.56094247417312,0.00106810483287369,0.0241576302941309,0.0241576302941309,"AGT/MTNR1B/GALR3/NPY/HTR1E/SSTR2/HRH3/HTR6/NPY1R/OPRD1/DRD4/HTR1D/HTR1A/MC2R/HTR2C/SSTR5/MC5R/CNR2",18
"GO:0043279","response to alkaloid","23/2849","79/18842",0.291139240506329,1.92546352040023,3.47900410911181,0.00110200402953181,0.0247382508781271,0.0247382508781271,"RAD51/TACR3/GRM5/PDX1/ACOD1/TRPA1/ABAT/CCNA2/SLC1A2/SLC34A1/SLC1A1/DRD4/PNOC/OPRK1/CACNG4/ADORA2A/CARTPT/RGS4/PRKCG/SLC6A4/BLM/FADD/EN1",23
"GO:0042756","drinking behavior","8/2849","16/18842",0.5,3.30677430677431,3.89600315999931,0.00111178092556357,0.0247382508781271,0.0247382508781271,"TACR3/NPY/TMEM63B/PNOC/CARTPT/GAL/UCN/EN1",8
"GO:0072074","kidney mesenchyme development","8/2849","16/18842",0.5,3.30677430677431,3.89600315999931,0.00111178092556357,0.0247382508781271,0.0247382508781271,"FOXD1/SHH/SIX2/BASP1/WT1/SIX4/STAT1/PAX2",8
"GO:1903998","regulation of eating behavior","8/2849","16/18842",0.5,3.30677430677431,3.89600315999931,0.00111178092556357,0.0247382508781271,0.0247382508781271,"NPY/NMU/NPY1R/OPRK1/CARTPT/PYY/OPN3/GHSR",8
"GO:0001580","detection of chemical stimulus involved in sensory perception of bitter taste","14/2849","39/18842",0.358974358974359,2.37409437409437,3.62550511993365,0.00113048776435211,0.0247536284975267,0.0247536284975267,"TAS2R46/TAS2R2/TAS2R38/CST2/GNAT1/TAS2R40/TAS2R30/CST4/CST1/TAS2R50/TAS2R13/LPO/RTP3/TAS2R1",14
"GO:0006270","DNA replication initiation","14/2849","39/18842",0.358974358974359,2.37409437409437,3.62550511993365,0.00113048776435211,0.0247536284975267,0.0247536284975267,"TICRR/MCM2/MCM4/ORC1/CDT1/LRWD1/CDC6/MCM10/CDC45/ORC6/MCM6/MCIDAS/POLA2/DTL",14
"GO:0009948","anterior/posterior axis specification","14/2849","39/18842",0.358974358974359,2.37409437409437,3.62550511993365,0.00113048776435211,0.0247536284975267,0.0247536284975267,"LHX1/TIFAB/SHH/FOXA2/SIX2/TDRD1/BASP1/OTX2/MESP2/RIPPLY2/WT1/TDRKH/ZIC3/CDX2",14
"GO:0050432","catecholamine secretion","14/2849","39/18842",0.358974358974359,2.37409437409437,3.62550511993365,0.00113048776435211,0.0247536284975267,0.0247536284975267,"GRM5/SYT1/ABAT/STX1A/CHRNA6/PNOC/OPRK1/ADORA2A/CARTPT/CHGA/GDNF/GHSR/SYT4/CHRNA4",14
"GO:0046651","lymphocyte proliferation","52/2849","227/18842",0.229074889867841,1.51499792028426,3.2947321542933,0.00117293326319028,0.0255811159305309,0.0255811159305309,"FOXP3/CD6/PLA2G2F/TNFSF4/MZB1/LGALS9B/SCRIB/FOXJ1/TNFSF13B/IL27/IHH/CD24/MS4A1/SHH/IGHE/PYCARD/EPHB2/EPO/IL18/FCGR3A/CCL19/IKZF3/LGALS9C/CD80/GAPT/CCL5/IL4I1/HELLS/IL21/PLA2G2D/TFRC/TNFRSF4/SOX11/ZP4/FLT3/CD19/IL12B/PRLR/CDKN2A/TNFRSF13C/CD79A/RASGRP1/IFNB1/CTPS1/SLC11A1/VAV3/GAL/CTLA4/CR2/FADD/IL12RB2/FCRL3",52
"GO:0042531","positive regulation of tyrosine phosphorylation of STAT protein","12/2849","31/18842",0.387096774193548,2.56008333427688,3.669069459261,0.00118176589530138,0.0256718788955588,0.0256718788955588,"IL31RA/IFNG/IL18/FGFR3/IL21/TNFRSF18/IFNL1/OSM/FLT3/IL20/PARP9/IL2RG",12
"GO:0001906","cell killing","54/2849","238/18842",0.226890756302521,1.50055304677153,3.27996079807632,0.00120516444797121,0.0260771015986212,0.0260771015986212,"CCL1/CD1B/GZMB/TOR2A/STXBP2/H2BC11/C8G/STAP1/CXCL10/CCL11/CR1L/IGHE/CCL25/TIGIT/CORO1A/FCGR3A/MICB/CCL19/PGLYRP4/CXCL9/NECTIN4/CCL20/KIR2DL4/IGHG1/ULBP1/IL21/NECTIN2/LYZ/H2BC12/CLEC2A/DCD/CXCL11/IL12B/CCL17/CXCL13/CHGA/RASGRP1/CST11/CD2/GBP5/KRT6A/CD1A/FCGR1A/PGLYRP3/HTN1/FADD/ULBP2/F2/RAET1L/GZMA/AZU1/TREM1/KNG1/SERPINB4",54
"GO:2000300","regulation of synaptic vesicle exocytosis","16/2849","48/18842",0.333333333333333,2.2045162045162,3.52660553827977,0.00129021430518708,0.0278079130247381,0.0278079130247381,"SYT1/NPY/RAB3A/CSPG5/SLC4A8/WNT7A/RIMS1/SYT13/CACNA1B/SYT4/RIMS2/PRKCG/CDK5/RIMS4/SYN1/SYT5",16
"GO:0007052","mitotic spindle organization","34/2849","134/18842",0.253731343283582,1.67806457358696,3.32462758524377,0.00132461770816186,0.0282257276313665,0.0282257276313665,"CENPH/PSRC1/TPX2/DLGAP5/KIFC1/GPSM2/KIF4A/NUF2/AURKB/PRC1/BIRC5/RACGAP1/TTK/KIF23/RCC1/PLK1/WDR62/CENPE/SPC25/STIL/KIF11/NDC80/UHRF1/CDCA8/STMN1/AURKA/CCNB1/TUBG1/KIF15/KIF4B/MISP/TACC3/FSD1/FAM110A",34
"GO:1903251","multi-ciliated epithelial cell differentiation","7/2849","13/18842",0.538461538461538,3.56114156114156,3.89874528876808,0.00132500686479122,0.0282257276313665,0.0282257276313665,"PLK4/CCDC78/FOXJ1/CCNO/DEUP1/MCIDAS/WFDC2",7
"GO:2000696","regulation of epithelial cell differentiation involved in kidney development","7/2849","13/18842",0.538461538461538,3.56114156114156,3.89874528876808,0.00132500686479122,0.0282257276313665,0.0282257276313665,"MMP9/LHX1/CD24/GDNF/STAT1/PAX2/GATA3",7
"GO:0051445","regulation of meiotic cell cycle","18/2849","57/18842",0.31578947368421,2.08848903585746,3.47367447772703,0.00134354179127253,0.028510060559204,0.028510060559204,"DMRT1/TTK/CDC25B/ZWINT/TRIP13/PKMYT1/ASPM/RAD51AP1/STRA8/CDC25A/HORMAD1/MEIOSIN/CDC25C/FBXO43/ANAPC11/KNL1/MAPK15/CDC20",18
"GO:0140029","exocytic process","24/2849","85/18842",0.282352941176471,1.86735490264902,3.38265606014208,0.00139042658526164,0.0292499454137286,0.0292499454137286,"SYT9/STXBP2/SYT1/SCRIB/RAB3A/PLA2G3/STX1A/VAMP8/CPLX2/SYT7/SNPH/UNC13A/RIMS1/PRRT2/PPFIA3/SYT13/SYT4/SYNGR3/DOC2A/RIMS2/SYP/CPLX4/BRSK1/SYT5",24
"GO:0072171","mesonephric tubule morphogenesis","15/2849","44/18842",0.340909090909091,2.25461884552794,3.51653992993587,0.0013996322351556,0.0292499454137286,0.0292499454137286,"AGT/LHX1/MAGED1/FOXD1/HOXA11/HS3ST3A1/SHH/KIF26B/SIX2/WT1/NPNT/SIX4/GDNF/PAX2/GATA3",15
"GO:0042596","fear response","9/2849","20/18842",0.45,2.97609687609688,3.73184481440245,0.00139969716954341,0.0292499454137286,0.0292499454137286,"EPHB2/DRD4/HTR1A/MAPK8IP2/HTR2C/NTSR1/MDK/UCN/GRPR",9
"GO:0098974","postsynaptic actin cytoskeleton organization","9/2849","20/18842",0.45,2.97609687609688,3.73184481440245,0.00139969716954341,0.0292499454137286,0.0292499454137286,"SH3GL2/POTEE/SRCIN1/ACTN2/POTEJ/EZR/POTEI/ACTL8/RAC3",9
"GO:0044774","mitotic DNA integrity checkpoint signaling","21/2849","71/18842",0.295774647887324,1.95612001245804,3.40667817936875,0.00142826030702191,0.0295460420905047,0.0295460420905047,"TICRR/CCND1/EME1/ORC1/CDC6/PLK1/MUC1/CLSPN/TIMELESS/EME2/CDK1/CDC7/CHEK1/DONSON/DBF4/FANCD2/HUS1B/BRCA1/BLM/BRSK1/DTL",21
"GO:0001710","mesodermal cell fate commitment","6/2849","10/18842",0.6,3.96812916812917,3.96248658420002,0.00143946695255768,0.0295460420905047,0.0295460420905047,"HOXA11/WNT3A/TRIM15/DKK1/SIX2/PAX2",6
"GO:0045835","negative regulation of meiotic nuclear division","6/2849","10/18842",0.6,3.96812916812917,3.96248658420002,0.00143946695255768,0.0295460420905047,0.0295460420905047,"DMRT1/ZWINT/TRIP13/HORMAD1/FBXO43/KNL1",6
"GO:0051307","meiotic chromosome separation","6/2849","10/18842",0.6,3.96812916812917,3.96248658420002,0.00143946695255768,0.0295460420905047,0.0295460420905047,"TTK/ZWINT/ESPL1/NCAPH/KNL1/MAPK15",6
"GO:0001704","formation of primary germ layer","25/2849","90/18842",0.277777777777778,1.83709683709684,3.35974556495008,0.00144074586613087,0.0295460420905047,0.0295460420905047,"MMP9/LHX1/MMP8/SOX2/HOXA11/VTN/COL5A2/WNT3A/SCX/TRIM15/DKK1/SIX2/MACROH2A1/HMGA2/MESP2/FN1/COL5A1/COL12A1/MMP14/INHBA/PAX2/COL11A1/COL8A1/EOMES/TBX20",25
"GO:0072028","nephron morphogenesis","17/2849","53/18842",0.320754716981132,2.12132691377974,3.45025805507735,0.00149370309565943,0.0304051563472008,0.0304051563472008,"AGT/LHX1/MAGED1/FOXD1/HOXA11/HS3ST3A1/SHH/KIF26B/SIX2/WT1/NPNT/SIX4/GDNF/STAT1/WNK4/PAX2/GATA3",17
"GO:0072088","nephron epithelium morphogenesis","17/2849","53/18842",0.320754716981132,2.12132691377974,3.45025805507735,0.00149370309565943,0.0304051563472008,0.0304051563472008,"AGT/LHX1/MAGED1/FOXD1/HOXA11/HS3ST3A1/SHH/KIF26B/SIX2/WT1/NPNT/SIX4/GDNF/STAT1/WNK4/PAX2/GATA3",17
"GO:0007260","tyrosine phosphorylation of STAT protein","14/2849","40/18842",0.35,2.31474201474201,3.51319085846903,0.00150009927439066,0.0304226775352438,0.0304226775352438,"IL31RA/IFNG/IL18/IFNL4/FGFR3/IL21/TNFRSF18/IFNL1/OSM/FLT3/IL20/PARP9/PTK6/IL2RG",14
"GO:0002526","acute inflammatory response","27/2849","100/18842",0.27,1.78565812565813,3.32474904971006,0.0015106826354765,0.0305246756050693,0.0305246756050693,"C2CD4A/NLRP6/CD6/TNFSF4/NPY/ORM2/IGHE/EPO/SIGIRR/FCGR3A/ORM1/CCR7/CREB3L3/IGHG1/PLA2G2D/TFRC/OSM/FUT7/FN1/F12/AHSG/LCN2/ADAM8/F7/FCGR1A/F2/GATA3",27
"GO:0009952","anterior/posterior pattern specification","28/2849","105/18842",0.266666666666667,1.76361296361296,3.31170119355463,0.00153194075269949,0.0308408292191809,0.0308408292191809,"LHX1/HES2/HES6/TIFAB/SHH/FOXA2/HELT/SIX2/TCAP/HES7/TDRD1/BASP1/OTX2/HOXB5/HES4/MESP2/RIPPLY2/HOXB6/WT1/HOXC4/CFC1/CFC1B/TDRKH/HOXB9/GATA4/TBX1/ZIC3/CDX2",28
"GO:0141060","disruption of anatomical structure in another organism","30/2849","115/18842",0.260869565217391,1.72527355136051,3.29268273137344,0.0015511928743172,0.0311144380921436,0.0311144380921436,"CCL1/GZMB/TOR2A/H2BC11/C8G/CXCL10/CCL11/CCL25/MICB/CCL19/PGLYRP4/CXCL9/CCL20/LYZ/H2BC12/DCD/CXCL11/CCL17/CXCL13/CHGA/CST11/GBP5/KRT6A/PGLYRP3/HTN1/F2/GZMA/AZU1/TREM1/KNG1",30
"GO:0032967","positive regulation of collagen biosynthetic process","10/2849","24/18842",0.416666666666667,2.75564525564526,3.63236001867947,0.00156653408415049,0.0313078957326949,0.0313078957326949,"MIR149/AMELX/SCX/CREB3L1/SERPINB7/CBX8/MYB/INHBA/UCN/F2",10
"GO:0015872","dopamine transport","13/2849","36/18842",0.361111111111111,2.38822588822589,3.51881475463229,0.00158235063012444,0.0313956644879563,0.0313956644879563,"SLC18A1/GRM5/SYT1/ABAT/SLC29A3/CHRNA6/DRD4/PNOC/OPRK1/GDNF/SYT4/MAPK15/CHRNA4",13
"GO:0042092","type 2 immune response","13/2849","36/18842",0.361111111111111,2.38822588822589,3.51881475463229,0.00158235063012444,0.0313956644879563,0.0313956644879563,"RARA/TNFSF4/IGHE/IL18/RSAD2/NOD2/IFNL1/DENND1B/MYB/IFNB1/BATF/ASCL2/GATA3",13
"GO:0032943","mononuclear cell proliferation","52/2849","230/18842",0.226086956521739,1.49523707784577,3.18943517245708,0.00159273999722359,0.0314881259882765,0.0314881259882765,"FOXP3/CD6/PLA2G2F/TNFSF4/MZB1/LGALS9B/SCRIB/FOXJ1/TNFSF13B/IL27/IHH/CD24/MS4A1/SHH/IGHE/PYCARD/EPHB2/EPO/IL18/FCGR3A/CCL19/IKZF3/LGALS9C/CD80/GAPT/CCL5/IL4I1/HELLS/IL21/PLA2G2D/TFRC/TNFRSF4/SOX11/ZP4/FLT3/CD19/IL12B/PRLR/CDKN2A/TNFRSF13C/CD79A/RASGRP1/IFNB1/CTPS1/SLC11A1/VAV3/GAL/CTLA4/CR2/FADD/IL12RB2/FCRL3",52
"GO:0051952","regulation of amine transport","20/2849","67/18842",0.298507462686567,1.97419361598466,3.37152153927833,0.00162193178934843,0.0319503122374873,0.0319503122374873,"GRM5/SYT1/SLC18A3/ABAT/SLC7A5/STX1A/SLC17A8/CHRNA6/PNOC/OPRK1/ADORA2A/CARTPT/RGS4/CHGA/GDNF/GHSR/NTSR1/SYT4/CHRNA4/KMO",20
"GO:0015813","L-glutamate transmembrane transport","11/2849","28/18842",0.392857142857143,2.59817981246553,3.57188375975625,0.00163566723700873,0.0319915556391459,0.0319915556391459,"SLC7A13/SLC25A22/SLC1A4/TTYH3/SLC1A6/SLC1A2/SLC17A8/SLC1A1/SLC7A11/NTSR1/PRAF2",11
"GO:0099505","regulation of presynaptic membrane potential","11/2849","28/18842",0.392857142857143,2.59817981246553,3.57188375975625,0.00163566723700873,0.0319915556391459,0.0319915556391459,"GABRA5/GRIK4/GLRA1/KCNC2/HTR3A/KCNJ3/GRIN2D/GRIN3B/SCN1A/KCNC1/KCNJ11",11
"GO:0060986","endocrine hormone secretion","16/2849","49/18842",0.326530612244898,2.15952607789342,3.43015491460873,0.00165056336396114,0.0320547570612382,0.0320547570612382,"AGT/TACR3/INHA/FOXD1/SPP1/KISS1R/OPRK1/KISS1/RETN/WNK4/KCNK9/GDF9/RAB11FIP1/GAL/INHBA/UCN",16
"GO:1905144","response to acetylcholine","16/2849","49/18842",0.326530612244898,2.15952607789342,3.43015491460873,0.00165056336396114,0.0320547570612382,0.0320547570612382,"LY6E/RGS8/CDK5R1/CHRNA1/CHRNA5/CHRND/HRH3/CHRNG/CHRNA6/CHRNB4/LY6H/CHRNB3/PSCA/CHRNA9/CHRNA4/LYPD1",16
"GO:1903305","regulation of regulated secretory pathway","30/2849","116/18842",0.258620689655172,1.71040050350395,3.23923887927304,0.00179519816361166,0.034712738245214,0.034712738245214,"SYT9/CD177/UNC13D/STXBP2/SYT10/SYT1/NPY/RAB3A/PLA2G3/CSPG5/STX1A/SLC4A8/WNT7A/SYT17/VAMP8/CBARP/SYT7/RIMS1/SYT13/CACNA1B/BAIAP3/SYT4/HYAL3/DOC2A/RIMS2/PRKCG/CDK5/RIMS4/SYN1/SYT5",30
"GO:0050912","detection of chemical stimulus involved in sensory perception of taste","15/2849","45/18842",0.333333333333333,2.2045162045162,3.41434863206987,0.00180991624282054,0.034712738245214,0.034712738245214,"TAS2R46/TAS2R2/TAS2R38/CST2/GNAT1/TAS2R40/TAS2R30/CST4/CST1/TAS1R3/TAS2R50/TAS2R13/LPO/RTP3/TAS2R1",15
"GO:0021515","cell differentiation in spinal cord","8/2849","17/18842",0.470588235294118,3.1122581710817,3.67736889141554,0.00182309584135368,0.034712738245214,0.034712738245214,"FOXN4/LHX1/DRAXIN/MDGA2/MNX1/LHX5/ASCL1/TBX20",8
"GO:0051917","regulation of fibrinolysis","8/2849","17/18842",0.470588235294118,3.1122581710817,3.67736889141554,0.00182309584135368,0.034712738245214,0.034712738245214,"PLAU/VTN/PLG/PLAUR/F12/FAP/HRG/F2",8
"GO:0035270","endocrine system development","22/2849","77/18842",0.285714285714286,1.88958531815675,3.30135263139348,0.00182765156566752,0.034712738245214,0.034712738245214,"PROP1/SOX3/PDX1/BAK1/SOX2/CDH2/FOXA2/INSM1/STRA6/ARX/SIX3/GHRH/WT1/MNX1/TG/NKX6-1/PAX6/MDK/FOXI3/NKX2-5/TBX1/NEUROD1",22
"GO:0006813","potassium ion transport","51/2849","226/18842",0.225663716814159,1.49243796146451,3.14337207024034,0.00183089865419689,0.034712738245214,0.034712738245214,"KCNG1/KCNQ5/TRPM5/ATP4B/HCN4/KCNQ3/ATP1A3/SLC12A5/KCNS3/KCNJ10/KCNH1/KCNV1/CACNA1D/FXYD4/KCNK15/KCNK16/KCNF1/KCNH2/ACTN2/HCN2/SLC12A3/SLC24A5/KCNC2/KCNQ2/DPP10/KCNK1/OPRK1/KCNG2/KCNJ18/KCNH6/HPN/KCNK6/KCNG3/KCNK5/KCNG4/KCNJ4/KCNJ3/SLC24A2/RGS4/KCNK10/LRRC26/ATP1A4/SLC12A8/WNK4/KCNK9/KCNE4/KCNJ6/CNGA2/KCNC1/KCNJ11/SLC12A1",51
"GO:0001890","placenta development","19/2849","63/18842",0.301587301587302,1.99456228027657,3.33733081663885,0.00183795611887869,0.034712738245214,0.034712738245214,"HAND1/PHLDA2/PLK4/DCAF13/SPP1/ADAM19/WNT7B/E2F8/FBN2/NDP/CYP27B1/E2F7/GCM1/GHSR/TEX19/PLAC1/ASCL2/EOMES/PARP1",19
"GO:0015800","acidic amino acid transport","19/2849","63/18842",0.301587301587302,1.99456228027657,3.33733081663885,0.00183795611887869,0.034712738245214,0.034712738245214,"GIPC1/SLC7A13/SLC25A22/SLC1A4/TTYH3/ABAT/SLC1A6/SLC1A2/SLC17A8/SLC1A1/KCNK1/SLC7A11/ADORA2A/NTSR1/SYT4/NHERF1/PRAF2/KMO/SLC32A1",19
"GO:0050731","positive regulation of peptidyl-tyrosine phosphorylation","17/2849","54/18842",0.314814814814815,2.08204308204308,3.36073591907837,0.00187743957107651,0.0353370132967003,0.0353370132967003,"IL31RA/IFNG/SRCIN1/IL18/DOK7/CD80/IL11/FGFR3/IL21/TNFRSF18/IFNL1/OSM/LACRT/FLT3/IL20/PARP9/IL2RG",17
"GO:0046887","positive regulation of hormone secretion","34/2849","137/18842",0.248175182481752,1.64131863401936,3.17971735272206,0.00197946134698886,0.0371301008977843,0.0371301008977843,"TACR3/TRPM5/INHA/PDX1/TRPA1/ILDR1/SPP1/ABAT/PLA2G3/NMU/SCT/CAMP/VAMP8/KISS1R/SLC30A8/KISS1/ALDOA/GHRH/CACNG4/SOX11/MYB/RETN/CARTPT/BAIAP3/FGB/NKX6-1/TFR2/GAL/INHBA/FGG/BLK/UCN/NEUROD1/UCN3",34
"GO:0007369","gastrulation","32/2849","127/18842",0.251968503937008,1.66640594987052,3.18038020323285,0.00203642792424961,0.0380687342574008,0.0380687342574008,"LBX2/MMP9/LHX1/APOA1/MMP8/SOX2/HOXA11/VTN/FOXA2/COL5A2/WNT3A/SCX/TRIM15/DKK1/SIX2/MACROH2A1/OTX2/HMGA2/MESP2/FN1/COL5A1/CFC1/CFC1B/COL12A1/MMP14/INHBA/PAX2/COL11A1/COL8A1/EOMES/ZIC3/TBX20",32
"GO:0032252","secretory granule localization","9/2849","21/18842",0.428571428571429,2.83437797723512,3.54985291315975,0.00212337895283046,0.039293234763489,0.039293234763489,"CADPS/KIF1A/STXBP2/RAB3A/TRIM46/TANC2/UNC13A/BAIAP3/SYT4",9
"GO:0032253","dense core granule localization","9/2849","21/18842",0.428571428571429,2.83437797723512,3.54985291315975,0.00212337895283046,0.039293234763489,0.039293234763489,"CADPS/KIF1A/STXBP2/RAB3A/TRIM46/TANC2/UNC13A/BAIAP3/SYT4",9
"GO:0040020","regulation of meiotic nuclear division","9/2849","21/18842",0.428571428571429,2.83437797723512,3.54985291315975,0.00212337895283046,0.039293234763489,0.039293234763489,"DMRT1/ZWINT/TRIP13/RAD51AP1/STRA8/HORMAD1/MEIOSIN/FBXO43/KNL1",9
"GO:0007346","regulation of mitotic cell cycle","98/2849","492/18842",0.199186991869919,1.31733285391822,3.01032084175479,0.00216932790904966,0.0400088127118689,0.0400088127118689,"KIF14/TICRR/BRINP2/DLGAP5/KNTC1/CCND1/ANLN/UBD/FOXM1/DMRT1/RAD21/RPRM/BUB3/NUF2/EME1/ORC1/TEX14/UBE2C/AURKB/SKA1/CCNE2/RCC2/SCRIB/RRM2/CKS2/BIRC5/HASPIN/TTLL12/CDKN2D/BARD1/ZWILCH/TTK/CDC6/PSME2/CDC25B/DPF1/ZWINT/RCC1/PLK1/MUC1/TRIP13/MAD2L1/SKA3/CENPE/PKMYT1/SPC25/STIL/NEK2/TM4SF5/CLSPN/ESPL1/TIMELESS/BRINP3/FOXA1/NDC80/EME2/CDK1/MKI67/EIF4EBP1/CDC25A/CDCA2/CDC7/GEN1/SPC24/CDCA8/ACTL6B/CENPF/E2F7/CDC25C/BUB1B/CDKN2A/AURKA/CCNE1/CCNB1/FBXO43/EPGN/NHERF1/PHOX2B/ANAPC11/KNL1/INHBA/CHEK1/MCIDAS/DONSON/PSMB3/DBF4/GPR132/BUB1/MTBP/FANCD2/E2F1/HUS1B/TERT/BRCA1/CDC20/BLM/BRSK1/DTL",98
"GO:0007271","synaptic transmission, cholinergic","12/2849","33/18842",0.363636363636364,2.40492676856313,3.40926715775089,0.00221781049017279,0.0406302881799655,0.0406302881799655,"SLC18A3/CHRNA1/CHRNA5/CHRND/CHRNG/CHRNA6/CHRNB4/ADORA2A/CHRNB3/ANXA9/CHRNA9/CHRNA4",12
"GO:0031338","regulation of vesicle fusion","12/2849","33/18842",0.363636363636364,2.40492676856313,3.40926715775089,0.00221781049017279,0.0406302881799655,0.0406302881799655,"SYT9/SYT1/ABCA3/RAB3A/CPLX2/SYT7/PRRT2/SYT13/SYT4/DOC2A/CPLX4/SYT5",12
"GO:0003338","metanephros morphogenesis","10/2849","25/18842",0.4,2.64541944541945,3.47459882231747,0.002260502780109,0.041002387060987,0.041002387060987,"LHX1/WNT7B/FOXJ1/KIF26B/SIX2/BASP1/WT1/GDNF/STAT1/PAX2",10
"GO:0010714","positive regulation of collagen metabolic process","10/2849","25/18842",0.4,2.64541944541945,3.47459882231747,0.002260502780109,0.041002387060987,0.041002387060987,"MIR149/AMELX/SCX/CREB3L1/SERPINB7/CBX8/MYB/INHBA/UCN/F2",10
"GO:0040019","positive regulation of embryonic development","10/2849","25/18842",0.4,2.64541944541945,3.47459882231747,0.002260502780109,0.041002387060987,0.041002387060987,"LHX1/NLRP2/FOXA2/WNT3A/SCX/NLRP7/OTX2/TLE6/PADI6/CFL1",10
"GO:0031629","synaptic vesicle fusion to presynaptic active zone membrane","11/2849","29/18842",0.379310344827586,2.50858740513913,3.4314184302964,0.00227912740525951,0.0410055777553461,0.0410055777553461,"SYT9/SYT1/RAB3A/CPLX2/SYT7/PRRT2/SYT13/SYT4/DOC2A/CPLX4/SYT5",11
"GO:0099500","vesicle fusion to plasma membrane","11/2849","29/18842",0.379310344827586,2.50858740513913,3.4314184302964,0.00227912740525951,0.0410055777553461,0.0410055777553461,"SYT9/SYT1/RAB3A/CPLX2/SYT7/PRRT2/SYT13/SYT4/DOC2A/CPLX4/SYT5",11
"GO:0021537","telencephalon development","42/2849","180/18842",0.233333333333333,1.54316134316134,3.09043237220562,0.00229744326137249,0.0410055777553461,0.0410055777553461,"KIF14/ARHGAP11B/CNTNAP2/LHX1/ROBO2/RARA/COL3A1/MFSD2A/NPY/CDK5R1/LRP8/DRAXIN/EZH2/EPHB2/NCAPG2/WDR62/PLXNA3/HTR6/RTN4RL2/SCT/SLC2A1/NEFL/SIX3/RTN4R/MBOAT7/PAX6/SALL3/TACC3/MDK/INHBA/ZIC1/SRD5A2/EFNA2/KCNC1/CFL1/EOMES/NEUROD1/TBR1/ZIC3/SMC4/SLC32A1/FEZF1",42
"GO:0045064","T-helper 2 cell differentiation","7/2849","14/18842",0.5,3.30677430677431,3.64418368391541,0.00230544460087372,0.0410055777553461,0.0410055777553461,"RARA/TNFSF4/IL18/MYB/BATF/ASCL2/GATA3",7
"GO:0048791","calcium ion-regulated exocytosis of neurotransmitter","7/2849","14/18842",0.5,3.30677430677431,3.64418368391541,0.00230544460087372,0.0410055777553461,0.0410055777553461,"STXBP2/SYT1/RAB3A/SYT7/CACNA1B/RIMS2/CDK5",7
"GO:0070141","response to UV-A","7/2849","14/18842",0.5,3.30677430677431,3.64418368391541,0.00230544460087372,0.0410055777553461,0.0410055777553461,"MMP9/CCND1/TIMP1/CERS1/OPN3/MMP1/MMP3",7
"GO:0032196","transposition","15/2849","46/18842",0.326086956521739,2.15659193920063,3.31481724565038,0.0023156959273721,0.0410550477962486,0.0410550477962486,"MAEL/TDRD12/TEX15/APOBEC3A/TDRD1/ZNF93/C19orf84/SPOCD1/APOBEC3H/ASZ1/TEX19/PIWIL1/DNMT3L/PGBD5/APOBEC3B",15
"GO:2000243","positive regulation of reproductive process","20/2849","69/18842",0.289855072463768,1.91697061262279,3.22067093170905,0.00239436123642388,0.0423132133613687,0.0423132133613687,"TACR3/RNASE10/CDC25B/CIB1/RAD51AP1/GLRA1/STRA8/CDC25A/ZP4/MEIOSIN/WT1/RETN/PLA2G10/CDC25C/CCDC87/CACNA1H/HYAL3/KNL1/INHBA/MAPK15",20
"GO:0002791","regulation of peptide secretion","43/2849","186/18842",0.231182795698925,1.52893865797092,3.05974860423135,0.0024751776347502,0.0436012060275228,0.0436012060275228,"MTNR1B/TRPM5/PDX1/TRPA1/ILDR1/SLC25A22/BRSK2/ABAT/FOXA2/IFNG/KCNK16/STX1A/ABCA12/NMU/SCT/CAMP/CCL5/SLC30A8/SYT7/ALDOA/GHRH/HTR2C/CACNG4/SSTR5/CARTPT/BAIAP3/FGB/BMP8A/NKX6-1/TFR2/PYY/CHGA/HNF4A/GHSR/GIP/FGG/PASK/BLK/UQCC2/UCN/KCNJ11/NEUROD1/UCN3",43
"GO:0048525","negative regulation of viral process","21/2849","74/18842",0.283783783783784,1.87681784979082,3.18969733563525,0.00251317765875465,0.0439886127787119,0.0439886127787119,"ISG20/BST2/ISG15/OAS2/APOBEC3A/TRIM11/IFIT1/RSAD2/TRIM15/CCL5/HMGA2/IFITM1/OAS1/MX1/APOBEC3H/IFNB1/STAT1/OAS3/IFNL3/OASL/APOBEC3B",21
"GO:1902750","negative regulation of cell cycle G2/M phase transition","21/2849","74/18842",0.283783783783784,1.87681784979082,3.18969733563525,0.00251317765875465,0.0439886127787119,0.0439886127787119,"TICRR/RAD21/ORC1/AURKB/BARD1/CDC6/PLK1/PKMYT1/CLSPN/MACROH2A1/CDK1/CDC7/CHEK1/DONSON/DBF4/GPR132/HUS1B/BRCA1/BLM/BRSK1/DTL",21
"GO:0040029","epigenetic regulation of gene expression","72/2849","346/18842",0.208092485549133,1.37622976929335,2.98116166566722,0.00257271171887962,0.0448876939903568,0.0448876939903568,"DNMT1/H3Y1/H3C15/SDR16C5/H2AC8/H3C7/APOBEC1/MAEL/H3C1/H2AX/DCAF13/ATAD2/H2AC12/TDRD12/H3C3/H2AC13/TEX15/H3C11/APOBEC3A/H3C14/H2AC16/H3C12/EZH2/H2AC21/H2AZ1/CDKN2B-AS1/LHX2/H2AC11/H3C2/CENPA/PCGF2/SAMD1/H3Y2/H2AC6/OIP5/H3C13/TDRD1/H2AC17/HDAC11/H2AJ/UHRF1/MACROH2A1/CBX8/H2AP/H2AC4/HELLS/HMGA2/TLE6/EPOP/H3C10/WT1/H2AC25/MIS18A/C19orf84/SPOCD1/H3C8/PADI6/H3-4/PIWIL1/H2AL3/CBX2/H3C6/H2AC7/DNMT3L/H2AC20/CHEK1/CBX4/BRCA1/LMNB2/EZHIP/LMNB1/H1-2",72
"GO:1902850","microtubule cytoskeleton organization involved in mitosis","38/2849","160/18842",0.2375,1.5707177957178,3.05986983929328,0.0026049189348935,0.0453058052727046,0.0453058052727046,"CENPH/PSRC1/TPX2/DLGAP5/KIFC1/GPSM2/SAPCD2/KIF4A/NUF2/AURKB/PRC1/BIRC5/RACGAP1/TTK/KIF23/RCC1/PLK1/CENPA/WDR62/CENPE/SPC25/STIL/ESPL1/KIF11/NDC80/UHRF1/CDK1/CDCA8/STMN1/AURKA/CCNB1/TUBG1/KIF15/KIF4B/MISP/TACC3/FSD1/FAM110A",38
"GO:0072078","nephron tubule morphogenesis","16/2849","51/18842",0.313725490196078,2.07483878072113,3.24404373190462,0.00262667437493981,0.045540070551007,0.045540070551007,"AGT/LHX1/MAGED1/FOXD1/HOXA11/HS3ST3A1/SHH/KIF26B/SIX2/WT1/NPNT/SIX4/GDNF/WNK4/PAX2/GATA3",16
"GO:0033313","meiotic cell cycle checkpoint signaling","6/2849","11/18842",0.545454545454545,3.6073901528447,3.65089130038132,0.0027623341888192,0.0470341629657293,0.0470341629657293,"TTK/ZWINT/TRIP13/HORMAD1/KNL1/HUS1B",6
"GO:0033605","positive regulation of catecholamine secretion","6/2849","11/18842",0.545454545454545,3.6073901528447,3.65089130038132,0.0027623341888192,0.0470341629657293,0.0470341629657293,"GRM5/SYT1/STX1A/OPRK1/CARTPT/GDNF",6
"GO:0042436","indole-containing compound catabolic process","6/2849","11/18842",0.545454545454545,3.6073901528447,3.65089130038132,0.0027623341888192,0.0470341629657293,0.0470341629657293,"TDO2/IDO2/IDO1/ACMSD/IL4I1/KMO",6
"GO:0071492","cellular response to UV-A","6/2849","11/18842",0.545454545454545,3.6073901528447,3.65089130038132,0.0027623341888192,0.0470341629657293,0.0470341629657293,"MMP9/TIMP1/CERS1/OPN3/MMP1/MMP3",6
"GO:0072283","metanephric renal vesicle morphogenesis","6/2849","11/18842",0.545454545454545,3.6073901528447,3.65089130038132,0.0027623341888192,0.0470341629657293,0.0470341629657293,"LHX1/KIF26B/SIX2/GDNF/STAT1/PAX2",6
"GO:0001658","branching involved in ureteric bud morphogenesis","13/2849","38/18842",0.342105263157895,2.26252978884558,3.28807368738483,0.0027641984421271,0.0470341629657293,0.0470341629657293,"AGT/LHX1/MAGED1/FOXD1/HOXA11/HS3ST3A1/SHH/SIX2/WT1/NPNT/SIX4/GDNF/PAX2",13
"GO:0043588","skin development","52/2849","236/18842",0.220338983050847,1.45722257586664,2.98325508787411,0.00284207037584527,0.0478407927957881,0.047840792795788,"COL1A1/LSR/KRT2/KRT16/ASCL4/CDH11/COL3A1/ALOXE3/KRT73/UGCG/ZBED2/TNFSF13B/SPRR1A/KRT75/CDSN/S100A7/COL5A2/IL18/ABCA12/EVPL/CYSRT1/KRT36/GRHL3/IVL/KRT86/CYP27B1/MACROH2A1/SLC2A10/KRT78/LORICRIN/SPRR1B/KRT81/COL5A1/KRT3/PLA2G10/ST14/LCE1B/IL20/PKP3/OPN3/CASP14/KRT1/GAL/INHBA/KRT6A/TMEM79/DLX3/KRT72/FOXI3/COL1A2/KRT85/CNFN",52
"GO:0021517","ventral spinal cord development","8/2849","18/18842",0.444444444444444,2.93935493935494,3.47432808394557,0.00284983783039919,0.0478407927957881,0.047840792795788,"FOXN4/LHX1/LRP8/MDGA2/MNX1/PAX6/ASCL1/TBX20",8
"GO:0045842","positive regulation of mitotic metaphase/anaphase transition","8/2849","18/18842",0.444444444444444,2.93935493935494,3.47432808394557,0.00284983783039919,0.0478407927957881,0.047840792795788,"DLGAP5/UBE2C/SKA1/PLK1/SKA3/ESPL1/ANAPC11/CDC20",8
"GO:0051447","negative regulation of meiotic cell cycle","8/2849","18/18842",0.444444444444444,2.93935493935494,3.47432808394557,0.00284983783039919,0.0478407927957881,0.047840792795788,"DMRT1/TTK/ZWINT/TRIP13/PKMYT1/HORMAD1/FBXO43/KNL1",8
"GO:0090276","regulation of peptide hormone secretion","42/2849","182/18842",0.230769230769231,1.52620352620353,3.01069567808292,0.00285512737209215,0.0478407927957881,0.047840792795788,"MTNR1B/TRPM5/PDX1/TRPA1/ILDR1/SLC25A22/BRSK2/ABAT/FOXA2/IFNG/KCNK16/STX1A/ABCA12/NMU/SCT/CAMP/CCL5/SLC30A8/SYT7/ALDOA/GHRH/HTR2C/CACNG4/SSTR5/CARTPT/BAIAP3/FGB/BMP8A/NKX6-1/TFR2/CHGA/HNF4A/GHSR/GIP/FGG/PASK/BLK/UQCC2/UCN/KCNJ11/NEUROD1/UCN3",42
"GO:1901976","regulation of cell cycle checkpoint","17/2849","56/18842",0.303571428571429,2.00768440054154,3.18738570681699,0.00289520889377787,0.0483649485720462,0.0483649485720462,"RAD51/WDR76/AURKB/SKA1/BIRC5/BARD1/ZWINT/MAD2L1/SKA3/NDC80/GEN1/CDCA8/CCNB1/KNL1/TELO2/BRCA1/BRCA2",17
"GO:0070588","calcium ion transmembrane transport","66/2849","314/18842",0.210191082802548,1.39010894424907,2.94218306603104,0.0029454858968213,0.049055728754333,0.049055728754333,"GRIN2C/TRPM5/CACNA1I/CATSPER1/TOR2A/TRPA1/P2RY6/CXCL10/TRPM8/CACNA2D2/CACNA1D/MS4A1/ATP2A1/P2RX5/CEMIP/CALHM3/KCNK16/EPO/ATP2B3/WNT3A/CXCR3/MCOLN2/CCL19/AKAP5/CACNG6/CCR7/SLC24A5/TRPC7/CACNG5/PANX3/CXCL9/JPH3/CBARP/SLC8A2/FAIM2/CALHM1/ANO9/ORAI2/CACNA1E/CACNB3/LACRT/HTR2C/CACNG4/CXCL11/CACNA1B/CD19/SLC24A2/GRIN2D/CALCA/ATP2A3/P2RX2/CNGA3/CACNA1H/GRIN3B/NTSR1/NALF1/CACNG1/CHRNA9/JPH1/NALF2/TRPM2/CNGA2/GRIN1/ATP2C2/SLN/F2",66
"GO:0051938","L-glutamate import","12/2849","34/18842",0.352941176470588,2.33419362831128,3.28639864997363,0.00296220231643224,0.0491850874051709,0.0491850874051709,"SLC7A13/SLC25A22/SLC1A4/TTYH3/SLC1A6/SLC1A2/SLC17A8/SLC1A1/SLC7A11/NTSR1/PRAF2/KMO",12
"GO:0003341","cilium movement","57/2849","264/18842",0.215909090909091,1.42792526883436,2.95531410869936,0.00297487352913041,0.0492467015545202,0.0492467015545202,"CFAP45/DNAI1/TACR3/CFAP47/CFAP90/CATSPER1/CFAP276/SPAG6/RIBC1/PIERCE1/CFAP157/ODAD1/RNASE10/CFAP141/DNAAF11/ARMC3/RSPH1/SPEM1/CFAP107/DNAH8/DNAH11/ENKUR/SORD/CAMSAP3/CABYR/DYDC1/ODAD3/RIBC2/ROPN1L/CFAP144/DRC7/TLE6/DNAAF6/CFAP77/TEKT1/TEKT5/DNAH14/CFAP61/CIMIP2C/SPEF1/LRRC46/CFAP73/SPMIP9/NME8/TEKT4/DRC10/ATP1A4/CFAP221/NHERF1/SEMG2/SEPTIN12/GAPDHS/YIF1B/PSMB3/DNAH3/CFAP65/CATSPERQ",57
